name,country,city,employees,bucket,source,specialty,build_signal,source_url,oncology_tags,tier,score,score_breakdown,exclusion_reason,growth_12m_pct,growth_3m_pct,follower_growth_12m_pct,last_funding_round,last_funding_date,total_investment_usd,role_eng_pct,role_ops_pct,role_research_pct,role_qa_pct,rev_lower_usd,rev_higher_usd,founded_year,acquisition_status,ipo_date,follower_count,linkedin_id_resolved
AbbVie Deutschland GmbH,DEU,Ludwigshafen am Rhein,"~2,800","originator_pharma,sterile_generics",research,"Immunology (Humira/adalimumab biologics), neuroscience",EUR 200M Ludwigshafen biologic + sterile fill expansion 2024–26,https://www.abbvie.de/newsroom.html,,Tier 1,9,industry=3/3 capability=2/2 size=2/2 trigger=2/2,,,,,,,,,,,,,,,,,,
Siegfried,CHE,Zofingen,2187,"cdmo_classic,originator_pharma,sterile_generics,vaccines",crustdata+research+research+research,Pharmaceutical Manufacturing / Siegfried is a leading CDMO with 13 production sites on three continents. With o,CHF 110M Hameln sterile capacity expansion 2024–26; Zofingen API + fill-finish,http://www.siegfried.ch,,Tier 1,9,industry=3/3 capability=2/2 size=2/2 trigger=2/2,,4.491161012900143,1.9105312208760483,31.409975935243928,,,0,,,,,500000000,1000000000,,,1995-04-07,48054,50322
NovaSep (now Axplora) Leverkusen,DEU,Leverkusen,~700,atmp_cell_gene,research,"Plasmid DNA, viral vector chromatography",Leverkusen pDNA capacity expansion 2024,https://www.axplora.com/news,,Tier 1,9,industry=3/3 capability=2/2 size=2/2 trigger=2/2,,0.0,0.0,0.0,,,,,,,,0,0,,,,17,29634465
Sintetica,CHE,Mendrisio + Couvet,~300,"originator_pharma,sterile_generics",research,"Sterile injectables (anaesthesia, pain, ICU)",CHF 80M Mendrisio Pod-2 sterile expansion 2024–25; Couvet BFS line,https://sintetica.com/sintetica,,Tier 1,9,industry=3/3 capability=2/2 size=2/2 trigger=2/2,,-4.848484848484849,0.964630225080386,13.453880099020557,,,0,,,,,50000000,100000000,1921,acquired,,21082,1118154
Richter-Helm BioLogics,DEU,"Hamburg, Bovenau",~250,"atmp_cell_gene,sterile_generics",research,"Plasmid DNA, microbial, mRNA inputs",Bovenau pDNA expansion (EUR 70M) commissioning 2025,https://www.richter-helm.eu/en/news,,Tier 1,9,industry=3/3 capability=2/2 size=2/2 trigger=2/2,,,,,,,,,,,,,,,,,,
Vienna BioCenter / Marinomed-aligned mRNA pilot (ACIB),AUT,Vienna/Graz,~250 (network),atmp_cell_gene,research,"mRNA process dev, viral vector PD",ACIB mRNA pilot line operational 2024; viral-vector PD expansion 2025,https://www.acib.at/news,,Tier 1,9,industry=3/3 capability=2/2 size=2/2 trigger=2/2,,-6.7357512953367875,-3.225806451612903,15.300445103857566,,,0,,,,,50000000,100000000,2010,,,12434,1164118
CSL Behring GmbH,DEU,"Marburg, Hattersheim","~3,800 (Marburg)","atmp_cell_gene,originator_pharma,plasma_fractionation",research,"Plasma-derived therapies (immunoglobulins, albumin, factor VIII)","""Protinus"" CHF 250 M (2 IgG lines, 90 k patients/yr extra capacity); 2025 announced Swiss workforce reduction shifting some volume; FY24 group capex USD 849 M",https://www.cslbehring.com/newsroom,,Tier 1,8,industry=3/3 capability=2/2 size=1/2 trigger=2/2,,0.0,0.0,20.796100731112915,seed,2016-06-06,7000000,,,,,500000,1000000,2016,acquired,,1487,10792499
Octapharma,CHE,Lachen,2925,"originator_pharma,plasma_fractionation,specialty_orphan,sterile_generics",crustdata+research+research+research+research+research,"Pharmaceutical Manufacturing / Family-owned since 1983, Octapharma is a global healthcare company headquartered",EUR 400M Vienna plasma-fractionation + sterile-fill expansion 2024–26 (largest in EU),http://www.octapharma.com,,Tier 1,8,industry=3/3 capability=1/2 size=2/2 trigger=2/2,,6.790799561883899,1.6330785267546908,19.604339502233568,,,0,,,,,1000000000,1000000000000,1983,,,65597,16370
Bachem,CHE,Bubendorf,2006,"atmp_cell_gene,originator_pharma,vaccines",crustdata+research+research+research,"Pharmaceutical Manufacturing / The Swiss-based Bachem Group is a public, innovation-driven company specializing",Sisseln (CH) and Vista (US) oligonucleotide expansions 2024–25 supporting mRNA caps,https://bit.ly/2WiI0YG,,Tier 1,8,industry=3/3 capability=2/2 size=2/2 trigger=1/2,,13.52574985851726,2.4514811031664965,35.41477307156274,post_ipo_debt,2026-04-27,636670975,,,,,500000000,1000000000,1971,,1998-06-19,44695,73003
"Hexal AG (Sandoz Group, originator-adjacent)",DEU,"Holzkirchen, Barleben","~2,000",originator_pharma,research,Generics + originator fill-finish for Sandoz biosimilars,EUR 100M Barleben sterile expansion 2024,https://www.hexal.de/presse,,Tier 1,8,industry=2/3 capability=2/2 size=2/2 trigger=2/2,,-2.797202797202797,-1.4184397163120568,0.0,,,,,,,,0,0,,,,2,73385577
Lonza Cell & Gene Therapy,CHE,Visp + Basel,"~2,000 (CGT div)",atmp_cell_gene,research,"CAR-T, TCR-T, iPSC, viral vector CDMO",Visp Ibex Solutions pDNA + mRNA expansion (CHF 500M) ongoing 2024–26; Geneva viral-vector buildout,https://www.lonza.com,oncology_celltherapy,Tier 1,8,industry=3/3 capability=2/2 size=2/2 trigger=1/2,,0.0,0.0,0.0,,,,,,,,0,0,,,,3,33387754
Corden Pharma - A Full-Service CDMO,CHE,Basel,1863,"cdmo_classic,oncology_hpapi,originator_pharma",crustdata,Pharmaceutical Manufacturing / CordenPharma is your full-service partner in the Contract Development & Manufact,7.315668202764977% growth,https://www.cordenpharma.com,"cytostatika_hpapi,oncology_general",Tier 1,8,industry=3/3 capability=2/2 size=2/2 trigger=1/2,,7.315668202764977,0.7027027027027027,38.510914346846334,,,0,,,,,500000000,1000000000,2006,acquired,,60852,1331758
Boehringer Ingelheim BioXcellence,AUT,Vienna,"~1,800 (Vienna)",atmp_cell_gene,research,"Viral vector (lentivirus, AAV), microbial, mAb",Vienna viral-vector ATMP facility (EUR 700M biotech expansion incl. mRNA pilot) operational 2024,https://www.boehringer-ingelheim.com/biopharmaceuticals,,Tier 1,8,industry=3/3 capability=2/2 size=2/2 trigger=1/2,,0.0,0.0,0.0,,,,,,,,0,0,,,,16,97163097
SCHOTT Pharma,DEU,Mainz,1195,"cdmo_classic,oncology_hpapi,originator_pharma,vaccines",crustdata+research,Pharmaceutical Manufacturing / Human health matters. That is why SCHOTT Pharma designs solutions grounded in sc,7.949412827461607% growth,https://www.schott-pharma.com,cytostatika_hpapi,Tier 1,8,industry=3/3 capability=2/2 size=2/2 trigger=1/2,,7.949412827461607,2.4871355060034306,33.106823693927936,,,0,,,,,0,0,2022,,,60919,10909015
Biotest GmbH & Co. KGaA,DEU,Dreieich,1060,"oncology_hpapi,originator_pharma,plasma_fractionation,specialty_orphan",crustdata+research,"Pharmaceutical Manufacturing / At Biotest, we develop and produce life-saving medicines for seriously ill peopl",9.165808444902163% growth,http://www.biotest.de,,Tier 1,8,industry=3/3 capability=2/2 size=2/2 trigger=1/2,,9.165808444902163,2.021174205967276,22.395493625852357,,,0,,,,,500000000,1000000000,1946,acquired,,20642,796658
Takeda Linz,AUT,Linz,"~1,000",plasma_fractionation,research,"Biologics (oncology + plasma-derived fill/finish), prefilled syringe filling",beePFS Prefilled Syringe project — 2024 ISPE FOYA Operations winner; ongoing biologics line expansion,https://ispe.org/facility-year-awards/winners/2024/operations,oncology_general,Tier 1,8,industry=3/3 capability=2/2 size=2/2 trigger=1/2,,,,,,,,,,,,,,,,,,
Rentschler Biopharma,DEU,Laupheim,898,"cdmo_classic,sterile_generics,vaccines",crustdata+research+research+research,Biotechnology Research / Rentschler Biopharma is a leading contract development and manufacturing organiz,€150M Laupheim expansion + Milford US 2024,http://www.rentschler-biopharma.com,,Tier 1,8,industry=3/3 capability=2/2 size=2/2 trigger=1/2,,4.29732868757259,0.5599104143337066,17.540903026472858,series_a,2016-05-18,1600000,,,,,500000000,1000000000,1927,,,33478,2408523
Pfizer Illertissen (BioNTech-comirnaty + injectables),DEU,Illertissen,800,sterile_generics,research,,Cytotoxic line expansion EUR 40M,pfizer.de,cytostatika_hpapi,Tier 1,8,industry=3/3 capability=2/2 size=2/2 trigger=1/2,,,,,,,,,,,,,,,,,,
CARBOGEN AMCIS,CHE,Bubendorf,735,"oncology_hpapi,originator_pharma",crustdata,Pharmaceutical Manufacturing / CARBOGEN AMCIS leverages its world-class chemistry skills to provide seamless dr,2.083333333333333% growth,https://www.carbogen-amcis.com,"adc,cytostatika_hpapi",Tier 1,8,industry=3/3 capability=2/2 size=2/2 trigger=1/2,,2.083333333333333,1.9417475728155338,23.51920156216099,,,0,,,,,500000000,1000000000,1982,,,17079,140405
Wacker Biotech,DEU,Halle / Jena / Amsterdam,~700 (biotech div.),"atmp_cell_gene,vaccines",research,"Live viral vaccines, pDNA for mRNA backbones; CordenPharma group",Halle mRNA suite operational 2024; pDNA capacity scale-up at Jena 2025,https://www.wacker.com/cms/en-us/about-wacker/wacker-facts/businesses/biosolutions/biosolutions.html,,Tier 1,8,industry=3/3 capability=2/2 size=2/2 trigger=1/2,,50.0,0.0,0.0,,,,,,,,500000,1000000,,,,1,4602487
Kite Pharma EU (Gilead),DEU,Hochstadt (Bavaria),~600,atmp_cell_gene,research,"Autologous CAR-T (Yescarta, Tecartus) commercial",2024 vector facility expansion; 2025 capacity doubling,https://www.kitepharma.com,oncology_celltherapy,Tier 1,8,industry=3/3 capability=2/2 size=2/2 trigger=1/2,,0.0,0.0,0.0,,,,,,,,50000000,100000000,,,,88,332149
Richter Pharma AG,AUT,Wels,~520 (Wels site),veterinary_pharma,research,"Vet sterile injectables (CDMO global #1 in horse + small animal sterile), generics",Wels mega-expansion 2023-2026 EUR 80 m (new sterile suite + warehouse),https://www.richter-pharma.at,,Tier 1,8,industry=2/3 capability=2/2 size=2/2 trigger=2/2,,11.320754716981133,3.508771929824561,21.85720543144985,,,0,,,,,50000000,100000000,1918,,,2782,18209501
Polpharma Biologics,CHE,Zug,517,cdmo_classic,crustdata,Biotechnology Research / Polpharma Biologics is a biopharmaceutical company headquartered in Switzerland ,-50.808753568030454% growth,https://www.polpharmabiologics.com/,,Tier 1,8,industry=3/3 capability=2/2 size=2/2 trigger=1/2,,-50.808753568030454,-4.436229205175601,23.299226994258586,,,0,,,,,500000000,1000000000,1935,,,38441,18949263
IDT Biologika,DEU,Dessau,495,"atmp_cell_gene,cdmo_classic,vaccines",crustdata+research+research+research,"Pharmaceutical Manufacturing / IDT Biologika is your full-service CDMO for viral vaccines, cell & gene therapeu",EUR 100M+ Dessau viral-vector expansion completed 2024; mRNA drug-product line online 2025,https://idt-biologika.com,,Tier 1,8,industry=3/3 capability=2/2 size=2/2 trigger=1/2,,1.0204081632653061,0.8146639511201629,0.0,grant,2026-02-26,15244047,,,,,500000000,1000000000,1921,acquired,,14705,359375
Biosynth,CHE,Thal,410,"oncology_hpapi,vaccines",crustdata,"Pharmaceutical Manufacturing / Critical Raw Materials and Services for Diagnostics, Vaccines and Pharmaceutical",-5.092592592592593% growth,https://www.biosynth.com,adc,Tier 1,8,industry=3/3 capability=2/2 size=2/2 trigger=1/2,,-5.092592592592593,-1.6786570743405276,40.85243784307394,,,0,,,,,500000000,1000000000,1966,acquired,,43622,9444277
Minaris Regenerative Medicine (ex-Eufets),DEU,Idar-Oberstein,~350,atmp_cell_gene,research,"CAR-T, TCR-T, MSC, dendritic cell CDMO",2024 expansion of fill/finish + cryostorage; serving Adaptimmune/Medigene,https://www.minaris-rm.com,oncology_celltherapy,Tier 1,8,industry=3/3 capability=2/2 size=2/2 trigger=1/2,,-9.090909090909092,5.263157894736842,0.0,,,,,,,,20000000,50000000,2007,,,2054,8848596
Celonic Group,CHE,Basel,344,cdmo_classic,crustdata,Pharmaceutical Manufacturing / Celonic is a “Pure Play” Biologics Contract Development Manufacturing Organizati,6.5015479876160995% growth,http://www.celonic.com,,Tier 1,8,industry=3/3 capability=2/2 size=2/2 trigger=1/2,,6.5015479876160995,1.4749262536873156,26.48532569792412,,,0,,,,,50000000,100000000,1982,,,12369,560173
ADC Therapeutics,CHE,Lausanne,282,"atmp_cell_gene,late_stage_biotech,oncology_hpapi",crustdata,Biotechnology Research / ADC Therapeutics is a commercial-stage global pioneer in the field of antibody d,-11.598746081504702% growth,http://www.adctherapeutics.com,"adc,oncology_general,radiopharma",Tier 1,8,industry=3/3 capability=2/2 size=2/2 trigger=1/2,,-11.598746081504702,-2.7586206896551726,15.759269424621989,post_ipo_equity,2025-10-13,1016552216,,,,,50000000,100000000,2011,,2020-05-14,23197,8297253
BioNTech IMFS,DEU,Idar-Oberstein,243,"atmp_cell_gene,cdmo_classic",crustdata,Biotechnology / BioNTech Innovative Manufacturing Services (IMFS) is a subsidary of BioNTech SE.,-6.896551724137931% growth,http://www.biontech-imfs.de,,Tier 1,8,industry=3/3 capability=2/2 size=2/2 trigger=1/2,,-6.896551724137931,1.6736401673640167,4.673117772008497,,,0,,,,,50000000,100000000,1997,,,13305,5371448
Cellex Cell Professionals,DEU,Cologne,224,"atmp_cell_gene,cdmo_classic",crustdata+research,Biotechnology Research / Cellex Cell Professionals is a full-service CDMO for cell therapyCellex supports,2024 expansion; spin-off Glycostem partnership,http://www.cellex.me,oncology_celltherapy,Tier 1,8,industry=3/3 capability=2/2 size=2/2 trigger=1/2,,0.0,0.0,48.78875968992248,,,0,,,,,20000000,50000000,2001,,,3071,13073361
Bavarian Nordic,DK,Martinsried (R&D),~200 (DE),"late_stage_biotech,specialty_orphan,vaccines",research,"Rare/serious infectious disease vaccines (mpox, smallpox – Imvanex/Jynneos)",Mfg in Kvistgård (DK) + Thörishaus (CH); fill/finish capex ongoing,https://www.bavarian-nordic.com/locations/martinsried.aspx,,Excluded,8,industry=3/3 capability=1/2 size=2/2 trigger=2/2,non_target_country,,,,,,,,,,,,,,,,,
Aldevron (Danaher) Halle/Saale,DEU,Halle (former Polymun-aligned site via Cytiva),~150 (DE),atmp_cell_gene,research,"pDNA, mRNA inputs",DE pDNA satellite expansion 2024 (Aldevron Fargo HQ),https://www.aldevron.com/news,,Tier 1,8,industry=3/3 capability=2/2 size=1/2 trigger=2/2,,-7.2392638036809815,-1.5625,32.72302076203514,private_equity,2019-01-01,0,,,,,500000000,1000000000,1998,acquired,,23269,151339
Polymun Scientific,AUT,Klosterneuburg,~140,"atmp_cell_gene,late_stage_biotech,vaccines",research,LNP manufacturing for mRNA vaccines (BioNTech partner),"Operational LNP/lipo GMP — supports BioNTech, Curevac historically; capex ongoing",https://www.polymun.com/,,Tier 1,8,industry=3/3 capability=2/2 size=1/2 trigger=2/2,,4.444444444444445,2.1739130434782608,24.121405750798722,,,0,,,,,10000000,20000000,1992,,,777,65174186
Fresenius Kabi,DEU,Bad Homburg,24186,"atmp_cell_gene,originator_pharma,specialty_orphan,sterile_generics",crustdata+research+research+research,"Pharmaceutical Manufacturing / As a global healthcare company, Fresenius Kabi is Committed to Life. The company",EUR 250M Friedberg sterile-fill expansion 2024–25; biosimilar fill-finish line,http://www.fresenius-kabi.com,oncology_general,Tier 1,7,industry=3/3 capability=2/2 size=0/2 trigger=2/2,,5.293861558554636,1.8400774769463977,21.63368716851307,,,0,,,,,1000000000,1000000000000,1999,,,488251,9711
Roche Diagnostics / Roche Pharma,DEU,"Penzberg, Mannheim","~8,500",originator_pharma,research,"Biologics (Avastin, Herceptin, MabThera), diagnostics reagents",EUR 700M Penzberg new biologics & fill-finish facility (commissioning 2024–2026),https://www.roche.com/media/releases/med-cor-2022-04-25,,Tier 1,7,industry=2/3 capability=2/2 size=1/2 trigger=2/2,,,,,,,,,,,,0,0,,,,,32864556
Sartorius,DEU,Göttingen,6826,"bioprocess_vendors,late_stage_biotech,vaccines",crustdata,Biotechnology Research / Sartorius is a leading international partner of biopharma research and manufactu,7.040928336208248% growth,http://www.sartorius.com,,Tier 1,7,industry=3/3 capability=2/2 size=1/2 trigger=1/2,,7.040928336208248,1.8805970149253732,26.22356617480022,post_ipo_debt,2023-09-07,3209472652,,,,,1000000000,1000000000000,,,1990-07-10,250035,15749
Vetter Pharma-Fertigung (originator-owned where exclusive),DEU,"Ravensburg, Langenargen","~6,500","bioprocess_vendors,originator_pharma,sterile_generics",research,NOTE: borderline CDMO; included only because of originator-owned biologics fill-finish JV,EUR 200M Ravensburg Schützenstrasse expansion + USA but DACH HQ; Langenargen lyo new build 2025,https://www.vetter-pharma.com/en/news,,Tier 1,7,industry=3/3 capability=2/2 size=1/2 trigger=1/2,,8.170515097690942,2.1812080536912752,36.0212641099106,,,0,,,,,1000000000,1000000000000,1950,,,39404,794599
Ferring Pharmaceuticals,CHE,Saint-Prex,6217,"atmp_cell_gene,originator_pharma,specialty_orphan",crustdata,"Pharmaceutical Manufacturing / Ferring Pharmaceuticals is a privately owned, research-driven, specialty biophar",1.0729962607706063% growth,http://www.ferring.com,oncology_general,Tier 1,7,industry=3/3 capability=2/2 size=1/2 trigger=1/2,,1.0729962607706063,-1.003184713375796,0.0,debt_financing,2023-03-17,530877573,,,,,1000000000,1000000000000,1950,,,350741,163789
Miltenyi Biotec,DEU,Bergisch Gladbach (HQ) + Teterow,"~5,000",atmp_cell_gene,research,"Autologous CAR-T, NK, gene-modified TILs (CliniMACS Prodigy platform)",2024: Teterow site expansion; 2025: new viral vector + cell therapy lines,https://www.miltenyibiotec.com,oncology_celltherapy,Tier 1,7,industry=3/3 capability=2/2 size=1/2 trigger=1/2,,9.368703828072531,2.260596546310832,0.0,,,0,,,,,500000000,1000000000,1989,,,122056,26033
Janssen-Cilag (Johnson & Johnson Innovative Medicine),DEU,"Schaffhausen (CH), Neuss (DE)","~3,800 (DACH)","originator_pharma,vaccines",research,"Oncology (Darzalex, Imbruvica), immunology, neuroscience",CHF 250M Schaffhausen biologics + Neuss expansion 2024–2026,https://www.jnj.com/innovative-medicine/manufacturing,oncology_general,Tier 1,7,industry=2/3 capability=2/2 size=1/2 trigger=2/2,,100.0,100.0,0.0,,,,,,,,0,0,,,,4926,100128714
Galenica,CHE,Bern,3163,"originator_pharma,sterile_generics",crustdata+research+research,Pharmaceutical Manufacturing / Galenica is the leading fully-integrated healthcare provider in Switzerland. Wit,Verfora + Padma + Glycine; capex on logistics,http://www.galenica.com,,Tier 1,7,industry=3/3 capability=1/2 size=1/2 trigger=2/2,,6.713900134952766,2.761533463287849,23.379651660797563,,,0,,,,,1000000000,1000000000000,1927,,2017-04-07,25927,1520327
PSI CRO,CHE,Zug,2811,originator_pharma,crustdata,Pharmaceutical Manufacturing / PSI is a leading full-service global Contract Research Organization whose key st,12.26038338658147% growth,http://www.psi-cro.com,"oncology_general,radiopharma",Tier 1,7,industry=2/3 capability=2/2 size=2/2 trigger=1/2,,12.26038338658147,1.8847408481333816,34.32402453347253,,,0,,,,,500000000,1000000000,1995,,,329384,296063
Vetter Pharma,DEU,Ravensburg,2436,"cdmo_classic,originator_pharma,vaccines",crustdata+research,Pharmaceutical Manufacturing / We turn active ingredients into medicine. As one of the leading pharmaceutical s,8.170515097690942% growth,https://www.vetter-pharma.com,oncology_general,Tier 1,7,industry=3/3 capability=1/2 size=2/2 trigger=1/2,,8.170515097690942,2.1812080536912752,36.0212641099106,,,0,,,,,1000000000,1000000000000,1950,,,39404,794599
Pfizer Manufacturing Deutschland GmbH,DEU,"Freiburg im Breisgau, Illertissen, Karlsruhe","~2,400 (DE mfg)","originator_pharma,sterile_generics,vaccines",research,Sterile injectables incl. Comirnaty fill-finish (BioNTech partnership 2021–),USD 120M Freiburg sterile-fill modernization 2024–26 (post-Hospira integration),https://www.pfizer.de/freiburg-investment,oncology_general,Tier 1,7,industry=3/3 capability=2/2 size=2/2 trigger=0/2,,,,,,,,,,,,,,,,,,
Berlin-Chemie AG (Menarini Group),DEU,Berlin (Adlershof),"1,900",sterile_generics,research,,EUR 130M Adlershof sterile-fill new plant on-stream 2025; lyo capacity +60%,berlin-chemie.de,,Tier 1,7,industry=3/3 capability=0/2 size=2/2 trigger=2/2,,3.493862134088763,1.906090190609019,31.713327042046764,,,0,,,,,500000000,1000000000,,,,25123,46085
Vifor Pharma / CSL Vifor,CHE,"Villars-sur-Glâne, St. Gallen, Ittigen","1,800",sterile_generics,research,,CHF 150M St. Gallen sterile expansion 2024–26 post-CSL acquisition,cslvifor.com,,Tier 1,7,industry=3/3 capability=0/2 size=2/2 trigger=2/2,,,,,,,,,,,,,,,,,,
Octapharma Springe,DEU,Springe (Hannover),"~1,500",plasma_fractionation,research,"Base fractionation, purification, pharmaceutical production for octagam/Albunorm/Nuwiq",Continuous capex (state-of-the-art base fractionation line upgrades); part of Octapharma EUR ~200 M+/yr group plant capex,https://www.octapharma.de/karriere/produktionsstandort,,Tier 1,7,industry=3/3 capability=0/2 size=2/2 trigger=2/2,,4.9504950495049505,3.9215686274509802,73.13812858052196,,,0,,,,,500000000,1000000000,1983,,,2720,41184238
Swixx BioPharma,CHE,Baar,1473,originator_pharma,crustdata,"Pharmaceutical Manufacturing / Swixx BioPharma is designed to fully replace biopharma, OTC and medical device m",16.442687747035574% growth,http://www.swixxbiopharma.com,,Tier 1,7,industry=2/3 capability=2/2 size=2/2 trigger=1/2,,16.442687747035574,3.8054968287526427,63.61545832002555,debt_financing,2025-12-15,122747551,,,,,500000000,1000000000,2014,acquired,,25614,20116603
PolyPeptide Group,CHE,Baar,1408,"cdmo_classic,originator_pharma,specialty_orphan",crustdata,Pharmaceutical Manufacturing / PolyPeptide Group AG with its consolidated subsidiaries (“PolyPeptide”) is a foc,4.684014869888476% growth,http://www.polypeptide.com,,Tier 1,7,industry=3/3 capability=1/2 size=2/2 trigger=1/2,,4.684014869888476,1.2949640287769784,30.802161263507898,post_ipo_debt,2025-05-23,161806401,,,,,500000000,1000000000,1996,,2021-04-29,31471,60184
ZETA,AUT,Lieboch,1356,"bioprocess_vendors,cdmo_classic,originator_pharma",crustdata+research,Pharmaceutical Manufacturing / The ZETA Group is an end-to-end solution provider operating globally and special,9.26672038678485% growth,https://www.zeta.com/,,Tier 1,7,industry=3/3 capability=1/2 size=2/2 trigger=1/2,,9.26672038678485,3.1963470319634704,23.703344643722733,,,0,,,,,500000000,1000000000,1989,,,15312,898735
Salutas Pharma GmbH (Sandoz),DEU,Barleben (Magdeburg),"1,250",sterile_generics,research,,EUR 70M Barleben aseptic line 2025,sandoz.com,,Tier 1,7,industry=3/3 capability=2/2 size=2/2 trigger=0/2,,-20.0,-20.0,0.0,,,,,,,,0,500000,,,,4,33865940
Stallergenes Greer,CHE,Baar,1147,"originator_pharma,specialty_orphan",crustdata+research,Pharmaceutical Manufacturing / Stallergenes Greer is a global biopharmaceutical company specialising in allergy,4.557885141294439% growth,https://www.stallergenesgreer.com,,Tier 1,7,industry=2/3 capability=2/2 size=2/2 trigger=1/2,,4.557885141294439,0.0,16.309298228117417,post_ipo_debt,2016-12-01,53319115,,,,,500000000,1000000000,2015,acquired,2014-12-31,34987,28664
Roehm,DEU,Darmstadt,967,oncology_hpapi,crustdata,chemical manufacturing / Röhm is one of the world's leading manufacturers in the field of methacrylate ch,,https://www.roehm.com/,,Tier 1,7,industry=3/3 capability=2/2 size=2/2 trigger=0/2,,-0.4119464469618949,0.20725388601036268,17.304021183570416,,,0,,,,,500000000,1000000000,2019,acquired,,19049,20160157
EVER Pharma cell arm,AUT,Unterach,~900 (group),atmp_cell_gene,research,Cell-therapy fill/finish CDMO,2024 cell therapy fill/finish line,https://everpharma.com,,Tier 1,7,industry=3/3 capability=2/2 size=2/2 trigger=0/2,,-27.27272727272727,0.0,0.0,,,,,,,,1000000,2500000,2018,,,2700,80406584
University of Heidelberg,DEU,Heidelberg,858,oncology_hpapi,crustdata,research services / Heidelberg University is one of the top-ranking locations in the world of intern,,http://www.uni-heidelberg.de,,Excluded,7,industry=3/3 capability=2/2 size=2/2 trigger=0/2,industrial_false_positive,-2.054794520547945,-0.11641443538998836,0.0,,,,,,,,1000000000,1000000000000,,,,15206,14739
medac group,DEU,Wedel,830,"originator_pharma,sterile_generics",crustdata+research,"Pharmaceutical Manufacturing / At medac Group, we believe that health is humanity’s most valuable resource. Sin",5.597964376590331% growth,http://www.medac-group.com,oncology_general,Tier 1,7,industry=3/3 capability=1/2 size=2/2 trigger=1/2,,5.597964376590331,0.850546780072904,33.27221846955515,,,0,,,,,500000000,1000000000,,,,13811,61638
Axplora,DEU,Raubling,809,"cdmo_classic,originator_pharma",crustdata,"Pharmaceutical Manufacturing / We are Axplora, a company bringing together Farmabios, Novasep and PharmaZell. A",5.751633986928105% growth,http://www.axplora.com,,Tier 1,7,industry=3/3 capability=1/2 size=2/2 trigger=1/2,,5.751633986928105,2.275600505689001,27.17309462059734,,,0,,,,,500000000,1000000000,,,,15201,86461838
G.L. Pharma GmbH,AUT,Lannach,750,sterile_generics,research,,EUR 60M Lannach sterile-fill + lyo expansion 2024–26,gl-pharma.at,,Tier 1,7,industry=3/3 capability=0/2 size=2/2 trigger=2/2,,,,,,,,,,,,,,,,,,
Idorsia Pharmaceuticals Ltd,CHE,Allschwil,718,"late_stage_biotech,originator_pharma,specialty_orphan",crustdata+research+research+research,"Pharmaceutical Manufacturing / The purpose of Idorsia is to discover, develop, and commercialize innovative med",FDA approved Mar 2024; US commercial launch Oct 2024 — first commercial product,http://www.idorsia.com,,Tier 1,7,industry=3/3 capability=1/2 size=2/2 trigger=1/2,,-9.457755359394703,1.5558698727015559,22.406275060144345,post_ipo_equity,2025-10-10,2548472712,,,,,500000000,1000000000,2017,,2017-06-16,48845,11051230
Teva ratiopharm Werk Weiler,DEU,Weiler im Allgäu,700,sterile_generics,research,,EUR 60M PFS line expansion 2025,teva.com,,Tier 1,7,industry=3/3 capability=0/2 size=2/2 trigger=2/2,,125.0,58.82352941176471,0.0,,,,,,,,0,0,1984,,,579,105941322
CureVac,DEU,Tübingen,646,"atmp_cell_gene,late_stage_biotech,vaccines",crustdata+research+research,Biotechnology Research / CureVac (Nasdaq: CVAC) is a pioneering multinational biotech company founded in ,"GSK acquisition completed 2025; Tübingen mRNA line retained, LNP R&D continues",http://curevac.com,oncology_general,Tier 1,7,industry=3/3 capability=2/2 size=2/2 trigger=0/2,,-8.368794326241135,-2.564102564102564,8.967930247352468,post_ipo_equity,2023-02-07,2096241423,,,,,500000000,1000000000,2000,acquired,2020-08-14,58239,806783
ITM Isotope Technologies Munich SE,DEU,Garching,637,"late_stage_biotech,oncology_hpapi,originator_pharma",crustdata+research,"Pharmaceutical Manufacturing / PASSION FOR PRECISION.ITM, a leading radiopharmaceutical biotech company, is ded","New 5,000 m² Neufahrn GMP plant operational (9 mfg lines); Actineer JV for Ac-225",http://www.itm-radiopharma.com,"oncology_general,radiopharma",Tier 1,7,industry=3/3 capability=2/2 size=2/2 trigger=0/2,,20.18867924528302,1.5948963317384368,0.0,debt_financing,2025-05-27,1009785464,,,,,500000000,1000000000,2004,acquired,,22346,3300101
Nuvisan,DEU,Neu Ulm,634,cdmo_classic,crustdata,"Biotechnology Research / Your partner of choice in bringing therapeutics to life, Nuvisan is the unique C",-1.5527950310559007% growth,http://www.nuvisan.com,,Tier 1,7,industry=3/3 capability=1/2 size=2/2 trigger=1/2,,-1.5527950310559007,-0.15748031496062992,17.236601801120976,grant,2022-09-20,9600000,,,,,500000000,1000000000,1979,,,18616,1493702
Immatics,DEU,Tübingen,617,"atmp_cell_gene,late_stage_biotech",crustdata+research+research+research,Biotechnology Research / Immatics is committed to making a meaningful impact on the lives of patients wit,Ph3 SUPRAME initiated Dec 2024; interim/final PFS 2026; planned BLA H1 2027,http://www.immatics.com,"oncology_celltherapy,oncology_general",Tier 1,7,industry=3/3 capability=2/2 size=2/2 trigger=0/2,,3.697478991596639,0.8169934640522877,23.6193472911372,post_ipo_equity,2025-12-05,1041233156,,,,,50000000,100000000,2000,,2020-07-02,30644,706777
Novartis CAR-T Stein (Kymriah),CHE,Stein (AG),~600,atmp_cell_gene,research,Autologous CAR-T commercial (Kymriah),2024 capacity ramp post-EMA Europe-only manufacturing approval,https://www.novartis.com,oncology_celltherapy,Tier 1,7,industry=3/3 capability=2/2 size=2/2 trigger=0/2,,100.0,0.0,0.0,,,,,,,,0,0,,,,134,110200736
DFE Pharma,DEU,Goch,574,"originator_pharma,sterile_generics",crustdata,Pharmaceutical Manufacturing / DFE Pharma is a global leader in pharmaceutical excipient solutions. We  develop,10.81081081081081% growth,http://www.dfepharma.com,,Tier 1,7,industry=3/3 capability=1/2 size=2/2 trigger=1/2,,10.81081081081081,2.135231316725979,14.306910493712675,private_equity,2019-09-25,0,,,,,50000000,100000000,2005,,,30816,2266410
ratiopharm,DEU,Ulm,574,"oncology_hpapi,originator_pharma,sterile_generics",crustdata+research,Pharmaceutical Manufacturing / About ratiopharmratiopharm became known as the first generics company in Europe.,EUR 50M Ulm packaging + sterile QC upgrade 2024,https://www.ratiopharm.de,,Tier 1,7,industry=3/3 capability=2/2 size=2/2 trigger=0/2,,0.7017543859649122,-0.17391304347826086,6.427895464803086,,,0,,,,,500000000,1000000000,1973,,,14620,12856
EVER Pharma,AUT,Unterach am Attersee,559,"specialty_orphan,sterile_generics",crustdata+research,Pharmaceutical Manufacturing / EVER Pharma is a fully integrated specialty pharmaceuticals company focused on t,3.5185185185185186% growth,http://www.everpharma.com,oncology_general,Tier 1,7,industry=3/3 capability=1/2 size=2/2 trigger=1/2,,3.5185185185185186,0.9025270758122743,19.50116309123805,,,0,,,,,50000000,100000000,1934,,,9247,2851392
SOLEVO Group,CHE,Le Grand-Saconnex,559,oncology_hpapi,crustdata,chemical manufacturing / SOLEVO is a leading specialty chemicals distribution platform and partner to far,,http://www.solevogroup.com,,Tier 1,7,industry=3/3 capability=2/2 size=2/2 trigger=0/2,,12.474849094567404,0.7207207207207207,39.64906061680255,,,0,,,,,20000000,50000000,2017,acquired,,70911,11459367
Gebro Pharma GmbH,AUT,Fieberbrunn,550,sterile_generics,research,"Sterile ampoules, hospital products",EUR 30M Fieberbrunn aseptic upgrade 2025,gebro.com,,Tier 1,7,industry=3/3 capability=2/2 size=2/2 trigger=0/2,,-5.263157894736842,1.8867924528301887,34.4390243902439,,,0,,,,,20000000,50000000,1947,,,1378,20498848
Nordmark Pharma,DEU,Uetersen,~550,originator_pharma,research,"Pancreatin, collagenase (biopharma)",Biotech expansion ongoing; novel microbial lipase pipeline,https://www.nordmark-pharma.de/en/,,Tier 1,7,industry=2/3 capability=2/2 size=2/2 trigger=1/2,,8.796296296296296,1.7316017316017316,38.11714198098743,,,0,,,,,500000000,1000000000,2001,,,4504,660722
Pierre Fabre Pharma GmbH,DEU,Freiburg,550,sterile_generics,research,,EUR 30M Freiburg cytotoxic line 2024,pierre-fabre.com,cytostatika_hpapi,Tier 1,7,industry=3/3 capability=2/2 size=2/2 trigger=0/2,,0.0,0.0,0.0,,,,,,,,0,0,,,,12,51748260
SOPHiA GENETICS,CHE,Tartegnin,522,late_stage_biotech,crustdata,Biotechnology Research / SOPHiA GENETICS was founded in 2011 by biologists who had a vision to create a t,5.668016194331984% growth,http://www.sophiagenetics.com/,oncology_general,Tier 1,7,industry=3/3 capability=1/2 size=2/2 trigger=1/2,,5.668016194331984,0.9671179883945842,15.978150123718931,post_ipo_debt,2024-05-02,265152150,,,,,50000000,100000000,2011,,2021-07-23,135459,3249896
Cheplapharm Greifswald,DEU,Greifswald,~500,sterile_generics,research,"Legacy sterile injectables (oncology, niche hospital)",,https://www.cheplapharm.com,oncology_general,Tier 1,7,industry=3/3 capability=2/2 size=2/2 trigger=0/2,,5.274725274725275,1.9148936170212765,37.398251432016885,debt_financing,2025-06-18,3422433971,,,,,500000000,1000000000,1998,,,9115,12487902
Cilag AG (J&J) Schaffhausen,CHE,Schaffhausen,~500,sterile_generics,research,Sterile biologics & injectables (cap at scope edge),,https://www.cilag.ch,,Tier 1,7,industry=3/3 capability=2/2 size=2/2 trigger=0/2,,,,,,,,,,,,,,,,,,
Fresenius Kabi Friedberg site,DEU,Friedberg (Hessen),~500,sterile_generics,research,"Oncology sterile injectables, hospital admixtures",,https://www.fresenius-kabi.com,oncology_general,Tier 1,7,industry=3/3 capability=2/2 size=2/2 trigger=0/2,,33.33333333333333,9.090909090909092,0.0,,,,,,,,0,0,1997,,,158,109868953
Vetter Pharma Ravensburg (small site),DEU,Ravensburg,~500 (site),sterile_generics,research,"Aseptic prefilled syringes, cartridges (CDMO)",,https://www.vetter-pharma.com,,Tier 1,7,industry=3/3 capability=2/2 size=2/2 trigger=0/2,,8.170515097690942,2.1812080536912752,36.0212641099106,,,0,,,,,1000000000,1000000000000,1950,,,39404,794599
Debiopharm,CHE,Lausanne,473,oncology_hpapi,crustdata,pharmaceutical manufacturing / Bridging the gap between disruptive discovery products and real-world patient re,,http://www.debiopharm.com,"adc,cytostatika_hpapi,oncology_general,radiopharma",Tier 1,7,industry=3/3 capability=2/2 size=2/2 trigger=0/2,,-3.4693877551020407,1.284796573875803,19.083331085273407,grant,2021-10-19,4700000,,,,,50000000,100000000,1979,,,44143,32979
CENTOGENE,DEU,Rostock,458,"late_stage_biotech,specialty_orphan",crustdata,Biotechnology Research / CENTOGENE is a leading company in the field of genetic diagnostics and precision,13.086419753086421% growth,https://www.centogene.com/,,Tier 1,7,industry=3/3 capability=1/2 size=2/2 trigger=1/2,,13.086419753086421,3.3860045146726865,31.895549527528544,post_ipo_debt,2023-06-28,224933433,,,,,500000000,1000000000,2006,,2019-11-07,44247,1318599
Haupt Pharma Wolfratshausen (Aenova),DEU,Wolfratshausen,~400,sterile_generics,research,"Aseptic small-volume parenterals, cytotoxics",,https://www.aenova-group.com,,Tier 1,7,industry=3/3 capability=2/2 size=2/2 trigger=0/2,,7.698541329011345,0.834597875569044,0.0,,,0,,,,,500000000,1000000000,2008,acquired,,28420,5266319
Octapharma HQ Lachen,CHE,Lachen SZ,"~400 (HQ; 12,000 group)",plasma_fractionation,research,"Group HQ, R&D, regulatory; fractionation in AT/DE/FR/SE",Funds group-wide capex; Vienna EUR 200 M and Springe expansions are HQ-driven; FY24 group revenues EUR 3.6 B,https://en.wikipedia.org/wiki/Octapharma,,Tier 1,7,industry=3/3 capability=0/2 size=2/2 trigger=2/2,,,,,,,,,,,,,,,,,,
Takeda Orth a.d. Donau,AUT,Orth an der Donau,~400,plasma_fractionation,research,Global QC laboratory — 40+ biologics/plasma products tested,QC lab capacity build-out supporting Vienna/Linz throughput,https://jobs.takeda.com/austria,,Tier 1,7,industry=3/3 capability=2/2 size=2/2 trigger=0/2,,,,,,,,,,,,,,,,,,
Heraeus Precious Metals,DEU,Hanau am Main,385,oncology_hpapi,crustdata,chemical manufacturing / Heraeus Precious Metals is globally leading in the precious metals industry. The,,http://www.heraeus-precious-metals.com,"cytostatika_hpapi,oncology_general",Tier 1,7,industry=3/3 capability=2/2 size=2/2 trigger=0/2,,8.146067415730338,2.666666666666667,72.78608976951072,,,0,,,,,500000000,1000000000,,,,4273,90616874
Dr. Falk Pharma,DEU,Freiburg,380,"originator_pharma,specialty_orphan",crustdata+research,Pharmaceutical Manufacturing / Dr. Falk Pharma GmbH has been developing and marketing innovative medicines to t,EUR 40M Freiburg solid-dose expansion 2025,http://www.drfalkpharma.de,,Tier 1,7,industry=2/3 capability=1/2 size=2/2 trigger=2/2,,17.647058823529413,1.3333333333333335,44.911504424778755,,,0,,,,,50000000,100000000,,,,9825,152904
Rottendorf Pharma,DEU,Ennigerloh,375,cdmo_classic,crustdata,"Pharmaceutical Manufacturing / A first-class contract development and manufacturing organization (CDMO), Rotten",7.4498567335243555% growth,https://rottendorf.com/contact,,Tier 1,7,industry=3/3 capability=1/2 size=2/2 trigger=1/2,,7.4498567335243555,1.9021739130434785,46.02463605823068,,,0,,,,,500000000,1000000000,1928,,,5216,11758834
SOTAX Group,CHE,Aesch,374,cdmo_classic,crustdata,"Pharmaceutical Manufacturing / Since 1973, SOTAX is at the forefront of pharmaceutical testing innovation suppo",2.185792349726776% growth,http://www.sotax.com,,Tier 1,7,industry=3/3 capability=1/2 size=2/2 trigger=1/2,,2.185792349726776,-1.3192612137203166,26.96913864578535,,,0,,,,,50000000,100000000,1973,,,11026,298596
Eurofins BioPharma Product Testing Germany,DEU,Krailling,339,"bioprocess_vendors,veterinary_pharma",crustdata+research,Pharmaceutical Manufacturing / Welcome to the corporate page of the Eurofins BioPharma Product Testing (BPT) la,-8.130081300813007% growth,https://www.eurofins.de/biopharma-product-testing/,,Tier 1,7,industry=2/3 capability=2/2 size=2/2 trigger=1/2,,-8.130081300813007,-1.4534883720930232,0.0,,,0,,,,,500000000,1000000000,1987,,,11303,18445679
BioSpring GmbH,DEU,Frankfurt,338,cdmo_classic,crustdata,"Pharmaceutical Manufacturing / BioSpring GmbH is one of the pioneers in the oligonucleotide CDMO industry, with",-14.430379746835442% growth,https://www.biospring.net,,Tier 1,7,industry=3/3 capability=1/2 size=2/2 trigger=1/2,,-14.430379746835442,-5.322128851540616,38.53211009174312,,,0,,,,,500000000,1000000000,1997,,,10570,14793435
Henry Schein Animal Health Deutschland GmbH,DEU,Hamburg + Munich logistics,~330 (DACH distribution + repack),veterinary_pharma,research,"Distribution + private-label vet pharma, repackaging GMP",Hamburg GMP repack expansion 2024 (EUR 6 m),https://www.henryschein.de,,Tier 1,7,industry=2/3 capability=1/2 size=2/2 trigger=2/2,,7.142857142857142,0.0,15.151515151515152,,,0,,,,,0,0,1983,,,38,41056403
Pharmalys Laboratories,CHE,Hochdorf,327,cdmo_classic,crustdata,"Pharmaceutical Manufacturing / At Pharmalys Laboratories, we take pride in our Swiss heritage and our commitmen",7.213114754098362% growth,https://www.pharmalyslabs.com,,Tier 1,7,industry=3/3 capability=1/2 size=2/2 trigger=1/2,,7.213114754098362,-1.2084592145015105,40.274599542334094,,,0,,,,,500000000,1000000000,2009,,,7969,68561480
KD Pharma Group,CHE,Bioggio,326,cdmo_classic,crustdata,Pharmaceutical Manufacturing / KD Pharma Group | Creating Health SolutionsThe KD Pharma Group is a CDMO that de,-0.911854103343465% growth,https://www.kdpharmagroup.com,,Tier 1,7,industry=3/3 capability=1/2 size=2/2 trigger=1/2,,-0.911854103343465,0.9287925696594427,46.03653427182839,debt_financing,2024-10-02,198837024,,,,,50000000,100000000,1988,acquired,,8714,3144703
LTS Lohmann Therapie-Systeme AG,DEU,Andernach,324,cdmo_classic,crustdata,"Pharmaceutical Manufacturing / At LTS, our purpose drives everything we do: We CARE for patients, our partners ",5.88235294117647% growth,http://www.ltslohmann.com,,Tier 1,7,industry=3/3 capability=1/2 size=2/2 trigger=1/2,,5.88235294117647,-2.9940119760479043,31.594064145524175,grant,2023-12-19,5500000,,,,,500000000,1000000000,1984,acquired,,5498,10877930
Adragos Pharma,DEU,Munich,304,"cdmo_classic,medical_cannabis,vaccines",crustdata+research+research,Pharmaceutical Manufacturing / Adragos Pharma is an internationally operating contract development and manufact,11.355311355311356% growth,https://www.adragos-pharma.com/,,Tier 1,7,industry=3/3 capability=1/2 size=2/2 trigger=1/2,,11.355311355311356,5.923344947735192,27.00278995615783,series_unknown,2020-07-01,0,,,,,500000000,1000000000,2020,acquired,,19119,68553372
Zentiva Pharma GmbH (DE site),DEU,Frankfurt am Main,~300,sterile_generics,research,"Generic sterile injectables, hospital products",,https://www.zentiva.com,,Tier 1,7,industry=3/3 capability=2/2 size=2/2 trigger=0/2,,29.658886894075405,24.775397373876988,23.135498071300734,,,0,,,,,500000000,1000000000,2003,acquired,2008-02-18,110769,25408
Friedrich-Loeffler-Institut,DEU,Greifswald,296,"academic_gmp,veterinary_pharma",crustdata+research+research,"Research Services / As Federal Research Institute for Animal Health, the Friedrich-Loeffler-Institut",EUR 300 m BSL-4 expansion 2024-2027 (federal),http://www.fli.de,,Tier 1,7,industry=2/3 capability=1/2 size=2/2 trigger=2/2,,-1.0033444816053512,0.0,0.0,,,0,,,,,0,0,1910,,,6286,74872526
nilo,DEU,Berlin,276,oncology_hpapi,crustdata,mental health care / nilo delivers high-quality mental health support that creates real impact – for ,,https://nilohealth.com,,Excluded,7,industry=3/3 capability=2/2 size=2/2 trigger=0/2,industrial_false_positive,18.4549356223176,4.545454545454546,31.23623781063227,seed,2022-05-23,9076755,,,,,10000000,20000000,2019,,,20860,30153455
ADA Cosmetics,DEU,Kehl,259,oncology_hpapi,crustdata,personal care product manufacturing / ADA Cosmetics has been developing and producing high-end cosmetics and dispensin,,https://ada-cosmetics.com,,Excluded,7,industry=3/3 capability=2/2 size=2/2 trigger=0/2,industrial_false_positive,4.435483870967742,1.171875,190.41671670469557,,,0,,,,,500000000,1000000000,1979,acquired,,24183,25038595
Fraunhofer IZI,DEU,Leipzig,258,"academic_gmp,atmp_cell_gene",crustdata+research+research,Biotechnology Research / The Fraunhofer Institute for Cell Therapy and Immunology IZI investigates and de,2024 ATMP-Sachsen cluster lead; new vector hall,http://www.izi.fraunhofer.de,"oncology_celltherapy,oncology_general",Tier 1,7,industry=3/3 capability=2/2 size=2/2 trigger=0/2,,0.38910505836575876,-1.5267175572519083,50.25661271219898,,,,,,,,500000000,1000000000,2005,,,7612,612078
Losan Pharma GmbH,DEU,Neuenburg,256,cdmo_classic,crustdata,Pharmaceutical Manufacturing / Your business partner in Pharma Technology.Contract Manufacturing in compliance ,3.225806451612903% growth,https://www.losan-pharma.de/,,Tier 1,7,industry=3/3 capability=1/2 size=2/2 trigger=1/2,,3.225806451612903,1.5873015873015872,36.655069582504964,,,0,,,,,500000000,1000000000,1992,,,5499,2207380
Pint Pharma,AUT,Vienna,256,specialty_orphan,crustdata,Pharmaceutical Manufacturing / Pint Pharma is a biopharmaceutical company that specialises in the commercialisa,-0.7751937984496124% growth,http://www.pint-pharma.com,oncology_general,Tier 1,7,industry=2/3 capability=2/2 size=2/2 trigger=1/2,,-0.7751937984496124,-0.7751937984496124,18.025873368667007,,,0,,,,,50000000,100000000,,,,20710,25053014
Polichem / Almirall Hermal sterile site,DEU,Reinbek,~250,sterile_generics,research,Dermo sterile injectables / topicals,,https://www.almirall.com,,Tier 1,7,industry=3/3 capability=2/2 size=2/2 trigger=0/2,,,,0.0,,,,,,,,500000,1000000,,,,55,35534528
Resilience (ex-Apceth Bio),DEU,Munich / Ottobrunn,~250 (DE),atmp_cell_gene,research,"Autologous CAR-T, gene-modified MSCs, viral vector","2024 Resilience integration, capacity ramp for client CAR-T programs",https://resilience.com,oncology_celltherapy,Tier 1,7,industry=3/3 capability=2/2 size=2/2 trigger=0/2,,-8.823529411764707,-3.125,2.0452567449956485,grant,2018-08-17,8400000,,,,,500000000,1000000000,1999,acquired,,4690,27108331
Haema Blood Donation Service,DEU,Leipzig,223,plasma_fractionation,crustdata,Pharmaceutical Manufacturing / In Haema everyone has a job with a cause!Are you passionate about making a diffe,10.396039603960396% growth,https://www.haema.de/karriere/,,Tier 1,7,industry=3/3 capability=1/2 size=2/2 trigger=1/2,,10.396039603960396,2.7649769585253456,40.10526315789474,,,0,,,,,500000000,1000000000,1993,,,2662,3849250
MorphoSys,DEU,Krailling,208,late_stage_biotech,crustdata,"Biotechnology Research / For additional information on our community guidelines, please visit https://www",-45.69190600522193% growth,http://www.morphosys.com,oncology_general,Tier 1,7,industry=3/3 capability=1/2 size=2/2 trigger=1/2,,-45.69190600522193,-9.170305676855897,4.173280975854291,post_ipo_equity,2023-12-14,748107344,,,,,500000000,1000000000,1992,acquired,1999-03-09,24937,37739
Axolabs,DEU,Kulmbach,199,atmp_cell_gene,crustdata,Biotechnology Research / Axolabs specialises in a new class of drugs whose active ingredients are chemica,4.18848167539267% growth,http://www.axolabs.com,,Tier 1,7,industry=3/3 capability=2/2 size=1/2 trigger=1/2,,4.18848167539267,1.530612244897959,54.90820532034469,,,0,,,,,20000000,50000000,2011,acquired,,8269,8087075
Coriolis Pharma,DEU,Krailling,185,"atmp_cell_gene,cdmo_classic,vaccines",crustdata,Pharmaceutical Manufacturing / Coriolis Pharma is a globally operating and science driven contract research and,5.714285714285714% growth,https://www.coriolis-pharma.com,,Tier 1,7,industry=3/3 capability=2/2 size=1/2 trigger=1/2,,5.714285714285714,3.932584269662921,50.955414012738856,corporate_round,2023-10-16,0,,,,,20000000,50000000,2008,,,13983,1289842
Richter BioLogics,DEU,Hamburg,180,"cdmo_classic,vaccines",crustdata,Biotechnology Research / Richter BioLogics is a world-class and expanding cGMP contract manufacturer (CDM,2.857142857142857% growth,https://www.richterbiologics.eu,,Tier 1,7,industry=3/3 capability=2/2 size=1/2 trigger=1/2,,2.857142857142857,-2.1739130434782608,35.61507936507937,,,0,,,,,20000000,50000000,1987,,,4101,41241729
Miltenyi Biomedicine,DEU,Bergisch Gladbach,173,atmp_cell_gene,crustdata,Pharmaceutical Manufacturing / Miltenyi Biomedicine is a biopharmaceutical company that develops innovative cel,28.14814814814815% growth,http://www.miltenyibiomedicine.com,"oncology_celltherapy,oncology_general",Tier 1,7,industry=3/3 capability=2/2 size=1/2 trigger=1/2,,28.14814814814815,2.976190476190476,82.48509857863365,,,0,,,,,10000000,20000000,2019,,,7960,71723627
Cerbios-Pharma SA,CHE,Lugano,163,"cdmo_classic,oncology_hpapi,plasma_fractionation,veterinary_pharma",crustdata,"Pharmaceutical Manufacturing / Cerbios-Pharma SA | A HAS Group CompanyWe are a leading CDMO, uniquely integrati",0.0% growth,http://www.cerbios.ch,"adc,cytostatika_hpapi,oncology_general",Tier 1,7,industry=3/3 capability=2/2 size=1/2 trigger=1/2,,0.0,-1.2121212121212122,23.763648041104688,,,0,,,,,20000000,50000000,1976,,,19270,307119
Single Use Support,AUT,Kufstein,162,"bioprocess_vendors,cdmo_classic,vaccines",crustdata+research+research,Biotechnology Research / Pioneering Biopharma: Single Use Support provides innovative fluid and cold chai,14.893617021276595% growth,https://www.susupport.com,adc,Tier 1,7,industry=3/3 capability=2/2 size=1/2 trigger=1/2,,14.893617021276595,8.724832214765101,17.596511478773888,secondary_market,2021-01-14,0,,,,,10000000,20000000,2016,acquired,,9169,27046999
BA.Unternehmensgruppe,DEU,Ibbenbüren,153,sterile_generics,crustdata,Pharmaceutical Manufacturing / Die BA.Unternehmensgruppe agiert als Hersteller & Händler hochsensibler und oftm,8.51063829787234% growth,http://www.ba-unternehmensgruppe.de,cytostatika_hpapi,Tier 1,7,industry=3/3 capability=2/2 size=1/2 trigger=1/2,,8.51063829787234,2.684563758389262,42.394014962593516,,,0,,,,,500000000,1000000000,2014,,,1142,36470682
ABX advanced biochemical compounds GmbH,DEU,Germany,150,cdmo_classic,crustdata,Pharmaceutical Manufacturing / ABX advanced biochemical compounds is a global frontrunner in radiopharmaceutica,7.142857142857142% growth,https://abx.de/mandatory-information,radiopharma,Tier 1,7,industry=3/3 capability=2/2 size=1/2 trigger=1/2,,7.142857142857142,2.73972602739726,32.30538922155689,,,0,,,,,20000000,50000000,1997,,,4419,3848380
CO.DON / Tetec / B. Braun cell therapy,DEU,Reutlingen / Teltow,~150,"atmp_cell_gene,specialty_orphan",research,"Autologous chondrocytes (Spherox, ATMP — own GMP plant)",2024 commercial scale-up under B. Braun,https://www.codon.de,,Tier 1,7,industry=3/3 capability=2/2 size=1/2 trigger=1/2,,-3.6363636363636362,1.9230769230769231,14.129181084198386,,,0,,,,,20000000,50000000,1993,acquired,,1979,17921992
AC Immune,CHE,Écublens,143,late_stage_biotech,crustdata+research,Biotechnology Research / AC Immune SA is a clinical-stage biopharmaceutical company and a global leader i,One Phase 3 program in pipeline; multiple Phase 2 readouts 2024–2026,http://www.acimmune.com,,Tier 1,7,industry=3/3 capability=2/2 size=1/2 trigger=1/2,,-20.994475138121548,-11.180124223602485,25.194989364216497,post_ipo_equity,2023-12-15,167489497,,,,,20000000,50000000,2003,,2016-09-23,21188,110202
Medipolis,DEU,Jena,127,sterile_generics,crustdata,"Pharmaceutical Manufacturing / Wir sind ein mittelständisches Familienunternehmen mit Hauptsitz in Jena, das na",9.482758620689655% growth,https://www.medipolis.de/,cytostatika_hpapi,Tier 1,7,industry=3/3 capability=2/2 size=1/2 trigger=1/2,,9.482758620689655,2.4193548387096775,33.21167883211679,,,0,,,,,20000000,50000000,2005,,,1460,5911954
Neovii,CHE,Rapperswil,123,atmp_cell_gene,crustdata,Biotechnology / Neovii is a global leader in polyclonal antibody immunosuppressive therapy used ,7.894736842105263% growth,http://www.neovii.com,oncology_general,Tier 1,7,industry=3/3 capability=2/2 size=1/2 trigger=1/2,,7.894736842105263,0.0,25.1004912907548,,,0,,,,,20000000,50000000,2003,,,2801,91476
ProtaGene,DEU,Heilbronn,123,atmp_cell_gene,crustdata,Biotechnology Research / ProtaGene is a world-leading CRO partner for the biopharmaceutical and gene and ,-11.510791366906476% growth,http://protagene.com,,Tier 1,7,industry=3/3 capability=2/2 size=1/2 trigger=1/2,,-11.510791366906476,-0.8064516129032258,22.83072546230441,private_equity,2023-11-20,0,,,,,10000000,20000000,1997,acquired,,3454,76143920
TICEBA / Rheacell,DEU,Heidelberg,~120,atmp_cell_gene,research,Allogeneic ABCB5+ MSC (skin-derived),"2024 Phase 3 EB readout, 2025 BLA prep",https://www.rheacell.com,,Tier 1,7,industry=3/3 capability=2/2 size=1/2 trigger=1/2,,27.586206896551722,13.846153846153847,87.09677419354838,,,0,,,,,10000000,20000000,2003,,,2378,31488376
Cryo-Save Group,CHE,Freienbach,117,atmp_cell_gene,crustdata,Biotechnology Research / CRYOSAVE is the largest family stem cell bank in Europe. The flagship laboratory,0.0% growth,http://www.cryosave.com/,,Tier 1,7,industry=3/3 capability=2/2 size=1/2 trigger=1/2,,0.0,0.0,2.589641434262948,,,0,,,,,20000000,50000000,2000,acquired,,2575,521635
Selectavet Dr. Otto Fischer GmbH (WDT group),DEU,Weyarn (Bavaria),~110 (>200 incl. WDT integration),veterinary_pharma,research,"Specialty vet pharma, dermatology, ophthalmology, equine","Weyarn cleanroom expansion 2024 (EUR 8 m, internal)",https://www.selectavet.de,,Tier 1,7,industry=2/3 capability=2/2 size=1/2 trigger=2/2,,14.285714285714285,-11.11111111111111,10.0,,,0,,,,,0,0,1966,,,22,7414280
Evolvus Inc.,DEU,Frankfurt,108,atmp_cell_gene,crustdata,Biotechnology / Evolvus is a leading global provider of innovative data-driven solutions and pro,13.684210526315791% growth,http://www.evolvus.com,,Tier 1,7,industry=3/3 capability=2/2 size=1/2 trigger=1/2,,13.684210526315791,-1.8181818181818181,30.355380059230008,,,0,,,,,500000,1000000,2001,,,2641,471424
MIKROGEN GmbH,DEU,Neuried,106,atmp_cell_gene,crustdata,Biotechnology Research / MIKROGEN is a global provider of system solutions for medical laboratory diagnos,-1.8518518518518516% growth,http://www.mikrogen.de,,Tier 1,7,industry=3/3 capability=2/2 size=1/2 trigger=1/2,,-1.8518518518518516,-0.9345794392523363,29.34485896269336,,,0,,,,,20000000,50000000,1989,,,2843,277443
Tubulis GmbH,DEU,Munich,103,"atmp_cell_gene,late_stage_biotech,oncology_hpapi",crustdata+research+research+research+research,biotechnology research / Tubulis® generates uniquely matched protein-drug conjugates by combining proprie,€308M Series C Oct 2025; Ph1/2 ongoing; Gilead acquisition announced Apr 2026 ($3.1B upfront),http://www.tubulis.com,adc,Tier 1,7,industry=3/3 capability=2/2 size=1/2 trigger=1/2,,60.9375,25.609756097560975,132.8159645232816,series_b,2024-03-14,216277179,,,,,10000000,20000000,2012,acquired,,14700,14776151
Cevec Pharmaceuticals (Cytiva),DEU,Cologne,~80,atmp_cell_gene,research,"AAV, lentivirus (ELEVECTA cell line)",Integrated into Cytiva's Marlborough viral-vector hub; Cologne PD center expansion 2024,https://www.cytiva.com/news-center,,Tier 1,7,industry=3/3 capability=2/2 size=0/2 trigger=2/2,,,,0.0,grant,2016-08-01,4869087,,,,,1000000,2500000,2013,,,452,3054720
PlasmidFactory,DEU,Bielefeld,~50,atmp_cell_gene,research,Plasmid DNA (research + GMP),Bielefeld GMP suite expansion 2024,https://www.plasmidfactory.com/news/,,Tier 1,7,industry=3/3 capability=2/2 size=0/2 trigger=2/2,,17.24137931034483,3.0303030303030303,54.936530324400564,private_equity,2022-09-28,0,,,,,2500000,5000000,2000,,,2197,12182663
Eckert & Ziegler Radiopharma,DEU,Berlin,,late_stage_biotech,research,Radiopharma CDMO + own pipeline,New cGMP suite Berlin commissioning; Wilmington/Jintan mirror sites operational 2025,https://www.businesswire.com/news/home/20210414005367/en/Eckert-Ziegler-to-Build-cGMP-Facility-for-Radiopharmaceutical-Services-in-Berlin,radiopharma,Tier 1,7,industry=3/3 capability=2/2 size=0/2 trigger=2/2,,,,,,,,,,,,,,,,,,
Roche,CHE,Basel,104146,"atmp_cell_gene,late_stage_biotech",crustdata+research+research,Biotechnology Research / Roche is a global pioneer in pharmaceuticals and diagnostics focused on advancin,Kaiseraugst CHF 1.2B drug-product expansion incl. CGT fill-finish 2024–26,http://www.roche.com/,oncology_general,Tier 2,6,industry=3/3 capability=2/2 size=0/2 trigger=1/2,,6.362596511295396,1.0665036342639767,19.61269894397124,post_ipo_equity,2021-08-04,7790500000,,,,,1000000000,1000000000000,,,2020-12-07,4317040,1602
Sandoz,CHE,Basel,17414,"atmp_cell_gene,originator_pharma,sterile_generics",crustdata+research+research+research+research,"Pharmaceutical Manufacturing / Sandoz is the global leader in generic and biosimilar medicines, with a growth s",EUR 250M Kundl penicillin expansion (last EU producer) co-funded by Austrian govt; biosimilar fill line Schaftenau,https://www.sandoz.com,oncology_general,Tier 2,6,industry=3/3 capability=2/2 size=0/2 trigger=1/2,,2.224831229820957,0.4963065558633426,0.0,post_ipo_debt,2024-09-17,3614725714,,,,,1000000000,1000000000000,,,2023-10-04,1125897,4891
Merck Life Science,DEU,Darmstadt,8513,"bioprocess_vendors,cdmo_classic",crustdata+research,"Biotechnology Research / Together with our colleagues, customers and stakeholders, we impact life and hea",2.988144205177837% growth,http://www.sigmaaldrich.com,,Tier 2,6,industry=3/3 capability=1/2 size=1/2 trigger=1/2,,2.988144205177837,0.9127548601232811,46.352529947313144,,,0,,,,,1000000000,1000000000000,,,,688334,16233341
"Merck KGaA, Darmstadt, Germany",DEU,Darmstadt,7224,originator_pharma,crustdata+research,"Pharmaceutical Manufacturing / We are Merck KGaA, Darmstadt, Germany and its global affiliates. We are a leadin",EUR 300M Darmstadt biotech expansion 2024; EUR 590M global Life Science incl. Darmstadt,http://www.emdgroup.com,oncology_general,Tier 2,6,industry=2/3 capability=1/2 size=1/2 trigger=2/2,,-1.553556827473426,-0.7010309278350515,12.243273511472283,,,0,,,,,1000000000,1000000000000,,,,121271,14328
Sanofi-Aventis Deutschland GmbH,DEU,Frankfurt am Main (Höchst Industriepark),"~6,800","originator_pharma,vaccines",research,"Diabetes (insulin glargine/Lantus, Toujeo), vaccines fill-finish",EUR 1.3B+ on Frankfurt insulin & biologics expansion incl. new fill-finish line announced 2024,https://www.sanofi.com/en/media-room/press-releases/2024/2024-02-08-frankfurt-investment,,Tier 2,6,industry=2/3 capability=2/2 size=1/2 trigger=1/2,,0.0,0.0,0.0,,,,,,,,0,0,,,,6,107229783
BioNTech SE,DEU,Mainz,5093,"atmp_cell_gene,late_stage_biotech,vaccines",crustdata+research+research+research,Biotechnology Research / Biopharmaceutical New Technologies (BioNTech) is a global biotechnology company ,"Pivotal Ph3 PFS hit (China BC, 2025); FDA BLA submission planned 2026 (endometrial); first oncology launch targeted 2026",https://www.biontech.com/int/en/home.html,"immuno_oncology,oncology_celltherapy,oncology_general",Tier 2,6,industry=3/3 capability=2/2 size=1/2 trigger=0/2,,-1.374903175832688,0.9714512291831879,11.168503127150625,post_ipo_debt,2025-10-13,1995882947,,,,,500000000,1000000000,2008,,2019-10-09,293994,4001311
Evotec,DEU,Hamburg,4833,cdmo_classic,crustdata,Biotechnology Research / Evotec is a biotechnology company that is committed to advancing drug discovery ,44.05365126676602% growth,http://www.evotec.com,oncology_general,Tier 2,6,industry=3/3 capability=1/2 size=1/2 trigger=1/2,,44.05365126676602,45.92391304347826,0.0,grant,2026-04-30,756636691,,,,,1000000000,1000000000000,1993,,1999-11-10,118895,15720
Boehringer Ingelheim Vetmedica GmbH,DEU,Ingelheim am Rhein,"~3,500 (DE AH)",veterinary_pharma,research,"Vaccines (PRRS, FMD, poultry), parasiticides, sterile injectables, biologicals",EUR 415 m biologicals expansion Ingelheim 2023-2026; new sterile fill-finish line Hannover-Mitte,https://www.boehringer-ingelheim.com/animal-health,,Tier 2,6,industry=2/3 capability=2/2 size=1/2 trigger=1/2,,0.0,0.0,0.0,,,,,,,,0,0,,,,16,97163097
Takeda Vienna Donaustadt,AUT,Vienna,"~3,000 (of ~4,500 AT)",plasma_fractionation,research,"IgG (GAMMAGARD, CUVITRU, HYQVIA), albumin, factor VIII (ADVATE), fibrinogen, AAT (GLASSIA)",Multi-year plasma capacity ramp in Vienna; AHEAD steam heat-pump CO2 project; 7 AT locations expansion,https://www.takeda.com/de-at/what-we-do/plasma-made-in-austria/,,Tier 2,6,industry=3/3 capability=0/2 size=2/2 trigger=1/2,,,,,,,,,,,,0,0,,,,,36438464
Optima Pharma,DEU,Schwäbisch Hall,"~2,800","bioprocess_vendors,vaccines",research,"Fill-finish lines, isolators, freeze-dryers, syringe/vial machines",,https://www.optima-packaging.com/,cytostatika_hpapi,Excluded,6,industry=2/3 capability=2/2 size=2/2 trigger=0/2,direct_competitor,53.0,13.333333333333334,0.0,,,,,,,,0,0,,,,1596,112234726
CordenPharma (Plankstadt/Würzburg),DEU,Plankstadt,"~2,600 (group DE)",vaccines,research,"LNP excipients (PEG-lipids), sterile fill-finish for mRNA vaccines",,https://www.cordenpharma.com/,,Tier 2,6,industry=2/3 capability=2/2 size=2/2 trigger=0/2,,0.0,0.0,0.0,,,,,,,,0,0,,,,46,65060019
WALA,DEU,Bad Boll,2513,originator_pharma,crustdata,Pharmaceutical Manufacturing / Welcome to a company that has been harvesting the best of nature since 1935.Here,14.696485623003195% growth,http://www.wala.world,,Tier 2,6,industry=2/3 capability=1/2 size=2/2 trigger=1/2,,14.696485623003195,2.6133115557370354,32.01395572666025,,,0,,,,,500000000,1000000000,1935,,,10973,1347494
Biotest AG (Grifols Group),DEU,Dreieich,"~2,500","originator_pharma,plasma_fractionation,specialty_orphan",research,"IgG (Yimmugo, intratect), fibrinogen (Fibrinogen Human Biotest), AAT, albumin, hyperimmune (Trimodulin trial)","""Biotest Next Level"" EUR >250 M, doubled site capacity to 3 M L plasma, ramping to 2026; +300 jobs; Yimmugo FDA Jun 2024, US shipping mid-2025",https://www.biotest.com/de/de/press/news.cfm,,Tier 2,6,industry=3/3 capability=0/2 size=2/2 trigger=1/2,,0.0,0.0,0.0,,,,,,,,500000,1000000,,,,67,6553317
Daiichi Sankyo Europe GmbH,DEU,"Pfaffenhofen an der Ilm, München","~2,400","originator_pharma,vaccines",research,"Cardiovascular (Lixiana), oncology (Enhertu) — EU mfg hub",EUR 250M Pfaffenhofen solid-dose & oncology fill-finish 2024–2026,https://www.daiichi-sankyo.com/media,oncology_general,Excluded,6,industry=2/3 capability=2/2 size=2/2 trigger=0/2,industrial_false_positive,,,,,,,,,,,,,,,,,
Acino,CHE,Zurich,2306,"cdmo_classic,originator_pharma",crustdata+research,"Pharmaceutical Manufacturing / Acino is a Swiss pharmaceutical company headquartered in Zurich, with a clear fo","Liesberg ""cutting-edge bulk"" plant ongoing modernization",http://www.acino.swiss,,Tier 2,6,industry=3/3 capability=1/2 size=2/2 trigger=0/2,,-4.196094723722476,-3.2312211498111623,0.0,,,0,,,,,500000000,1000000000,,acquired,,112188,255145
Octapharma Vienna,AUT,Vienna (Favoriten),"~2,300 (Leading Employers cert.)",plasma_fractionation,research,"IgG (octagam, fanhdi), factor VIII (Nuwiq), fibrinogen (FIBRYGA), albumin (Albunorm)","EUR 200 M Vienna site expansion announced 2025, +160 jobs; 35-yr anniversary site; one of the world's most modern fractionation plants",https://www.octapharma.com/news/press-release/2025/octapharma-expands-production-for-the-global-market-at-its-manufacturing-site-in-vienna,,Tier 2,6,industry=3/3 capability=0/2 size=2/2 trigger=1/2,,0.0,0.0,0.0,,,,,,,,500000,1000000,,,,9,6773773
Berlin-Chemie Menarini,DEU,Berlin,2192,originator_pharma,crustdata,Pharmaceutical Manufacturing / BERLIN-CHEMIE is an international research-based pharmaceutical company with its,3.493862134088763% growth,http://www.berlin-chemie.de,oncology_general,Tier 2,6,industry=2/3 capability=1/2 size=2/2 trigger=1/2,,3.493862134088763,1.906090190609019,31.713327042046764,,,0,,,,,500000000,1000000000,,,,25123,46085
MSD Deutschland,DEU,Munich,1977,"originator_pharma,vaccines,veterinary_pharma",crustdata,"Pharmaceutical Manufacturing / Bei MSD, in den USA und Kanada bekannt als Merck & Co., Inc., Rahway, NJ, USA, e",0.7131940906775344% growth,https://www.msd.de/impressum/,oncology_general,Tier 2,6,industry=2/3 capability=1/2 size=2/2 trigger=1/2,,0.7131940906775344,0.1519756838905775,18.539185266740066,,,0,,,,,500000000,1000000000,2001,,,47373,118859
Viatris (ex-Mylan/Meda/Upjohn),DEU,"Bad Homburg, Hannover, Berlin","1,900",sterile_generics,research,,Hannover sterile-line modernization; divested EU OTC to Cooper 2024 (still injectable HQ DACH),viatris.com/investors,,Tier 2,6,industry=3/3 capability=1/2 size=2/2 trigger=0/2,,0.0,0.0,12.903225806451612,,,0,,,,,1000000,2500000,1993,,,140,11589511
PharmaLex,DEU,Bad Homburg,1834,originator_pharma,crustdata,"Pharmaceutical Manufacturing / PharmaLex is now part of Cencora, a leading global pharmaceutical solutions orga",-8.11623246492986% growth,http://www.pharmalex.com,,Tier 2,6,industry=2/3 capability=1/2 size=2/2 trigger=1/2,,-8.11623246492986,-4.079497907949791,13.94369925120175,,,0,,,,,500000000,1000000000,1994,acquired,,133452,5364074
Sobi (Swedish Orphan Biovitrum),SE,"Stockholm HQ; Vienna AT, Basel CH affiliates","~1,800 group",specialty_orphan,research,"Rare hematology (hemophilia, ITP), immunology, specialty (TTP, gout)",Own biologics mfg (Sweden core); DACH = commercial affiliates,https://www.sobi.com/en/about,,Excluded,6,industry=2/3 capability=2/2 size=2/2 trigger=0/2,non_target_country,,,,,,,,,,,,,,,,,
Merial,DEU,Ingelheim am Rhein,1748,originator_pharma,crustdata,Pharmaceutical Manufacturing / Merial became Boehringer Ingelheim in 2016. This page is no longer active.Please,-0.1142857142857143% growth,https://www.boehringer-ingelheim.com/,,Tier 2,6,industry=2/3 capability=1/2 size=2/2 trigger=1/2,,-0.1142857142857143,-0.228310502283105,0.0,,,0,,,,,1000000000,1000000000000,1997,acquired,,85509,164939
CSL Vifor,CHE,St Gallen,1695,"late_stage_biotech,originator_pharma,specialty_orphan",crustdata+research+research,"Pharmaceutical Manufacturing / For all jobs, information and content please follow the CSL LinkedIn page.","Own API + finished-dose mfg, including new Multicube facility, St. Gallen",https://www.csl.com/,,Tier 2,6,industry=3/3 capability=1/2 size=2/2 trigger=0/2,,-8.821947283485745,-5.518394648829431,4.425720428239484,,,,,,,,1000000000,1000000000000,,,,96174,263528
Novartis Oncology,CHE,Basel,1628,originator_pharma,crustdata,"Pharmaceutical Manufacturing / At Novartis, our mission is to discover new ways to improve and extend people's ",-4.291593180482069% growth,https://www.novartis.com/about/therapeutic-areas/oncology,"immuno_oncology,oncology_general",Tier 2,6,industry=2/3 capability=1/2 size=2/2 trigger=1/2,,-4.291593180482069,-1.9277108433734942,0.8625626082733526,,,,,,,,0,0,,,,278302,8961012
Körber Technologies,DEU,Hamburg,1516,plasma_fractionation,crustdata,Mechanical Or Industrial Engineering / Körber Technologies GmbH is the lead company of the Körber Business Area Technol,0.6640106241699867% growth,https://www.koerber-technologies.com/,,Tier 2,6,industry=3/3 capability=0/2 size=2/2 trigger=1/2,,0.6640106241699867,0.3973509933774834,17.539466983534204,,,0,,,,,500000000,1000000000,1946,,,27697,87168836
MSD Animal Health (Intervet Deutschland GmbH),DEU,Unterschleissheim / Burgwedel / Cologne,"~1,400",veterinary_pharma,research,"Vaccines (Nobilis, Bovilac), antibiotics, parasiticides, monoclonals (Bovaer pipeline)",EUR 100 m+ Burgwedel vaccine plant expansion 2024-2025,https://www.msd-tiergesundheit.de,,Tier 2,6,industry=2/3 capability=0/2 size=2/2 trigger=2/2,,4.0,0.0,0.0,,,,,,,,1000000,2500000,,,,63,36750717
Skan AG,CHE,Allschwil,"~1,400","bioprocess_vendors,vaccines",research,"Pharma isolators, RABS, decontamination (SKANFOG)",,https://www.skan.com/,,Excluded,6,industry=2/3 capability=2/2 size=2/2 trigger=0/2,direct_competitor,,,,,,,,,,,,,,,,,
Aenova Group,DEU,Starnberg,1329,"originator_pharma,vaccines",crustdata+research,Pharmaceutical Manufacturing / Our products and behaviour affect and improve the health and well-being of milli,7.698541329011345% growth,http://www.aenova-group.com,,Tier 2,6,industry=2/3 capability=1/2 size=2/2 trigger=1/2,,7.698541329011345,0.834597875569044,0.0,,,0,,,,,500000000,1000000000,2008,acquired,,28420,5266319
Merz Therapeutics,DEU,Frankfurt,1290,"originator_pharma,specialty_orphan",crustdata,Pharmaceutical Manufacturing / Merz Therapeutics GmbH is dedicated to delivering better outcomes for more patie,9.507640067911714% growth,https://www.merztherapeutics.com,,Tier 2,6,industry=2/3 capability=1/2 size=2/2 trigger=1/2,,9.507640067911714,2.218700475435816,17.04511050560097,,,0,,,,,500000000,1000000000,2020,,,88918,36411
Novo Nordisk Pharma GmbH,DEU,Mainz,"~1,200 (DE incl. tech hub)",originator_pharma,research,"Diabetes/obesity (Ozempic, Wegovy) — DE distribution & secondary",EUR 80M Mainz expansion 2024 (secondary packaging + R&D),https://www.novonordisk.de/presse.html,,Tier 2,6,industry=2/3 capability=0/2 size=2/2 trigger=2/2,,0.0,0.0,9.929078014184398,,,,,,,,2500000,5000000,,,,155,36509595
IBSA Group,CHE,Lugano,1107,originator_pharma,crustdata+research,Pharmaceutical Manufacturing / IBSA Institut Biochimique SA is a privately owned pharmaceutical company founded,"""cosmos"" plant inaugurated 2022 (16,200 m²); ongoing Ticino expansion",http://www.ibsagroup.com/,,Tier 2,6,industry=2/3 capability=1/2 size=2/2 trigger=1/2,,3.748828491096532,1.5596330275229358,33.32691567192915,,,0,,,,,500000000,1000000000,1945,,,69250,546448
Eli Lilly Deutschland,DEU,Alzey (Rhineland),"~1,000 (ramping to 1,400 by 2027)",originator_pharma,research,"Diabetes/obesity (Mounjaro, Zepbound), GLP-1 fill-finish",EUR 2.3B Alzey greenfield injectable plant 2024–2027,https://investor.lilly.com/news-releases/news-release-details/lilly-invest-23-billion-build-new-manufacturing-facility,,Tier 2,6,industry=2/3 capability=2/2 size=2/2 trigger=0/2,,,,,,,,,,,,,,,,,,
Weleda AG (DE site),DEU,Schwäbisch Gmünd,"~1,000 (DE) / 2,500 group",originator_pharma,research,Anthroposophic medicines + natural cosmetics,"""Cradle Campus"" sustainable logistics+production center under construction",https://transsolar.com/projects/schwabisch-gmund-weleda-logistikzentrum,,Tier 2,6,industry=2/3 capability=0/2 size=2/2 trigger=2/2,,-3.6585365853658534,-1.25,18.517415897588567,,,0,,,,,10000000,20000000,1992,,,7962,9063475
IDT Biologika Animal Health (Klocke Gruppe),DEU,Dessau-Rosslau,"~900 (AH segment of ~1,800 site total)",veterinary_pharma,research,"Live + inactivated viral vaccines, autogenous vaccines, CDMO biologicals",EUR 130 m BSL-3 viral vaccine facility commissioned 2024; further EUR 50 m fill-finish 2025,https://www.idt-biologika.com,,Tier 2,6,industry=2/3 capability=2/2 size=2/2 trigger=0/2,,,,0.0,,,,,,,,50000000,100000000,,,,86,598965
Heel,DEU,Baden-Baden,884,originator_pharma,crustdata,"Pharmaceutical Manufacturing / We develop, produce and distribute medicinal products based on natural ingredien",4.739336492890995% growth,http://www.heel.com,,Tier 2,6,industry=2/3 capability=1/2 size=2/2 trigger=1/2,,4.739336492890995,3.2710280373831773,28.73985096207318,,,0,,,,,500000000,1000000000,1936,,,11575,3852901
Euroimmun,DEU,Lübeck,849,specialty_orphan,crustdata,"Biotechnology Research / As one of the world's leading manufacturers of medical laboratory diagnostics, E",1.0714285714285714% growth,http://www.euroimmun.de,,Tier 2,6,industry=2/3 capability=1/2 size=2/2 trigger=1/2,,1.0714285714285714,2.043269230769231,20.347706736818026,,,0,,,,,500000000,1000000000,1987,,,21044,4866380
Takeda Pharmaceuticals (formerly Nycomed),CHE,Opfikon,828,"originator_pharma,specialty_orphan",crustdata+research,"Pharmaceutical Manufacturing / On October 1, 2011, Takeda Pharmaceutical Company Limited acquired Nycomed. Thro",EUR 200M+ Wien plasma fractionation 2024; Orth vaccine expansion,http://www.takeda.com,,Tier 2,6,industry=2/3 capability=1/2 size=2/2 trigger=1/2,,1.098901098901099,0.24213075060532688,0.0,,,,,,,,1000000000,1000000000000,,,,38386,4485
Helvepharm AG / Mepha (Teva CH),CHE,"Aesch, Frauenfeld",800,sterile_generics,research,"Sterile generics, hospital injectables",CHF 40M Aesch sterile QC lab 2024,mepha.ch,,Tier 2,6,industry=3/3 capability=1/2 size=2/2 trigger=0/2,,0.6309148264984227,0.3144654088050315,14.752978674963952,,,0,,,,,1000000000,1000000000000,1949,acquired,,15121,42818
Wörwag Pharma GmbH & Co. KG,DEU,Böblingen,788,"bioprocess_vendors,originator_pharma,specialty_orphan,sterile_generics",crustdata+research+research,Pharmaceutical Manufacturing / Wörwag Pharma GmbH & Co. KG is a family-owned and international operating pharma,Mauermann acquired 2023 → Wörwag Pharma Production Pöcking 2024; Łódź plant since 2021,http://www.woerwagpharma.com,,Tier 2,6,industry=3/3 capability=1/2 size=2/2 trigger=0/2,,0.0,0.6385696040868455,36.976688867745004,,,0,,,,,500000000,1000000000,1971,,,11517,320175
Engelhard Arzneimittel,DEU,Niederdorfelden,~700 (excluded),originator_pharma,research,"OTC respiratory (Prospan), Isla, Tyrosur, Esprico",New plant active since 1997 base; line modernization,—,,Tier 2,6,industry=2/3 capability=0/2 size=2/2 trigger=2/2,,,,,,,,,,,,,,,,,,
mibe GmbH Arzneimittel (Dermapharm),DEU,Sandersdorf-Brehna,~700,"originator_pharma,specialty_orphan,sterile_generics",research,"Dermatology, vitamin D, generics+originator solid/semi-solid forms","12,400 m² logistics expansion (2019 base); ongoing capacity expansion under Dermapharm 2024 plan",https://dermapharm.com/en-en/group-of-companies/production-and-development-in-germany/,,Tier 2,6,industry=3/3 capability=0/2 size=2/2 trigger=1/2,,0.0,0.0,0.0,,,,,,,,0,0,,,,2,94559199
Recipharm Wasserburg,DEU,Wasserburg am Inn,~700,vaccines,research,Sterile fill-finish; contract filling of vaccine vials,,https://www.recipharm.com/,,Tier 2,6,industry=2/3 capability=2/2 size=2/2 trigger=0/2,,0.0,0.0,0.0,,,,,,,,500000,1000000,2015,,,51,104651877
Solvias,CHE,Kaiseraugst,692,originator_pharma,crustdata,Pharmaceutical Manufacturing / Solvias helps innovative companies advance their path to commercialization with ,6.6255778120184905% growth,http://www.solvias.com,,Tier 2,6,industry=2/3 capability=1/2 size=2/2 trigger=1/2,,6.6255778120184905,1.3177159590043925,47.58625439019351,,,0,,,,,500000000,1000000000,1999,,,21431,65591
TRB Chemedica International,CHE,Carouge,641,originator_pharma,crustdata,"Pharmaceutical Manufacturing / We are a market-leading pharma and biotechnology company, based in Switzerland a",2.56% growth,https://www.trbchemedica.com,,Tier 2,6,industry=2/3 capability=1/2 size=2/2 trigger=1/2,,2.56,1.9077901430842605,24.63054187192118,,,0,,,,,500000000,1000000000,1980,,,5566,149235
AOP Health,AUT,Vienna,608,"originator_pharma,specialty_orphan",crustdata,"Pharmaceutical Manufacturing / AOP Health is a global enterprise group with roots in Austria, where the headqua",13.011152416356877% growth,http://www.aop-health.com,oncology_general,Tier 2,6,industry=2/3 capability=1/2 size=2/2 trigger=1/2,,13.011152416356877,4.4673539518900345,29.8401722965314,,,0,,,,,50000000,100000000,1996,,,22909,414818
Aspen Bad Oldesloe GmbH (Aspen Pharmacare),DEU,Bad Oldesloe,600,sterile_generics,research,,EUR 90M Bad Oldesloe anaesthetics expansion (Diprivan/propofol franchise) 2024–26,aspenpharma.com,,Tier 2,6,industry=3/3 capability=0/2 size=2/2 trigger=1/2,,0.0,0.0,0.0,,,,,,,,0,0,,,,33,29661766
Hikma Pharmaceuticals Deutschland GmbH,DEU,"Eschborn (commercial), Martinsried",600,sterile_generics,research,,Linked to Hikma Portugal sterile-fill EUR 80M expansion; DE QC lab build-out,hikma.com/investors,,Tier 2,6,industry=3/3 capability=0/2 size=2/2 trigger=1/2,,6.150249059672665,1.7937219730941705,20.49354742138861,post_ipo_debt,2025-07-15,250000000,,,,,1000000000,1000000000000,1978,,2005-11-04,672160,42352
OM Pharma,CHE,Meyrin,591,originator_pharma,crustdata,Pharmaceutical Manufacturing / OM Pharma transforms immune health with bacterial lysates-innovative therapies t,1.3722126929674099% growth,http://www.ompharma.com,,Tier 2,6,industry=2/3 capability=1/2 size=2/2 trigger=1/2,,1.3722126929674099,-0.6722689075630253,20.068586625608006,,,0,,,,,50000000,100000000,1937,acquired,,34312,65010
Fraunhofer Institute for Industrial Engineering IAO,DEU,Stuttgart,579,"academic_gmp,vaccines",crustdata,"Research Services / How will people live and work in the future? Asking this and similar questions, ",-3.177257525083612% growth,https://www.iao.fraunhofer.de,,Tier 2,6,industry=2/3 capability=1/2 size=2/2 trigger=1/2,,13.953488372093023,0.5128205128205128,50.509461426491995,,,,,,,,20000000,50000000,1984,,,4136,65504791
Jungbunzlauer,CHE,Basel,579,specialty_orphan,crustdata,"Biotechnology / Jungbunzlauer is a leading producer of high-quality, sustainable ingredients fro",8.426966292134832% growth,https://www.jungbunzlauer.com,,Tier 2,6,industry=2/3 capability=1/2 size=2/2 trigger=1/2,,8.426966292134832,1.5789473684210527,37.21167207040296,seed,2025-11-17,1000000,,,,,500000000,1000000000,2024,,,14812,5149956
Schülke & Mayr,DEU,Norderstedt,516,originator_pharma,crustdata,"Pharmaceutical Manufacturing / For 135 years, we stand for pioneering spirit, innovation and quality. Founded b",10.256410256410255% growth,http://www.schuelke.com,,Tier 2,6,industry=2/3 capability=1/2 size=2/2 trigger=1/2,,10.256410256410255,2.788844621513944,0.0,,,0,,,,,500000000,1000000000,,acquired,,13369,129699
Salutas Pharma Barleben,DEU,Barleben,~500,sterile_generics,research,Sterile generic injectables (Sandoz/Hexal),,https://www.salutas.de,,Tier 2,6,industry=3/3 capability=1/2 size=2/2 trigger=0/2,,2.8169014084507045,0.45871559633027525,15.15812431842966,,,,,,,,20000000,50000000,,,,1056,3850554
Swissmedic,CHE,Bern,490,"academic_gmp,veterinary_pharma",crustdata+research,Government Administration / Swissmedic is the national authorisation and supervisory authority for drugs and,0.2044989775051125% growth,https://www.swissmedic.ch/swissmedic/de/home.html,,Tier 2,6,industry=2/3 capability=1/2 size=2/2 trigger=1/2,,0.2044989775051125,0.0,32.827603597545604,,,0,,,,,100000000,500000000,,,,63210,962912
CHEPLAPHARM,DEU,Greifswald,479,specialty_orphan,crustdata,"Pharmaceutical Manufacturing / As a globally operating company headquartered in Germany, CHEPLAPHARM has establ",5.274725274725275% growth,http://www.cheplapharm.com,,Tier 2,6,industry=2/3 capability=1/2 size=2/2 trigger=1/2,,5.274725274725275,1.9148936170212765,37.398251432016885,debt_financing,2025-06-18,3422433971,,,,,500000000,1000000000,1998,,,9115,12487902
Croma-Pharma,AUT,Leobendorf,461,"cdmo_classic,originator_pharma,sterile_generics",crustdata+research+research,Pharmaceutical Manufacturing / Croma is a global player in the minimally invasive aesthetics market and a leadi,New HQ 2017; Clinicore AI venture launched April 2026,http://www.cromapharma.com,,Tier 2,6,industry=3/3 capability=1/2 size=2/2 trigger=0/2,,2.2172949002217295,1.3186813186813187,19.981075540135627,,,,,,,,100000000,500000000,,,,15216,725241
Paul-Ehrlich-Institut,DEU,Dreieich,446,"academic_gmp,vaccines,veterinary_pharma",crustdata+research+research,Research Services / The Paul-Ehrlich-Institut is Germany's Federal Institute for Vaccines and Biomed,-4.700854700854701% growth,https://www.pei.de,,Tier 2,6,industry=2/3 capability=1/2 size=2/2 trigger=1/2,,-4.700854700854701,-1.762114537444934,17.98472793293106,,,0,,,,,0,0,,,,22095,2187303
Covis Pharma,CHE,Zug,436,specialty_orphan,crustdata,"Pharmaceutical Manufacturing / Founded in 2011, Covis Pharma is a private equity backed global specialty pharma",-11.91919191919192% growth,https://covispharma.com/,,Tier 2,6,industry=2/3 capability=1/2 size=2/2 trigger=1/2,,-11.91919191919192,-1.8018018018018018,4.491284240483814,,,0,,,,,50000000,100000000,2011,acquired,,11749,10985207
Berlin-Chemie Bernburg site,DEU,Bernburg,~400,sterile_generics,research,"Sterile parenterals, ampoules",,https://www.berlin-chemie.de,,Tier 2,6,industry=3/3 capability=1/2 size=2/2 trigger=0/2,,3.493862134088763,1.906090190609019,31.713327042046764,,,0,,,,,500000000,1000000000,,,,25123,46085
Cosmo Pharmaceuticals,CHE,Lugano (HQ),~400,late_stage_biotech,research,"Winlevi (clascoterone), GI Genius — CE/FDA already; new EMA filing pipeline",2024 revenue €265.7M (+186% YoY); EMA approval expected H1 2025 on next product,[Cosmo Pharma](https://www.cosmopharma.com/news/cosmo-pharmaceuticals-announces-strong-full-year-2024-revenue-and-cash-and-provides-business-and-pipeline-updates),,Tier 2,6,industry=3/3 capability=1/2 size=2/2 trigger=0/2,,,,,,,,,,,,,,,,,,
Helsinn Group,CHE,Lugano,355,specialty_orphan,crustdata,"Pharmaceutical Manufacturing / Helsinn is a global pharmaceutical company that builds, manufactures, launches, ",-0.5602240896358543% growth,http://www.helsinn.com,oncology_general,Tier 2,6,industry=2/3 capability=1/2 size=2/2 trigger=1/2,,-0.5602240896358543,-0.2808988764044944,0.0,series_unknown,2018-05-24,7033264,,,,,50000000,100000000,1976,,,24294,101863
"Richter Pharma DACH-Vertrieb (Wels HQ, AT)",AUT,Wels,~350,veterinary_pharma,research,"Vet generics, sterile injectables, exporter",,https://www.richter-pharma.at,,Tier 2,6,industry=2/3 capability=2/2 size=2/2 trigger=0/2,,,,,,,,,,,,,,,,,,
Chiesi Deutschland,DEU,Hamburg,339,specialty_orphan,crustdata+research+research,"Pharmaceutical Manufacturing / Chiesi dedicates itself to the research, development and sales of innovative, th",DE arm = commercial; group has own biologics mfg in Parma/Lidköping,http://www.chiesi.de,,Tier 2,6,industry=2/3 capability=2/2 size=2/2 trigger=0/2,,3.0395136778115504,0.2958579881656805,31.46672914714152,,,0,,,,,50000000,100000000,1935,,,5611,16199551
Delta Medical,CHE,Zurich,327,specialty_orphan,crustdata,Pharmaceutical Manufacturing / Delta Medical is a Swiss pharmaceutical company providing its partners with fast,3.8095238095238098% growth,http://www.deltaswiss.eu,oncology_general,Tier 2,6,industry=2/3 capability=1/2 size=2/2 trigger=1/2,,3.8095238095238098,2.1875,12.572354711738829,,,0,,,,,500000000,1000000000,1999,,,4862,238234
"University of Natural Resources and Life Sciences, Vienna",AUT,Vienna,307,veterinary_pharma,crustdata,"Biotechnology / The University of Natural Resources and Life Sciences, Vienna, the Alma Mater Vi",-0.967741935483871% growth,http://www.boku.ac.at,,Tier 2,6,industry=2/3 capability=1/2 size=2/2 trigger=1/2,,-0.967741935483871,-0.6472491909385114,0.0,,,,,,,,500000000,1000000000,,,,2152,726364
A. Menarini GmbH,CHE,Zurich,291,specialty_orphan,crustdata,"Pharmaceutical Manufacturing / A. Menarini GmbH (Menarini) is the Swiss subsidiary of the MENARINI Group, Italy",5.054151624548736% growth,https://menarini.ch/,,Tier 2,6,industry=2/3 capability=1/2 size=2/2 trigger=1/2,,5.054151624548736,1.0416666666666665,9.024577572964668,,,,,,,,5000000,10000000,1996,,,5678,1586697
Tillotts Pharma AG,CHE,Rheinfelden,291,"originator_pharma,specialty_orphan",crustdata+research,"Pharmaceutical Manufacturing / Tillotts Pharma AG, part of the Japanese Zeria Group, is a fast-growing specialt",CHF 3m office renovation 2023; Salmenpark + B15 expansion,http://www.tillotts.com,,Tier 2,6,industry=2/3 capability=1/2 size=2/2 trigger=1/2,,-0.3424657534246575,-2.6755852842809364,21.650805270863835,,,0,,,,,50000000,100000000,1986,,,13294,78085
Bela-Pharm GmbH & Co. KG,DEU,Vechta,~280,veterinary_pharma,research,"Veterinary generics, sterile injectables (CMO), antibiotics, anaesthetics",New aseptic filling line Vechta 2025 (EUR 22 m),https://www.bela-pharm.com,,Tier 2,6,industry=2/3 capability=2/2 size=2/2 trigger=0/2,,-5.555555555555555,-2.857142857142857,2.197802197802198,,,0,,,,,0,0,1967,,,93,7256296
Virbac Tierarzneimittel GmbH,DEU,Bad Oldesloe,~260,veterinary_pharma,research,"Companion animal pharma, dental, dermatology, vaccines (rabies, FeLV)",Bad Oldesloe packaging + QC expansion 2025 (EUR 18 m),https://de.virbac.com,,Tier 2,6,industry=2/3 capability=0/2 size=2/2 trigger=2/2,,,,,,,,,,,,,,,,,,
Octapharma Dessau,DEU,Dessau-Roßlau,~250,plasma_fractionation,research,"Packaging, secondary logistics for Octapharma group",Logistics/packaging line expansion linked to Springe/Vienna ramp,https://www.octapharma.com/about-us/our-locations,,Tier 2,6,industry=3/3 capability=0/2 size=2/2 trigger=1/2,,0.0,0.0,0.0,,,,,,,,500000,1000000,,,,9,6773773
Tillomed (Tillotts) Rheinfelden,CHE,Rheinfelden,~250,sterile_generics,research,Sterile gastro/oncology injectables,,https://www.tillotts.com,oncology_general,Tier 2,6,industry=3/3 capability=1/2 size=2/2 trigger=0/2,,,,0.0,,,,,,,,0,0,,,,71,20757544
Veyx-Pharma GmbH,DEU,Schwarzenborn,~250,veterinary_pharma,research,"Reproduction biologicals (PGF2alpha, GnRH), sterile injectables, infusion",Schwarzenborn aseptic line 2025 (EUR 12 m),https://www.veyx.de,,Tier 2,6,industry=2/3 capability=2/2 size=2/2 trigger=0/2,,,,,,,,,,,,,,,,,,
CP-Pharma Handelsges. mbH,DEU,Burgdorf,~220,veterinary_pharma,research,"Sterile vet injectables, anaesthetics, generics, hormones",Burgdorf isolator filling line 2025 (EUR 14 m),https://www.cp-pharma.de,,Tier 2,6,industry=2/3 capability=2/2 size=2/2 trigger=0/2,,11.11111111111111,5.263157894736842,97.8021978021978,,,0,,,,,0,0,1977,,,180,7354665
Laboratoires Bailleul,CHE,Geneva,211,specialty_orphan,crustdata,"Pharmaceutical Manufacturing / Groupe pharmaceutique français indépendant, les Laboratoires Bailleul proposent ",1.932367149758454% growth,http://www.bailleul.com,,Tier 2,6,industry=2/3 capability=1/2 size=2/2 trigger=1/2,,1.932367149758454,-1.4018691588785046,28.322520852641336,,,0,,,,,10000000,20000000,1949,,,13846,10393011
Serumwerk Memsen-Hodenhagen GmbH,DEU,Hodenhagen,~210,veterinary_pharma,research,"Veterinary infusion solutions, plasma expanders, sterile biologicals",Hodenhagen biologicals expansion 2025 (EUR 25 m),https://www.serumwerk.com,,Tier 2,6,industry=2/3 capability=0/2 size=2/2 trigger=2/2,,,,,,,,,,,,,,,,,,
Medicover Genetics,DEU,Berlin,209,specialty_orphan,crustdata,Biotechnology Research / Medicover Genetics is a network of laboratories and medical institutions with ov,2.450980392156863% growth,https://medicover-genetics.com/,oncology_general,Tier 2,6,industry=2/3 capability=1/2 size=2/2 trigger=1/2,,2.450980392156863,0.966183574879227,0.0,,,0,,,,,20000000,50000000,,,,5874,78635874
Basilea Pharmaceutica,CHE,Allschwil,~200,late_stage_biotech,research,Ceftobiprole (Zevtera) — SAB / ABSSSI / CABP; fosmanogepix (antifungal),"Zevtera FDA NDA approved Apr 2024, US commercial launch May 2025 (via Innoviva); fosmanogepix Ph3 FAST-IC initiated Sep 2024",[Basilea / GlobeNewswire](https://www.globenewswire.com/news-release/2024/09/24/2951846/0/en/Basilea-initiates-clinical-phase-3-study-with-antifungal-fosmanogepix-in-candidemia-and-invasive-candidiasis.html),,Tier 2,6,industry=3/3 capability=1/2 size=2/2 trigger=0/2,,8.636363636363637,2.1367521367521367,25.940713191861736,grant,2026-02-25,190987223,,,,,20000000,50000000,2000,,2004-03-25,23027,112365
ten23 health,CHE,Basel,199,sterile_generics,crustdata,Pharmaceutical Manufacturing / ten23 health is the human-centric and sustainable strategic partner of choice fo,9.340659340659341% growth,https://www.ten23.health/,,Tier 2,6,industry=3/3 capability=1/2 size=1/2 trigger=1/2,,9.340659340659341,1.015228426395939,28.840309773551613,private_equity,2021-09-01,0,,,,,10000000,20000000,2021,,,13143,72111283
Dr. Pfleger Arzneimittel GmbH,DEU,Bamberg,189,cdmo_classic,crustdata,Pharmaceutical Manufacturing / Dr. Pfleger Arzneimittel GmbH is a medium-sized pharmaceutical company with over,-6.435643564356436% growth,http://www.dr-pfleger.de,,Tier 2,6,industry=3/3 capability=1/2 size=1/2 trigger=1/2,,-6.435643564356436,1.06951871657754,21.524097905627052,,,0,,,,,50000000,100000000,1945,,,4816,6752786
ProBioGen AG,DEU,Berlin,189,"atmp_cell_gene,cdmo_classic,vaccines",crustdata+research+research+research,Biotechnology Research / ProBioGen is a renowned contract development and manufacturing organization (CDM,"New Berlin viral-vector facility (2024 announcement, GMP qualification 2025)",http://www.probiogen.de/,,Tier 2,6,industry=3/3 capability=2/2 size=1/2 trigger=0/2,,6.779661016949152,3.278688524590164,34.30096450978556,,,0,,,,,50000000,100000000,1994,acquired,,14342,77173
Dr. Barbara Sturm,DEU,Düsseldorf,181,oncology_hpapi,crustdata,"personal care product manufacturing / Dr. Barbara Sturm is a German aesthetics doctor, world-recognized for non-surgic",,http://drsturm.com,,Excluded,6,industry=3/3 capability=2/2 size=1/2 trigger=0/2,industrial_false_positive,7.100591715976331,1.1173184357541899,14.299867899603699,series_unknown,2021-01-01,0,,,,,10000000,20000000,2011,acquired,,24227,12862600
Formycon AG,DEU,Krailling,181,"late_stage_biotech,oncology_hpapi",crustdata+research,"Biotechnology Research / Who we areFormycon AG is a leading, independent developer of high-quality biosim","FYB203 FDA + EMA approved 2024–2025; EU launch May 2026, US Q4 2026; FYB202 launched 2024 (UK, Canada, US)",http://www.formycon.com,"immuno_oncology,oncology_general",Tier 2,6,industry=3/3 capability=2/2 size=1/2 trigger=0/2,,-8.121827411167512,-3.723404255319149,24.044357469015004,post_ipo_debt,2025-06-27,172137179,,,,,50000000,100000000,2012,,2010-12-20,9508,2110795
Weleda do Brasil,CHE,Switzerland,181,cdmo_classic,crustdata,"Pharmaceutical Manufacturing / Fundada na Suíça em 1921, oferecemos tratamentos eficazes naturais de saúde, bel",7.100591715976331% growth,http://www.weleda.com.br/,,Tier 2,6,industry=3/3 capability=1/2 size=1/2 trigger=1/2,,7.100591715976331,1.6853932584269662,21.82461391931424,,,0,,,,,20000000,50000000,1921,,,17907,462752
BRAIN Biotech AG,DEU,Zwingenberg,174,"bioprocess_vendors,late_stage_biotech,specialty_orphan",crustdata,"Biotechnology / The BRAIN Biotech Group is a leading company in the research, development and pr",-3.867403314917127% growth,https://www.brain-biotech-group.com,,Tier 2,6,industry=3/3 capability=1/2 size=1/2 trigger=1/2,,-3.867403314917127,1.1627906976744187,22.345879704889335,post_ipo_debt,2024-02-29,83035807,,,,,20000000,50000000,1993,,2016-02-10,9784,11747896
Molecular Partners,CHE,Schlieren,161,"atmp_cell_gene,late_stage_biotech",crustdata+research+research,Biotechnology Research / Molecular Partners AG is a clinical-stage biotech company pioneering the design ,None — Orano Med mfg for Radio-DARPin; in-house GMP for protein,http://www.molecularpartners.com,"immuno_oncology,oncology_general,radiopharma",Tier 2,6,industry=3/3 capability=2/2 size=1/2 trigger=0/2,,-10.555555555555555,-4.166666666666666,21.021715913136347,post_ipo_equity,2024-10-25,208817657,,,,,20000000,50000000,2004,,2014-11-04,13598,639155
Labtec,DEU,Langenfeld,156,cdmo_classic,crustdata,"Pharmaceutical Manufacturing / By your side - from idea to marketWe, Labtec, have a vast expertise as a full se",4.697986577181208% growth,http://www.adhexpharma.com/labtec,,Tier 2,6,industry=3/3 capability=1/2 size=1/2 trigger=1/2,,4.697986577181208,1.2987012987012987,0.0,,,0,,,,,10000000,20000000,1990,acquired,,4546,9199132
Grifols Frankfurt office,DEU,Frankfurt am Main,~150 (commercial),plasma_fractionation,research,Commercial HQ for DE/AT/HU; 55 European plasma centers across DE/AT/HU,Owns Biotest (via Tiancheng); EUR 50 M one-time capex savings 2025 from Biotest synergy; Barcelona EUR ~400 M new plant for 2030,https://www.grifols.com/en/deutschland,,Tier 2,6,industry=3/3 capability=0/2 size=1/2 trigger=2/2,,0.0,0.0,0.0,,,,,,,,0,0,,,,9,97552587
Sanofi (Genzyme Geneva pre-2024) / now ExoCoBio CH,CHE,Geneva,~150,atmp_cell_gene,research,"Exosome, gene therapy",Geneva exosome GMP fit-out 2025,https://www.exocobio.com/en/news,,Tier 2,6,industry=3/3 capability=2/2 size=1/2 trigger=0/2,,0.0,8.333333333333332,21.957534955981355,series_c,2020-08-25,47000000,,,,,10000000,20000000,2017,,,2355,13256722
Themis-Valneva / Vienna Biocenter cell node,AUT,Vienna,~150,atmp_cell_gene,research,iPSC and CAR-T academic (CCRI / St. Anna),2024 BMBWF cell-therapy infrastructure grant,https://www.viennabiocenter.org,oncology_celltherapy,Tier 2,6,industry=3/3 capability=2/2 size=1/2 trigger=0/2,,100.0,16.666666666666664,0.0,,,,,,,,0,0,,,,81,107286144
PROTEROS biostructures GmbH,DEU,Krailling,149,cdmo_classic,crustdata,Biotechnology Research / Proteros is a privately held early-stage services provider in structure-based dr,1.3605442176870748% growth,http://www.proteros.com,,Tier 2,6,industry=3/3 capability=1/2 size=1/2 trigger=1/2,,1.3605442176870748,2.054794520547945,36.41400940930476,private_equity,2023-01-09,7034594,,,,,10000000,20000000,2000,,,13048,959086
Lunaphore (a Bio-Techne brand),CHE,Tolochenaz,146,late_stage_biotech,crustdata,"Biotechnology Research / Lunaphore Technologies S.A., a Bio-Techne brand, is a Swiss-based life sciences ",-3.9473684210526314% growth,http://www.lunaphore.com,"immuno_oncology,oncology_general",Tier 2,6,industry=3/3 capability=1/2 size=1/2 trigger=1/2,,-3.9473684210526314,-2.013422818791946,7.842712217116102,series_d,2023-03-23,94407023,,,,,10000000,20000000,2014,acquired,,24875,5093419
BIOMEX,DEU,Heidelberg,138,plasma_fractionation,crustdata,Biotechnology Research / BIOMEX is Europe’s leading supplier of human biospecimens for the diagnostics an,-1.4285714285714286% growth,http://www.biomex.de,oncology_general,Tier 2,6,industry=3/3 capability=1/2 size=1/2 trigger=1/2,,-1.4285714285714286,-0.7194244604316548,31.864864864864867,,,0,,,,,10000000,20000000,1989,,,4879,12697436
Alliance Medical Radiopharmacy,DEU,Berlin,136,oncology_hpapi,crustdata,pharmaceutical manufacturing / Alliance Medical Radiopharmacy is a pharmaceuticals company.We are a team of han,,http://alliancemedical.com,radiopharma,Tier 2,6,industry=3/3 capability=2/2 size=1/2 trigger=0/2,,22.52252252252252,2.2556390977443606,60.71428571428571,,,,,,,,20000000,50000000,,,,1755,80623277
HWI group,DEU,Rülzheim,135,sterile_generics,crustdata,"Pharmaceutical Manufacturing / With 150 colleagues at 3 sites in Ruelzheim, Frankfurt and Appenweier we look ba",11.570247933884298% growth,https://www.hwi-group.de/,,Tier 2,6,industry=3/3 capability=1/2 size=1/2 trigger=1/2,,11.570247933884298,-0.7352941176470588,25.53191489361702,,,0,,,,,10000000,20000000,1991,,,2065,17985245
MoonLake Immunotherapeutics (NASDAQ: MLTX),CHE,Zug,133,late_stage_biotech,crustdata+research,Biotechnology Research / MoonLake Immunotherapeutics AG is a clinical-stage biopharmaceutical company lev,VELA-1 Ph3 met primary endpoint Sep 2025 (HS); VELA-2 missed; IZAR Ph3 PsA readout H1 2026; BLA prep underway,http://www.moonlaketx.com,,Tier 2,6,industry=3/3 capability=2/2 size=1/2 trigger=0/2,,12.711864406779661,-1.4814814814814816,61.28098425909173,post_ipo_equity,2025-11-05,665000000,,,,,2500000,5000000,2021,,2022-04-05,8914,77247577
Microcoat Biotechnologie GmbH,DEU,Bernried,129,cdmo_classic,crustdata,Biotechnology Research / Microcoat offers a wide range of individual and specializedservices for the diag,-0.7692307692307693% growth,http://www.microcoat.de,,Tier 2,6,industry=3/3 capability=1/2 size=1/2 trigger=1/2,,-0.7692307692307693,-2.272727272727273,35.95562279374685,,,0,,,,,20000000,50000000,1992,,,2696,9401747
Lyocontract GmbH,DEU,Ilsenburg,~120,sterile_generics,research,Sterile lyophilization & aseptic fill-finish CDMO,,https://www.lyocontract.com,,Tier 2,6,industry=3/3 capability=2/2 size=1/2 trigger=0/2,,0.0,-4.0,21.27659574468085,,,0,,,,,0,0,2007,acquired,,57,12549394
T-knife Therapeutics,DEU,Berlin-Buch / Waltham,~120,"atmp_cell_gene,late_stage_biotech",research,TCR-T (HuTCR transgenic mouse platform),Uses Catalent CDMO; Berlin Center for Gene & Cell Therapies (CGT Berlin) opens 2028 — anchor user,https://www.bc-gct.com/,oncology_celltherapy,Tier 2,6,industry=3/3 capability=2/2 size=1/2 trigger=0/2,,,,,,,,,,,,,,,,,,
Themis Bioscience (MSD),AUT,Vienna,~120,atmp_cell_gene,research,"Measles-vector vaccines, viral vector",Integrated into MSD's Vienna research hub; vector platform retained 2024,https://www.msd.com/research/,,Tier 2,6,industry=3/3 capability=2/2 size=1/2 trigger=0/2,,40.0,0.0,0.0,,,,,,,,5000000,10000000,1994,,,776,70109155
Stragen,CHE,Plan-les-Ouates,115,"originator_pharma,plasma_fractionation",crustdata+research,"Pharmaceutical Manufacturing / Focusing on innovation for health solutions since 1990, Stragen is a global play",ARCHIMED-backed expansion; 100% European mfg,https://www.stragen.ch,,Tier 2,6,industry=3/3 capability=1/2 size=1/2 trigger=1/2,,3.6036036036036037,-1.7094017094017095,10.12489592006661,,,0,,,,,20000000,50000000,1990,,,6613,1308403
CRS Clinical Research Services,DEU,Mannheim,114,cdmo_classic,crustdata,Biotechnology Research / CRS. Experts. Early Phase - part of hVIVO. CRS is a leading European full-servic,5.555555555555555% growth,http://www.crs-earlyphase.com,,Tier 2,6,industry=3/3 capability=1/2 size=1/2 trigger=1/2,,5.555555555555555,1.7857142857142856,46.03629417382999,,,0,,,,,50000000,100000000,1977,,,3058,9543983
"Ophtapharm, a Sentiss Company",CHE,Hettlingen,113,cdmo_classic,crustdata,"Pharmaceutical Manufacturing / As an established pharmaceutical niche company, we are pursuing the goal of impr",-10.317460317460316% growth,https://www.ophtapharm.ch/en,,Tier 2,6,industry=3/3 capability=1/2 size=1/2 trigger=1/2,,-10.317460317460316,0.0,83.36734693877551,,,,,,,,20000000,50000000,1984,,,1797,97865327
Santhera Pharmaceuticals,CHE,Pratteln,111,"late_stage_biotech,specialty_orphan",crustdata+research+research+research,Pharmaceutical Manufacturing / Santhera Pharmaceuticals (SIX: SANN) is a Swiss specialty pharmaceutical company,EU launch Q1 2024; UK 2024; China 2024; CHMP positive opinion (label expansion to age 2+) Apr 2026,http://www.santhera.com,,Tier 2,6,industry=3/3 capability=1/2 size=1/2 trigger=1/2,,9.900990099009901,2.7777777777777777,27.032305743243246,post_ipo_debt,2025-11-05,309405650,,,,,20000000,50000000,2004,,2006-11-03,24065,1039755
Hookipa Pharma,AUT,Vienna / NYC,~110,"atmp_cell_gene,late_stage_biotech",research,"Arenavirus-based cell-engaging platform (HB-200, HB-700 KRAS)",Ph2 ongoing; pivotal Ph2/3 development plan; partnered with Roche/Gilead,https://hookipapharma.com/,,Tier 2,6,industry=3/3 capability=2/2 size=1/2 trigger=0/2,,-50.0,0.0,0.0,,,,,,,,0,0,2011,,,28,65151025
Mauna Kea / Heidelberg Pharma cell-arm,DEU,Ladenburg,~110,atmp_cell_gene,research,ATAC + CAR-T payload R&D,2025 partnership Telix,https://www.heidelberg-pharma.com,"adc,oncology_celltherapy",Tier 2,6,industry=3/3 capability=2/2 size=1/2 trigger=0/2,,-27.450980392156865,-27.450980392156865,0.0,,,,,,,,20000000,50000000,1999,,,992,7345514
MUNIT SA | Jetpharma | Microchem,CHE,Balerna,110,oncology_hpapi,crustdata,pharmaceutical manufacturing / MUNIT is a leading expert in #MICRONIZATION of Active Pharmaceutical Ingredients,,http://www.munit.com,cytostatika_hpapi,Tier 2,6,industry=3/3 capability=2/2 size=1/2 trigger=0/2,,6.796116504854369,1.8518518518518516,32.34442836468885,,,0,,,,,2500000,5000000,2017,,,1829,11063872
SCIENION,DEU,Berlin,110,cdmo_classic,crustdata,"Biotechnology Research / SCIENION is the leading manufacturer of robust, high performance dispensing auto",5.769230769230769% growth,http://www.scienion.com/,,Tier 2,6,industry=3/3 capability=1/2 size=1/2 trigger=1/2,,5.769230769230769,6.796116504854369,20.0660754651365,series_unknown,2006-07-18,5629137,,,,,20000000,50000000,2001,acquired,,6905,2417573
HAS Healthcare Advanced Synthesis SA,CHE,Biasca,103,oncology_hpapi,crustdata,pharmaceutical manufacturing / HAS Healthcare Advanced Synthesis SA | The HAS GroupWe are a leading full-servic,,https://www.hashealthcare.com,"adc,cytostatika_hpapi,oncology_general",Tier 2,6,industry=3/3 capability=2/2 size=1/2 trigger=0/2,,3.0,0.0,33.95792241946088,private_equity,2025-03-30,0,,,,,20000000,50000000,1984,,,4075,81693353
Gedeon Richter - PregLem S.A.,CHE,Geneva,102,specialty_orphan,crustdata,Pharmaceutical Manufacturing / PregLem is a Swiss-based specialty biopharmaceutical company dedicated to the de,0.9900990099009901% growth,http://www.preglem.com,,Tier 2,6,industry=2/3 capability=2/2 size=1/2 trigger=1/2,,0.9900990099009901,0.0,1.1398763523956723,series_b,2007-12-04,58248124,,,,,5000000,10000000,2006,acquired,,5235,338726
R-Pharm Germany GmbH,DEU,Illertissen,101,oncology_hpapi,crustdata,"pharmaceutical manufacturing / Experience development and team spirit.""Start your career in a company that take",,http://www.r-pharm.de,cytostatika_hpapi,Tier 2,6,industry=3/3 capability=2/2 size=1/2 trigger=0/2,,-1.9417475728155338,2.0202020202020203,9.042113955408754,,,0,,,,,50000000,100000000,2014,,,2641,10583743
Berlin-Buch BIH/Charité ATMP / BCRT,DEU,Berlin-Buch,~100,atmp_cell_gene,research,"CAR-T academic, MSC, gene therapy","2025 new ATMP node within Berlin-Buch campus, BMBF-funded",https://www.bihealth.org,oncology_celltherapy,Tier 2,6,industry=3/3 capability=2/2 size=1/2 trigger=0/2,,0.0,0.0,0.0,,,,,,,,100000000,500000000,,,,57,103460552
Pluristyx / ElevateBio Switzerland,CHE,Basel (EU hub),~100 (CH),atmp_cell_gene,research,"iPSC, AAV, lentivirus",Basel CGT PD center opened 2024,https://www.elevate.bio/news,,Tier 2,6,industry=3/3 capability=2/2 size=1/2 trigger=0/2,,-15.053763440860216,-5.952380952380952,10.31631447696548,,,0,,,,,10000000,20000000,2017,acquired,,8405,11764480
ABX-CRO advanced pharmaceutical services Forschungsgesellschaft,DEU,Dresden,95,"cdmo_classic,oncology_hpapi",crustdata,Pharmaceutical Manufacturing / DEDICATED TO INNOVATIONS IN MEDICINEABX-CRO is an independent international Cont,30.136986301369863% growth,https://www.abx-cro.com,"oncology_general,radiopharma",Tier 2,6,industry=3/3 capability=2/2 size=0/2 trigger=1/2,,30.136986301369863,4.395604395604396,0.0,,,0,,,,,10000000,20000000,2002,,,3010,12662843
ROTOP Pharmaka GmbH,DEU,Dresden,91,"cdmo_classic,oncology_hpapi",crustdata,Pharmaceutical Manufacturing / ROTOP Pharmaka is a leading pharmaceutical company that manufactures cGMP compli,18.181818181818183% growth,http://www.rotop-pharmaka.de,radiopharma,Tier 2,6,industry=3/3 capability=2/2 size=0/2 trigger=1/2,,18.181818181818183,4.597701149425287,57.07205489897065,private_equity,2025-01-15,0,,,,,10000000,20000000,2000,,,4120,36853607
medac pharma production GmbH,DEU,Dessau,81,cdmo_classic,crustdata,Pharmaceutical Manufacturing / medac pharma production GmbH is a world-wide reliable partner for the manufactur,-6.896551724137931% growth,http://production-medac.de,"adc,cytostatika_hpapi",Tier 2,6,industry=3/3 capability=2/2 size=0/2 trigger=1/2,,-6.896551724137931,1.25,20.662983425414364,,,,,,,,50000000,100000000,1997,,,2184,4002474
ZytoService Deutschland GmbH,DEU,Hamburg,81,sterile_generics,crustdata,Pharmaceutical Manufacturing / Die ZytoService Deutschland GmbH gehört zu den national führenden Unternehmen fü,-2.4096385542168677% growth,http://www.zytoservice.de,cytostatika_hpapi,Tier 2,6,industry=3/3 capability=2/2 size=0/2 trigger=1/2,,-2.4096385542168677,1.25,12.757201646090536,,,0,,,,,20000000,50000000,2002,acquired,,822,8716138
Cellistic (ex-Ncardia clinical),DEU,Cologne,~80 (DE),atmp_cell_gene,research,"iPSC-derived allogeneic (NK, CAR-NK, CAR-T) CDMO",2025 €40M expansion of Cologne iPSC mfg,https://www.cellistic.com,oncology_celltherapy,Tier 2,6,industry=3/3 capability=2/2 size=0/2 trigger=1/2,,-4.25531914893617,-5.263157894736842,35.22620485971271,,,0,,,,,10000000,20000000,,,,10073,83302951
Numab Therapeutics AG,CHE,Horgen,78,late_stage_biotech,crustdata+research+research,Biotechnology Research / Numab Therapeutics is a biopharmaceutical company focused on the discovery and d,$1.25B JNJ acquisition of NM26 May 2024; $222M Series C Jan 2025; Ph2/3 prep,http://www.numab.com,oncology_general,Tier 2,6,industry=3/3 capability=2/2 size=0/2 trigger=1/2,,16.417910447761194,5.405405405405405,30.084408345277915,series_c,2025-01-09,187769824,,,,,20000000,50000000,2011,,,8168,3847778
Sartorius CellGenix GmbH,DEU,Freiburg,78,atmp_cell_gene,crustdata,Biotechnology Research / Sartorius CellGenix is a leading global supplier of high quality raw and ancilla,18.181818181818183% growth,https://cellgenix.com,,Tier 2,6,industry=3/3 capability=2/2 size=0/2 trigger=1/2,,18.181818181818183,4.0,5.506072874493928,,,0,,,,,20000000,50000000,1994,acquired,,5212,1498529
Microsynth AG,CHE,Balgach,76,"atmp_cell_gene,cdmo_classic,vaccines,veterinary_pharma",crustdata,Biotechnology / Microsynth (founded in 1989) is a leading company in Europe in the field of DNA/,-2.564102564102564% growth,https://www.microsynth.com,,Tier 2,6,industry=3/3 capability=2/2 size=0/2 trigger=1/2,,-2.564102564102564,-1.2987012987012987,23.462566844919785,,,0,,,,,10000000,20000000,1989,,,3694,5590284
RHEACELL GmbH & Co. KG,DEU,Heidelberg,74,atmp_cell_gene,crustdata,Pharmaceutical Manufacturing / RHEACELL is a late-stage biopharmaceutical company focused on transforming the t,27.586206896551722% growth,https://www.rheacell.com/,,Tier 2,6,industry=3/3 capability=2/2 size=0/2 trigger=1/2,,27.586206896551722,13.846153846153847,87.09677419354838,,,0,,,,,10000000,20000000,2003,,,2378,31488376
JPT Peptide Technologies,DEU,Berlin,73,"atmp_cell_gene,cdmo_classic,oncology_hpapi,vaccines",crustdata,"Biotechnology Research / We are the Peptide Experts!JPT has a large peptide synthesis capacity, providing",0.0% growth,https://www.jpt.com/,radiopharma,Tier 2,6,industry=3/3 capability=2/2 size=0/2 trigger=1/2,,0.0,1.3888888888888888,27.906976744186046,,,0,,,,,10000000,20000000,2004,,,3080,1795950
Glycostem Therapeutics (DACH ops),DEU,Dresden (mfg via Cellex),~70,atmp_cell_gene,research,Allogeneic CAR-NK (oNKord),2024 WiNK Phase 2 readout; expansion of Dresden mfg,https://www.glycostem.com,oncology_celltherapy,Tier 2,6,industry=3/3 capability=2/2 size=0/2 trigger=1/2,,-11.538461538461538,-4.166666666666666,12.634293081220454,,,0,,,,,2500000,5000000,2007,,,5242,5272024
Octapharma Heidelberg,DEU,Heidelberg,~70 (growing to 100),plasma_fractionation,research,Recombinant biologics pilot plant (Nuwiq rFVIII research),Expansion underway to 100 staff; pilot-scale recombinant facility,https://www.octapharma-biopharmaceuticals.com/en/about/company/locations/heidelberg.html,,Tier 2,6,industry=3/3 capability=2/2 size=0/2 trigger=1/2,,,,,,,,,,,,,,,,,,
Oculis,CHE,Lausanne,68,"late_stage_biotech,specialty_orphan",crustdata,Biotechnology Research / Oculis is a global biopharmaceutical company (Nasdaq: OCS; XICE: OCS) purposeful,17.24137931034483% growth,https://www.oculis.com,,Tier 2,6,industry=3/3 capability=2/2 size=0/2 trigger=1/2,,17.24137931034483,7.936507936507936,44.43447037701975,post_ipo_equity,2025-10-30,618999491,,,,,2500000,5000000,2017,,2023-03-03,6436,10050258
Nouscom,CHE,Basel,66,"atmp_cell_gene,late_stage_biotech",crustdata,Biotechnology Research / Nouscom is a clinical-stage biotech company redefining cancer immunotherapy thro,1.5384615384615385% growth,http://www.nouscom.com,oncology_general,Tier 2,6,industry=3/3 capability=2/2 size=0/2 trigger=1/2,,1.5384615384615385,-1.4925373134328357,15.264090747961715,series_c,2024-03-21,143369509,,,,,5000000,10000000,2015,,,16258,18328527
ExcellGene SA,CHE,Monthey,65,"atmp_cell_gene,cdmo_classic",crustdata,Biotechnology Research / Looking for a trusted partner in the development of cell lines and manufacturing,10.16949152542373% growth,https://www.excellgene.com/,,Tier 2,6,industry=3/3 capability=2/2 size=0/2 trigger=1/2,,10.16949152542373,1.5625,37.7375296912114,,,0,,,,,10000000,20000000,2001,acquired,,4639,502017
HAYA Therapeutics,CHE,Lausanne Metropolitan Area,64,atmp_cell_gene,crustdata,Biotechnology Research / HAYA Therapeutics is a precision medicines company developing RNA-guided program,16.363636363636363% growth,http://www.hayatx.com,oncology_general,Tier 2,6,industry=3/3 capability=2/2 size=0/2 trigger=1/2,,16.363636363636363,1.5873015873015872,112.85026054468588,grant,2025-09-01,1108328986,,,,,2500000,5000000,2019,,,21649,18634569
Navigo Proteins GmbH,DEU,Halle,56,"atmp_cell_gene,oncology_hpapi",crustdata,Biotechnology Research / Navigo Proteins discovers and develops novel scaffold proteins-based affinity li,14.285714285714285% growth,http://www.navigo-proteins.com,"oncology_celltherapy,radiopharma",Tier 2,6,industry=3/3 capability=2/2 size=0/2 trigger=1/2,,14.285714285714285,1.8181818181818181,48.75148632580262,,,0,,,,,10000000,20000000,2017,,,2502,18017603
VelaLabs,AUT,Vienna,54,atmp_cell_gene,crustdata,Biotechnology Research / VelaLabs is an independent analytical service provider with focus on biologics -,-23.943661971830984% growth,http://www.vela-labs.at/,,Tier 2,6,industry=3/3 capability=2/2 size=0/2 trigger=1/2,,-23.943661971830984,-3.571428571428571,0.0,,,0,,,,,10000000,20000000,2006,,,3258,10668663
Leukocare AG,DEU,Krailling,53,atmp_cell_gene,crustdata,"Biotechnology Research / For over 20 years, Leukocare has been trusted by pharmaceutical companies, mid-s",12.76595744680851% growth,http://www.leukocare.com,,Tier 2,6,industry=3/3 capability=2/2 size=0/2 trigger=1/2,,12.76595744680851,3.9215686274509802,14.830621499066417,debt_financing,2021-06-23,17500000,,,,,20000000,50000000,2003,,,4305,2555931
DINAMIQS,CHE,Schlieren,50,"atmp_cell_gene,cdmo_classic",crustdata,"Biotechnology Research / DINAMIQS is a leading, science-driven Contract Development and Manufacturing Org",56.25% growth,http://dinamiqs.com/,,Tier 2,6,industry=3/3 capability=2/2 size=0/2 trigger=1/2,,56.25,-1.9607843137254901,34.0,,,0,,,,,1000000,2500000,2022,,,5628,80497257
PROGEN,DEU,Heidelberg,45,atmp_cell_gene,crustdata,"Biotechnology / By delivering robust and reliable viral and non-viral gene therapy tools, antibo",15.384615384615385% growth,http://www.progen.com,,Tier 2,6,industry=3/3 capability=2/2 size=0/2 trigger=1/2,,15.384615384615385,2.272727272727273,26.17559119325904,,,0,,,,,2500000,5000000,1983,,,4642,3104792
Cytosurge,CHE,Opfikon,44,atmp_cell_gene,crustdata,Biotechnology Research / Cytosurge drives the revolution in #SameCell Biology. With our proprietary Fluid,2.3255813953488373% growth,https://www.cytosurge.com,,Tier 2,6,industry=3/3 capability=2/2 size=0/2 trigger=1/2,,2.3255813953488373,-4.3478260869565215,24.8591721773206,,,0,,,,,2500000,5000000,2009,,,5098,558249
Memo Therapeutics AG,CHE,Schlieren,44,"atmp_cell_gene,late_stage_biotech",crustdata+research+research,Biotechnology Research / Memo Therapeutics AG (“MTx”) is a late-stage biotech company translating unique ,"Series C 2024, Schlieren expansion",http://www.memo-therapeutics.com,oncology_general,Tier 2,6,industry=3/3 capability=2/2 size=0/2 trigger=1/2,,-4.3478260869565215,-2.2222222222222223,36.54939962081315,series_c,2024-05-07,108755495,,,,,2500000,5000000,2012,,,6482,10619626
Euro Vital Pharma GmbH,DEU,Hamburg,39,atmp_cell_gene,crustdata,"Pharmaceutical Manufacturing / ProfileEVP, Euro Vital Pharma GmbH is the leading supplier of private labels in ",-15.217391304347828% growth,http://www.eurovitalpharma.com,,Tier 2,6,industry=3/3 capability=2/2 size=0/2 trigger=1/2,,-15.217391304347828,-2.5,20.32766990291262,,,,,,,,5000000,10000000,1992,,,1983,7089649
Complement Therapeutics,DEU,Munich,36,atmp_cell_gene,crustdata,Biotechnology / Complement Therapeutics GmbH (CTx) is a German-headquartered biotechnology compa,9.090909090909092% growth,https://complementtx.com/,,Tier 2,6,industry=3/3 capability=2/2 size=0/2 trigger=1/2,,9.090909090909092,0.0,39.3629388514299,series_a,2023-04-17,84309899,,,,,1000000,2500000,2020,,,5994,78722116
CUP Contract Labs,DEU,Radeberg,36,cdmo_classic,crustdata,"Pharmaceutical Manufacturing / Your trailblazer for the safe and rapid development, approval and quality contro",20.0% growth,https://www.cup-contract-labs.com/en/,radiopharma,Tier 2,6,industry=3/3 capability=2/2 size=0/2 trigger=1/2,,20.0,0.0,19.97055937193327,,,,,,,,10000000,20000000,2005,,,2445,8098408
Micro-Sphere SA,CHE,Tresa,36,"cdmo_classic,oncology_hpapi",crustdata,Pharmaceutical Manufacturing / We are a contract development and manufacturing organisation (CDMO) and a specia,5.88235294117647% growth,http://www.microsphere.ch,,Tier 2,6,industry=3/3 capability=2/2 size=0/2 trigger=1/2,,5.88235294117647,2.857142857142857,0.0,,,0,,,,,1000000,2500000,1998,,,3674,2444124
Pentixapharm,DEU,Berlin/Würzburg,,late_stage_biotech,research,Radiopharma (CXCR4),None — uses Eckert & Ziegler CMO; own GMP expected Phase 3,https://www.fiercebiotech.com/biotech/pentixapharm-scores-22m-frankfurt-ipo-push-ahead-clinical-stage-radiopharmaceuticals,radiopharma,Tier 2,6,industry=3/3 capability=2/2 size=0/2 trigger=1/2,,,,,,,,,,,,,,,,,,
Bayer AG (Pharmaceuticals Division),DEU,"Wuppertal, Leverkusen, Berlin, Bergkamen","~22,000",originator_pharma,research,"Cardiology (Xarelto), women's health, oncology, radiology",EUR 400M Wuppertal 2024–2026 (Aprocitentan/biotech expansion); Berlin radiology fill-finish,https://www.bayer.com/en/news-stories/bayer-invests-in-wuppertal,oncology_general,Tier 2,5,industry=2/3 capability=2/2 size=0/2 trigger=1/2,,,,0.0,,,,,,,,0,0,,,,23,107976514
Lonza,CHE,Münchenstein,18878,"cdmo_classic,originator_pharma,vaccines",crustdata+research+research,"Pharmaceutical Manufacturing / Lonza is a pioneer and world leader in the CDMO industry, setting the pace with ",CHF 500M+ Visp Ibex Biopark mRNA + viral vector 2024–26,http://www.lonza.com,,Tier 2,5,industry=3/3 capability=2/2 size=0/2 trigger=0/2,,5.919317735510296,1.4346354306592874,21.100048728625854,post_ipo_debt,2023-11-06,444795339,,,,,1000000000,1000000000000,,,2020-12-07,437394,7462
B. Braun Melsungen AG (Pharma division),DEU,"Melsungen, Berlin (B. Braun Avitum)","~17,000 (DE)","originator_pharma,sterile_generics",research,"Sterile infusion, dialysis solutions, parenteral nutrition","EUR 1B+ ""Site Melsungen 2025"" expansion; new Pfieffewiesen sterile-fill plant; Ecoflac+ line in Berlin; CHF 80M Sempach IV-bag expansion (CH)",https://www.bbraun.com/en/company/news-and-stories.html,,Tier 2,5,industry=3/3 capability=1/2 size=0/2 trigger=1/2,,0.0,0.0,0.0,,,,,,,,0,0,,,,3,32121251
Galderma,CHE,Zug,8551,originator_pharma,crustdata,Pharmaceutical Manufacturing / Galderma is the leading company solely dedicated to skin and advancing the futur,5.268989289671304% growth,http://www.galderma.com,,Tier 2,5,industry=2/3 capability=1/2 size=1/2 trigger=1/2,,5.268989289671304,1.773387288740776,22.351980153087467,post_ipo_debt,2026-03-10,9856227900,,,,,1000000000,1000000000000,1981,acquired,2024-03-22,525733,24773027
Merck Healthcare,DEU,Darmstadt,6822,"originator_pharma,specialty_orphan",crustdata,Pharmaceutical Manufacturing / Life is a beautiful gift and health is what allows us to enjoy it. That is why w,6.245133156829154% growth,http://merckgroup.com,"immuno_oncology,oncology_general",Tier 2,5,industry=2/3 capability=1/2 size=1/2 trigger=1/2,,6.245133156829154,1.5178571428571428,56.604966096884446,,,,,,,,1000000000,1000000000000,,,,656618,4235
STADA Group,DEU,Bad Vilbel,6471,"originator_pharma,specialty_orphan",crustdata,"Pharmaceutical Manufacturing / As STADA, we follow our purpose of ""Caring for People’s Health as a Trusted Part",3.785084202085004% growth,http://www.stada.com,,Tier 2,5,industry=2/3 capability=1/2 size=1/2 trigger=1/2,,3.785084202085004,0.778694907335306,0.0,private_equity,2017-08-18,0,,,,,1000000000,1000000000000,,acquired,,110395,65121
Stevanato Group (DE site),DEU,Piombino Dese (HQ IT) / Frankfurt office,"~5,500",vaccines,research,"EZ-fill vials, syringes; partner for COVID mRNA vaccines",,https://www.stevanatogroup.com/,,Tier 2,5,industry=2/3 capability=2/2 size=1/2 trigger=0/2,,0.0,0.0,0.0,,,,,,,,0,500000,2017,,,4,73612202
Gerresheimer,DEU,Düsseldorf,3724,"originator_pharma,vaccines",crustdata+research,Pharmaceutical Manufacturing / About GerresheimerGerresheimer is an innovative system and solution provider and,2.3639362286970864% growth,http://www.gerresheimer.com,,Tier 2,5,industry=2/3 capability=1/2 size=1/2 trigger=1/2,,2.3639362286970864,0.8121277747698972,32.00167329010667,post_ipo_equity,2023-04-18,298080912,,,,,1000000000,1000000000000,,acquired,2017-02-17,107287,55187
STADA Arzneimittel AG,DEU,"Bad Vilbel, Dresden","~3,300 (DE)","medical_cannabis,originator_pharma,sterile_generics",research,Pharma processor / brand owner — partners MediPharm Labs for finishing,CannabiSTADA growth post-2024 legalization; STADA largest DE pharma in cannabis by volume,https://www.stada.com/media/press-releases,,Tier 2,5,industry=3/3 capability=0/2 size=1/2 trigger=1/2,,80.0,0.0,0.0,,,,,,,,0,0,,,,401,107964660
Deutsches Krebsforschungszentrum (DKFZ),DEU,Heidelberg,"~3,000",academic_gmp,research,"GMP unit for clinical trial materials (cell therapy, radiopharma)",,https://www.dkfz.de,radiopharma,Tier 2,5,industry=1/3 capability=2/2 size=2/2 trigger=0/2,,0.0,0.0,0.0,,,,,,,,0,0,,,,59,105808290
Helmholtz Munich (HMGU),DEU,Munich/Neuherberg,"~2,500",academic_gmp,research,Translational pharma; GMP cell therapy via partner units,,https://www.helmholtz-munich.de,,Tier 2,5,industry=1/3 capability=2/2 size=2/2 trigger=0/2,,-50.0,0.0,0.0,,,,,,,,5000000,10000000,2007,,,1205,80351601
DRK-Blutspendedienst West,DEU,Hagen / Breitscheid,"~1,800",plasma_fractionation,research,"Collection / processing (NRW, RLP, SL)",,https://www.blutspendedienst-west.de/,,Tier 2,5,industry=3/3 capability=0/2 size=2/2 trigger=0/2,,4.545454545454546,-0.5405405405405406,35.12476007677543,,,0,,,,,500000000,1000000000,1951,,,1408,7030178
Octapharma Pharmazeutika (Vienna),AUT,Vienna,"~1,700",plasma_fractionation,research,Processing (fractionation),,https://www.octapharma.com/news/press-release/2025/octapharma-expands-production-for-the-global-market-at-its-manufacturing-site-in-vienna,,Tier 2,5,industry=3/3 capability=0/2 size=2/2 trigger=0/2,,0.0,0.0,0.0,,,,,,,,500000,1000000,,,,9,6773773
dsm-firmenich Animal Nutrition & Health,CHE,Kaiseraugst,1652,veterinary_pharma,crustdata,Farming / The world has a lot on its plate. But not enough of the good stuff. One in eight,7.342430149447693% growth,http://www.dsm.com/anh,,Tier 2,5,industry=2/3 capability=0/2 size=2/2 trigger=1/2,,7.342430149447693,1.3496932515337423,0.0,,,,,,,,1000000000,1000000000000,,,,112125,11818881
msg global solutions,CHE,Zurich,1626,vaccines,crustdata,"IT Services and IT Consulting / msg global solutions is a systems integrator, product innovator, and strategic p",6.973684210526315% growth,http://www.msg-global.com,,Tier 2,5,industry=2/3 capability=0/2 size=2/2 trigger=1/2,,6.973684210526315,1.9435736677115987,17.78906500861138,,,0,,,,,500000000,1000000000,2008,acquired,,40351,1306591
Coperion,DEU,Stuttgart,1518,vaccines,crustdata,"Machinery Manufacturing / Hi, we are Coperion! 👋 We are pioneers, inventors, thinkers, doers, creators, or",0.13192612137203166% growth,https://www.coperion.com,,Tier 2,5,industry=2/3 capability=0/2 size=2/2 trigger=1/2,,0.13192612137203166,0.19801980198019803,10.113495024875622,,,0,,,,,500000000,1000000000,2001,acquired,,56660,88921
DRK-Blutspendedienst Baden-Württemberg–Hessen,DEU,Frankfurt / Mannheim,"~1,500",plasma_fractionation,research,Collection / processing,,https://www.blutspende.de/,,Tier 2,5,industry=3/3 capability=0/2 size=2/2 trigger=0/2,,21.202531645569618,2.680965147453083,48.91131173659055,,,0,,,,,500000000,1000000000,1953,,,2804,41157977
DRK-Blutspendedienst Nord-Ost,DEU,Berlin / Dessau / Neubrandenburg / Rostock,"~1,500 (regional)",plasma_fractionation,research,Collection (incl. plasma),,https://plasmaspende.blutspende.de/standorte,,Tier 2,5,industry=3/3 capability=0/2 size=2/2 trigger=0/2,,10.576923076923077,0.8771929824561403,39.01960784313726,,,0,,,,,100000000,500000000,,,,1418,41125195
Groz-Beckert,DEU,Ebingen,1441,vaccines,crustdata,Machinery Manufacturing / Welcome to the textile world of Groz-Beckert.Textiles are encountered by man in ,4.571843251088534% growth,http://www.groz-beckert.com,,Excluded,5,industry=2/3 capability=0/2 size=2/2 trigger=1/2,industrial_false_positive,4.571843251088534,5.567765567765568,0.0,,,0,,,,,1000000000,1000000000000,,,,54383,1606371
Haema AG (Grifols),DEU,Leipzig (HQ),"~1,300",plasma_fractionation,research,Collection (+ central lab Berlin),,https://www.linkedin.com/company/haema-ag,,Tier 2,5,industry=3/3 capability=0/2 size=2/2 trigger=0/2,,,,,,,,,,,,,,,,,,
Wiener Gesundheitsverbund,AUT,Vienna,1290,veterinary_pharma,crustdata,"Hospitals and Health Care / Wir sind der Wiener Gesundheitsverbund. Mit 8 Kliniken, 9 Pflegeeinrichtungen, e",8.312342569269521% growth,http://karriere.gesundheitsverbund.at/,,Tier 2,5,industry=2/3 capability=0/2 size=2/2 trigger=1/2,,8.312342569269521,2.5437201907790143,0.0,,,0,,,,,0,0,2002,,,16261,14030766
BHTC GmbH,DEU,Lippstadt,1271,vaccines,crustdata,Motor Vehicle Manufacturing / We've moved! This page will no longer be active because BHTC GmbH has officially,-22.024539877300615% growth,http://www.bhtc.com,,Tier 2,5,industry=2/3 capability=0/2 size=2/2 trigger=1/2,,-22.024539877300615,-13.537414965986393,46.02119497094238,,,0,,,,,500000000,1000000000,1999,acquired,,38443,111658
Mundipharma GmbH,DEU,Limburg an der Lahn,"~1,200","originator_pharma,sterile_generics",research,"Pain (Targin, Mundidol), oncology, respiratory",EUR 25M Limburg solid-dose & sterile capacity 2024,https://www.mundipharma.de/presse,oncology_general,Tier 2,5,industry=3/3 capability=0/2 size=2/2 trigger=0/2,,,,,,,,,,,,,,,,,,
Swiss Transfusion SRC + regional Blutspende SRK,CHE,Bern (HQ),"~1,200 (network)",plasma_fractionation,research,Collection (+ regional processing),,https://en.blutspende-srk.ch/en,,Tier 2,5,industry=3/3 capability=0/2 size=2/2 trigger=0/2,,,,,,,,,,,,,,,,,,
EMAG Group,DEU,Salach,1130,vaccines,crustdata,Machinery Manufacturing / The EMAG Group covers the entire spectrum of machining processes in the metalwor,-3.0874785591766725% growth,https://www.emag.com,,Tier 2,5,industry=2/3 capability=0/2 size=2/2 trigger=1/2,,-3.0874785591766725,0.0,0.0,,,0,,,,,500000000,1000000000,,,,33709,1282604
Cheplapharm Arzneimittel GmbH,DEU,Greifswald (HQ; mfg via Bayer-Greifswald site acquired 2023),"~1,100","originator_pharma,specialty_orphan,sterile_generics",research,"Niche/legacy specialty incl. rare endocrine, hematooncology divestments (XENICAL, DILATREND, others)",EUR 50M Greifswald sterile QC and packaging 2024–26,https://www.cheplapharm.com/news,,Tier 2,5,industry=3/3 capability=0/2 size=2/2 trigger=0/2,,5.274725274725275,1.9148936170212765,37.398251432016885,debt_financing,2025-06-18,3422433971,,,,,500000000,1000000000,1998,,,9115,12487902
Recordati Pharma GmbH,DEU,Ulm (Cassella-med),"~1,100 (DE)","originator_pharma,sterile_generics",research,"Rare diseases (Carbaglu, Panhematin), urology (Urorec)",EUR 30M Ulm solid-dose modernisation 2024,https://www.recordati.com/en/media,,Tier 2,5,industry=3/3 capability=0/2 size=2/2 trigger=0/2,,0.0,0.0,0.0,,,,,,,,1000000,2500000,2004,,,453,81506109
UNITED GRINDING,CHE,Bern,1064,vaccines,crustdata,"Metalworking Machinery Manufacturing / UNITED GRINDING is one of the world’s leading manufacturers of grinding, eroding",-1.4814814814814816% growth,http://www.grinding.ch,,Tier 2,5,industry=2/3 capability=0/2 size=2/2 trigger=1/2,,-1.4814814814814816,-0.6535947712418301,10.728536491182906,,,0,,,,,500000000,1000000000,1993,,,17205,2480540
DRK-Blutspendedienst NSTOB,DEU,Springe (HQ),"~1,000 (regional)",plasma_fractionation,research,Collection (incl. plasma),,https://www.blutspende-leben.de/ueber-uns/plasmazentren,,Tier 2,5,industry=3/3 capability=0/2 size=2/2 trigger=0/2,,11.11111111111111,5.769230769230769,0.0,,,0,,,,,100000000,500000000,1962,,,492,41072215
Kwizda Pharma,AUT,Vienna + Leobendorf + Enns,"1,000+ group",originator_pharma,research,OTC + Rx liquid dose; >30 markets,Continuing GMP liquid-dose investment,https://www.kwizda-pharma.at/en/,,Tier 2,5,industry=2/3 capability=1/2 size=2/2 trigger=0/2,,3.3333333333333335,-3.125,44.29692214846108,,,0,,,,,50000000,100000000,,,,2391,18363826
in-tech GmbH,DEU,Garching,991,vaccines,crustdata,IT Services and IT Consulting / We create the mobility of the future: in-tech develops innovative solutions for ,-8.831646734130635% growth,http://www.in-tech.com,,Tier 2,5,industry=2/3 capability=0/2 size=2/2 trigger=1/2,,-8.831646734130635,-0.4020100502512563,16.055726847093755,,,0,,,,,500000000,1000000000,2002,acquired,,10163,3205513
Hengst Filtration,DEU,Münster,965,"bioprocess_vendors,vaccines",crustdata,"Environmental Services / Mobility, Health, Technology, Environmental Protection & Sustainability - Hengst",5.349344978165939% growth,http://www.hengst.com,,Tier 2,5,industry=2/3 capability=0/2 size=2/2 trigger=1/2,,5.349344978165939,0.8359456635318705,0.0,,,0,,,,,500000000,1000000000,1958,,,21809,2005578
KAESER KOMPRESSOREN,DEU,Coburg,880,vaccines,crustdata,Machinery Manufacturing / Das Familienunternehmen KAESER KOMPRESSOREN ist einer der weltweit führenden Her,10.69182389937107% growth,https://www.kaeser.com/int-en,,Tier 2,5,industry=2/3 capability=0/2 size=2/2 trigger=1/2,,10.69182389937107,2.088167053364269,0.0,,,,,,,,1000000000,1000000000000,1919,,,26251,23430363
MAPAL Dr. Kress SE & Co. KG,DEU,Aalen,872,vaccines,crustdata,Machinery Manufacturing / MAPAL Dr. Kress SE & Co. KG is one of the leading international suppliers of pre,0.34522439585730724% growth,http://www.mapal.com,,Tier 2,5,industry=2/3 capability=0/2 size=2/2 trigger=1/2,,0.34522439585730724,1.3953488372093024,0.0,,,0,,,,,500000000,1000000000,1999,,,15026,9814565
HAWE Hydraulik,DEU,Aschheim,854,vaccines,crustdata,Machinery Manufacturing / An aerial ladder for the fire brigade that transports the fireman to dizzying he,0.2347417840375587% growth,https://www.hawe.com/,,Tier 2,5,industry=2/3 capability=0/2 size=2/2 trigger=1/2,,0.2347417840375587,1.7878426698450536,0.0,,,0,,,,,500000000,1000000000,,,,24070,1602273
hameln pharma plus GmbH (Siegfried),DEU,Hameln,850,sterile_generics,research,,EUR 80M Hameln high-speed ampoule line + lyo doubling 2024–26,hameln-pharma.com,,Tier 2,5,industry=3/3 capability=0/2 size=2/2 trigger=0/2,,12.5,2.857142857142857,57.939189189189186,,,0,,,,,10000000,20000000,,,,935,84029213
Datamars,CHE,Switzerland,849,veterinary_pharma,crustdata,Software Development / Welcome to Datamars. We are a global data solutions company with a 30+ year lega,0.3546099290780142% growth,http://www.datamars.com,,Tier 2,5,industry=2/3 capability=0/2 size=2/2 trigger=1/2,,0.3546099290780142,0.9512485136741973,14.100667832011116,grant,2023-09-18,8942961,,,,,500000000,1000000000,1988,,,25457,81496
VITRONIC Machine Vision,DEU,Wiesbaden,844,vaccines,crustdata,"Automation Machinery Manufacturing / VITRONIC is the world's leading innovation driver for industrial machine vision,",4.069050554870531% growth,https://www.vitronic.com,,Tier 2,5,industry=2/3 capability=0/2 size=2/2 trigger=1/2,,4.069050554870531,0.5959475566150179,0.0,,,0,,,,,500000000,1000000000,1984,acquired,,17658,127426
Bionorica SE,DEU,Neumarkt in der Oberpfalz,841,"medical_cannabis,originator_pharma",crustdata+research+research+research+research,Pharmaceutical Manufacturing / Bionorica is one of the leading manufacturers of herbal remedies in the world. O,No active THC programs (sold 2019); herbal-API GMP manufacturer reference for cannabis-adjacent lab/PAS,https://bionorica.com/,,Tier 2,5,industry=2/3 capability=1/2 size=2/2 trigger=0/2,,4.9937578027465666,0.35799522673031026,30.76923076923077,,,0,,,,,500000000,1000000000,1933,,,16065,6520553
CSL Plasma Deutschland GmbH,DEU,Göttingen / nationwide,~800 (est.),plasma_fractionation,research,Collection,,https://www.csl.com/we-are-csl/our-businesses-and-products/csl-behring/csl-plasma,,Tier 2,5,industry=3/3 capability=0/2 size=2/2 trigger=0/2,,0.0,0.0,0.0,,,,,,,,500000,1000000,1990,,,5,73824236
MaibornWolff GmbH,DEU,Munich,753,vaccines,crustdata,"IT Services and IT Consulting / MaibornWolff has been inspiring clients from all industries in IT consulting, so",-11.723329425556859% growth,https://www.maibornwolff.de,,Tier 2,5,industry=2/3 capability=0/2 size=2/2 trigger=1/2,,-11.723329425556859,-2.7131782945736433,17.450903597605326,,,0,,,,,500000000,1000000000,1989,,,20992,8738045
SCHERDEL,DEU,Marktredwitz,709,vaccines,crustdata,"Automotive / Employees: approx. 7000 Locations: 35, 11 of which are in the greater Marktredwi",4.418262150220913% growth,http://www.scherdel.com,,Tier 2,5,industry=2/3 capability=0/2 size=2/2 trigger=1/2,,4.418262150220913,1.2857142857142856,115.07481987807131,,,0,,,,,1000000000,1000000000000,,,,11642,5082360
BENEO,DEU,Mannheim,695,veterinary_pharma,crustdata,Food and Beverage Manufacturing / BENEO – Connecting nutrition and health BENEO offers a range of nutrients with h,3.422619047619048% growth,http://www.beneo.com,,Tier 2,5,industry=2/3 capability=0/2 size=2/2 trigger=1/2,,3.422619047619048,0.5788712011577424,30.134188539117226,,,0,,,,,500000000,1000000000,2007,,,77098,981087
Bender,DEU,Grünberg,672,vaccines,crustdata,"Appliances, Electrical, and Electronics Manufacturing / Bender is one of the world's leading providers of solutions that make electrical",1.8181818181818181% growth,https://www.bender.de/en/,,Tier 2,5,industry=2/3 capability=0/2 size=2/2 trigger=1/2,,1.8181818181818181,0.9009009009009009,12.680691522599458,,,0,,,,,500000000,1000000000,1946,,,27049,12232707
WEISS Group,DEU,Buchen,667,vaccines,crustdata,"Automation Machinery Manufacturing / With its automation solutions, WEISS GmbH is one of the world’s leading system s",3.894080996884735% growth,http://www.weiss-world.com,,Tier 2,5,industry=2/3 capability=0/2 size=2/2 trigger=1/2,,3.894080996884735,0.0,0.0,,,0,,,,,100000000,500000000,1967,,,6943,17999362
Austrian Agency for Health and Food Safety,AUT,Vienna,654,veterinary_pharma,crustdata,Research Services / The Austrian Agency for Health and Food Safety (AGES) is a company of the Republ,5.9967585089141% growth,http://www.ages.at,,Tier 2,5,industry=2/3 capability=0/2 size=2/2 trigger=1/2,,5.9967585089141,0.7704160246533128,43.413779893832434,,,0,,,,,500000000,1000000000,2002,,,26206,1015109
G. Pohl-Boskamp,DEU,Hohenlockstedt + Dägeling,~650,"originator_pharma,sterile_generics",research,"NYDA, GeloMyrtol forte (respiratory, cardio, anti-parasitic, DiGA)",Continuous production-line investment; M&A Kalmeda 2023,https://www.pohl-boskamp.de/en/about-us/company,,Tier 2,5,industry=3/3 capability=0/2 size=2/2 trigger=0/2,,10.550458715596331,0.4166666666666667,38.611713665943604,,,0,,,,,500000000,1000000000,,,,3834,2349723
Vetmeduni,AUT,Vienna,647,veterinary_pharma,crustdata,Higher Education / Die Veterinärmedizinische Universität Wien (Vetmeduni) ist die einzige universit,1.09375% growth,http://www.vetmeduni.ac.at,,Tier 2,5,industry=2/3 capability=0/2 size=2/2 trigger=1/2,,1.09375,1.09375,25.424567188788128,,,0,,,,,500000000,1000000000,,,,7607,947305
RAFI Group,DEU,Berg,632,vaccines,crustdata,"Appliances, Electrical, and Electronics Manufacturing / RAFIs has been one of the world's leading suppliers of human-machine communicati",3.2679738562091507% growth,http://www.rafi-group.com,,Tier 2,5,industry=2/3 capability=0/2 size=2/2 trigger=1/2,,3.2679738562091507,1.282051282051282,21.311475409836063,,,0,,,,,500000000,1000000000,1990,acquired,,8658,3848490
HEIDENHAIN,DEU,Traunreut,622,vaccines,crustdata,"Automation Machinery Manufacturing / DR. JOHANNES HEIDENHAIN GmbH develops and produces linear encoders, angle encode",2.302631578947368% growth,https://www.heidenhain.com,,Tier 2,5,industry=2/3 capability=0/2 size=2/2 trigger=1/2,,2.302631578947368,0.8103727714748784,47.877179681576955,,,0,,,,,500000000,1000000000,1965,,,7802,68551555
"Swiss Federal Institute for Forest, Snow and Landscape Research WSL",CHE,Birmensdorf (ZH),611,academic_gmp,crustdata,"Research Services / The Swiss Federal Institute for Forest, Snow and Landscape Research WSL provides",7.005253940455342% growth,http://www.wsl.ch,,Tier 2,5,industry=1/3 capability=1/2 size=2/2 trigger=1/2,,7.005253940455342,0.4934210526315789,0.0,,,0,,,,,500000000,1000000000,,,,16462,38225
BioLife Plasmazentrum (Takeda),AUT,Vienna (multiple),"~600 (AT, est.)",plasma_fractionation,research,Collection,,https://www.plasmazentrum.at/plasmazentren/,,Tier 2,5,industry=3/3 capability=0/2 size=2/2 trigger=0/2,,,,,,,,,,,,,,,,,,
Medios AG (Bedrocan DE distributor + GMP packaging),DEU,Berlin,~600 (group),medical_cannabis,research,Specialty pharma — Bedrocan exclusive DE/AT/IT/ES/BE distributor; GMP packaging,Exclusive Bedrocan rights 2024; integration with Cannaflos network,https://bedrocan.com/medios-ag-becomes-bedrocans-exclusive-distribution-partner-for-germany/,,Tier 2,5,industry=2/3 capability=1/2 size=2/2 trigger=0/2,,1.2048192771084338,-1.1764705882352942,12.265693797962008,,,0,,,,,20000000,50000000,1984,,2014-08-25,8924,7108107
Octapharma Plasma GmbH,DEU,Langenfeld,~600–800 (est.),plasma_fractionation,research,Collection,,https://www.octapharmaplasma.de/,,Tier 2,5,industry=3/3 capability=0/2 size=2/2 trigger=0/2,,,,0.0,,,,,,,,0,0,,,,2,91228939
Starrag,CHE,Rorschacherberg,559,vaccines,crustdata,Machinery Manufacturing / Starrag is a global technology leader in manufacturing high-precision machine to,-0.17857142857142858% growth,http://www.starrag.com,,Tier 2,5,industry=2/3 capability=0/2 size=2/2 trigger=1/2,,-0.17857142857142858,1.6363636363636365,0.0,,,0,,,,,500000000,1000000000,,,,21224,5370972
knoell,DEU,Mannheim,556,veterinary_pharma,crustdata,"Environmental Services / Founded in 1996, knoell is an independent provider of global regulatory services",0.18018018018018017% growth,http://www.knoell.com,,Tier 2,5,industry=2/3 capability=0/2 size=2/2 trigger=1/2,,0.18018018018018017,-0.35842293906810035,15.648991251562222,,,,,,,,100000000,500000000,1996,,,12955,685355
Bilfinger Life Science,AUT,Puch bei Hallein,553,bioprocess_vendors,crustdata+research,"Machinery Manufacturing / Bioreactor Systems, Fermentation Plants, Piping & Co.Plant engineering at its be",2.4074074074074074% growth,https://lifescience.bilfinger.com,,Tier 2,5,industry=0/3 capability=2/2 size=2/2 trigger=1/2,,2.4074074074074074,0.18115942028985507,0.0,,,,,,,,500000000,1000000000,1955,,,10633,9730543
ISRA VISION,DEU,Darmstadt,548,vaccines,crustdata,"Automation Machinery Manufacturing / Machine Vision is one of the key technologies for industrial digitization, and I",-0.9041591320072333% growth,https://www.isravision.com,,Tier 2,5,industry=2/3 capability=0/2 size=2/2 trigger=1/2,,-0.9041591320072333,3.787878787878788,9.124731695683282,,,0,,,,,500000000,1000000000,1985,,,22878,377135
Bayer Animal Health,DEU,Monheim,537,veterinary_pharma,crustdata,Veterinary / Elanco’s combination with Bayer Animal Health brings together 166 years of exper,5.9171597633136095% growth,https://www.elanco.com/,,Tier 2,5,industry=2/3 capability=0/2 size=2/2 trigger=1/2,,5.9171597633136095,2.2857142857142856,0.0,,,0,,,,,500000000,1000000000,,acquired,,151735,5012620
Berlin Institute of Health,DEU,Berlin,528,academic_gmp,crustdata,Research Services / The Berlin Institute of Health (BIH) is a biomedical research institution focusi,-0.37735849056603776% growth,http://www.bihealth.org,,Tier 2,5,industry=1/3 capability=1/2 size=2/2 trigger=1/2,,-0.37735849056603776,0.9560229445506693,0.0,,,0,,,,,100000000,500000000,2013,,,19272,10636982
BENNING,DEU,Bocholt,515,vaccines,crustdata,"Electrical Equipment Manufacturing / Sustainability, Safety and Efficiency through InnovationsFor more than half a ce",4.040404040404041% growth,https://www.benning.de/benning-group.html,,Tier 2,5,industry=2/3 capability=0/2 size=2/2 trigger=1/2,,4.040404040404041,0.9803921568627451,0.0,,,0,,,,,100000000,500000000,1938,,,4770,6059065
Desitin Arzneimittel GmbH,DEU,Hamburg,~500,specialty_orphan,research,"CNS rare: Dravet, Wilson's, cystinuria, myasthenia gravis, TSC angiofibromas (Pascomer)",Own GMP production plant in Hamburg,https://desitinpharma.com/about-desitin/,,Tier 2,5,industry=2/3 capability=1/2 size=2/2 trigger=0/2,,3.4722222222222223,1.3605442176870748,33.11751375849789,,,0,,,,,50000000,100000000,1919,,,4112,5436511
Dr. Friedrich Eberth Arzneimittel,DEU,Ursensollen,500,sterile_generics,research,,EUR 15M ampoule line 2024,eberth-arzneimittel.de,,Tier 2,5,industry=3/3 capability=0/2 size=2/2 trigger=0/2,,0.0,0.0,17.857142857142858,,,0,,,,,0,0,1916,,,33,12292079
Tenthpin,CHE,Basel,470,veterinary_pharma,crustdata,Business Consulting and Services / We are a global boutique consultancy – 100% focused on Life Sciences. We create ,5.617977528089887% growth,https://tenthpin.com/,,Tier 2,5,industry=2/3 capability=0/2 size=2/2 trigger=1/2,,5.617977528089887,0.0,0.0,,,0,,,,,20000000,50000000,2017,,,14409,11140503
Zimmer Group,DEU,Rheinau,465,vaccines,crustdata,"Industrial Automation / ZIMMER Group is based in Rheinau – Freistett, Germany and is a family-owned and ",4.260089686098654% growth,http://www.zimmer-group.com,,Tier 2,5,industry=2/3 capability=0/2 size=2/2 trigger=1/2,,4.260089686098654,1.3071895424836601,23.017861032454803,,,0,,,,,500000000,1000000000,1980,,,22591,3318276
Sumitomo (SHI) Demag,DEU,Schwaig,458,vaccines,crustdata,Machinery Manufacturing / Times may change. But here at Sumitomo (SHI) Demag our dedication to quality man,-1.293103448275862% growth,http://www.sumitomo-shi-demag.eu,,Excluded,5,industry=2/3 capability=0/2 size=2/2 trigger=1/2,industrial_false_positive,-1.293103448275862,-0.6507592190889371,17.048816568047336,,,0,,,,,500000000,1000000000,,,,28485,5097327
MATISA Matériel Industriel S.A.,CHE,Crissier,413,vaccines,crustdata,"Machinery Manufacturing / We Are MATISAAt MATISA, we combine pragmatism, reliability, and dynamism to engi",4.556962025316456% growth,https://www.matisa.ch/,,Tier 2,5,industry=2/3 capability=0/2 size=2/2 trigger=1/2,,4.556962025316456,2.9925187032418954,0.0,,,0,,,,,20000000,50000000,1945,,,12590,1665233
DHU – Deutsche Homöopathie-Union (Schwabe),DEU,Karlsruhe,~400,originator_pharma,research,Homeopathic singles + Schüßler salts,Terra Medica 15.5 ha plant cultivation expansion,https://karriere.schwabe-group.com/unternehmen/dhu/,,Tier 2,5,industry=2/3 capability=0/2 size=2/2 trigger=1/2,,,,,,,,,,,,,,,,,,
Interregionale Blutspende SRK,CHE,Bern / Biel / Lausanne / Epalinges,~400,plasma_fractionation,research,Collection / processing,,https://www.itransfusion.ch/,,Tier 2,5,industry=3/3 capability=0/2 size=2/2 trigger=0/2,,0.0,-0.7936507936507936,22.946175637393768,,,,,,,,20000000,50000000,,,,868,11257712
Schwabe Group,DEU,Karlsruhe,400,"originator_pharma,specialty_orphan",crustdata+research,Pharmaceutical Manufacturing / The Schwabe Group comprises several different affiliated companies in the pharma,>€35m/yr R&D; ongoing Ettlingen semi-solid capacity,https://www.schwabe-group.com/,,Tier 2,5,industry=2/3 capability=1/2 size=2/2 trigger=0/2,,1.2658227848101267,-0.24937655860349126,35.681304646821886,,,0,,,,,500000000,1000000000,,,,13811,419953
Dr. R. Pfleger Arzneimittel,DEU,Bamberg,~390 (280 in Bamberg),originator_pharma,research,"Urology, dermatology, gynecology, OTC pain & hair",GMP plant ongoing modernization; >60 SKUs,https://www.kade.de cross / https://www.bionity.com/en/companies/1039465/,,Tier 2,5,industry=2/3 capability=1/2 size=2/2 trigger=0/2,,,,,,,,,,,,,,,,,,
Hosokawa Alpine Aktiengesellschaft,DEU,Augsburg,388,vaccines,crustdata,Industrial Machinery Manufacturing / PROCESS TECHNOLOGIES FOR TOMORROW - OUR DAILY MOTIVATIONHOSOKAWA ALPINE is the l,3.7433155080213902% growth,https://www.hosokawa-alpine.com/,,Tier 2,5,industry=2/3 capability=0/2 size=2/2 trigger=1/2,,3.7433155080213902,1.0416666666666665,24.19737663960025,,,0,,,,,500000000,1000000000,,,,9942,3491458
LMT Tools,DEU,Lahr,388,vaccines,crustdata,Industrial Machinery Manufacturing / LMT Tools is one of the leading experts in the development and production of pre,1.0416666666666665% growth,http://www.lmt-tools.com,,Tier 2,5,industry=2/3 capability=0/2 size=2/2 trigger=1/2,,1.0416666666666665,0.5181347150259068,14.11476747348382,,,0,,,,,500000000,1000000000,1908,,,16784,18101255
EW Nutrition,DEU,Visbek,385,veterinary_pharma,crustdata,"Animal Feed Manufacturing / EW Nutrition is an animal nutrition company that offers integrators, feed produc",7.5418994413407825% growth,http://ew-nutrition.com,,Tier 2,5,industry=2/3 capability=0/2 size=2/2 trigger=1/2,,7.5418994413407825,1.3157894736842104,22.99656842955188,,,0,,,,,50000000,100000000,2003,,,48746,4797166
GL Pharma,AUT,Lannach,371,"originator_pharma,specialty_orphan",crustdata+research,"Pharmaceutical Manufacturing / GL Pharma is a proudly independent Austrian pharmaceutical company, powered by s",API+FDF own manufacturing; ongoing capacity additions,https://gl-pharma.com/,,Tier 2,5,industry=2/3 capability=1/2 size=2/2 trigger=0/2,,13.109756097560975,3.9215686274509802,0.0,,,0,,,,,500000000,1000000000,1947,,,6031,6451126
BizLink Factory Automation & Machinery,DEU,Hannover,363,vaccines,crustdata,Automation Machinery Manufacturing / BizLink Factory Automation & Machinery belongs to BizLink Group: https://www.lin,10.0% growth,https://factory-automation-machinery.bizlinktech.com,,Tier 2,5,industry=2/3 capability=0/2 size=2/2 trigger=1/2,,10.0,1.680672268907563,8.259175245739545,,,,,,,,1000000000,1000000000000,,,,18613,30766839
Hennecke GROUP,DEU,Sankt Augustin,363,vaccines,crustdata,"Machinery Manufacturing / The Hennecke GROUP – machines, systems and technologies for highly efficient pol",1.9662921348314606% growth,http://www.hennecke-group.com,,Tier 2,5,industry=2/3 capability=0/2 size=2/2 trigger=1/2,,1.9662921348314606,0.8333333333333334,22.056581399288497,,,0,,,,,100000000,500000000,1945,acquired,,7205,1418012
Behn Meyer Group,DEU,Hamburg,360,veterinary_pharma,crustdata,Chemical Manufacturing / The Behn Meyer Group of Companies dates back to 1840 when two young men from Ham,5.571847507331378% growth,https://www.behnmeyer.com,,Tier 2,5,industry=2/3 capability=0/2 size=2/2 trigger=1/2,,5.571847507331378,1.1235955056179776,0.0,,,0,,,,,500000000,1000000000,,,,16629,31276225
Bichsel AG,CHE,Interlaken,350,"medical_cannabis,sterile_generics",research,Pharma compounding & cannabis magistral preparations,CHF 25M BFS line 2025,bichsel.ch,,Tier 2,5,industry=3/3 capability=0/2 size=2/2 trigger=0/2,,,,,,,,,,,,0,0,,,,,65252015
Haupt Pharma Münster (Aenova),DEU,Münster,~350,sterile_generics,research,"Sterile suspensions, ampoules, vials",,https://www.aenova-group.com,,Tier 2,5,industry=3/3 capability=0/2 size=2/2 trigger=0/2,,7.698541329011345,0.834597875569044,0.0,,,0,,,,,500000000,1000000000,2008,acquired,,28420,5266319
pester pac automation GmbH,DEU,Wolfertschwenden,346,vaccines,crustdata,Machinery Manufacturing / We are pioneers and trendsetters. We have been giving new impetus to end-of-line,3.903903903903904% growth,http://www.pester.com/,,Tier 2,5,industry=2/3 capability=0/2 size=2/2 trigger=1/2,,3.903903903903904,0.8746355685131195,17.05109489051095,,,0,,,,,100000000,500000000,,,,8018,552007
Pharma Mar (Germany office),ES HQ; DE,Köln (DE office),~340 group,specialty_orphan,research,"Rare onco — Yondelis (soft-tissue sarcoma), Zepzelca (SCLC)",Own marine-derived biotech mfg in Madrid; DE = commercial,https://www.orpha.net/,,Excluded,5,industry=2/3 capability=1/2 size=2/2 trigger=0/2,non_target_country,,,,,,,,,,,,,,,,,
Fraunhofer IPK,DEU,Berlin,336,vaccines,crustdata,"Research Services / With the help of application-oriented research, we develop solutions along the e",-2.0408163265306123% growth,https://www.ipk.fraunhofer.de/de/ueber-uns.html,,Tier 2,5,industry=2/3 capability=0/2 size=2/2 trigger=1/2,,-2.0408163265306123,0.2985074626865672,19.581089168162777,,,0,,,,,50000000,100000000,1976,,,9991,1322962
Retarus,DEU,Munich,334,vaccines,crustdata,"Software Development / Digital transformation is changing processes and supply chains, products and com",-2.623906705539359% growth,http://www.retarus.com,,Tier 2,5,industry=2/3 capability=0/2 size=2/2 trigger=1/2,,-2.623906705539359,-2.0527859237536656,16.301518438177876,,,0,,,,,50000000,100000000,1992,,,10723,109913
OPEN MIND Technologies AG,DEU,Wessling,333,vaccines,crustdata,Software Development / OPEN MIND is one of the world’s most sought-after developers of powerful CAM sol,2.4615384615384617% growth,http://www.openmind-tech.com,,Tier 2,5,industry=2/3 capability=0/2 size=2/2 trigger=1/2,,2.4615384615384617,-0.29940119760479045,15.10572777663724,,,0,,,,,50000000,100000000,1994,,,28034,130286
Fraunhofer IAIS,DEU,Sankt Augustin,316,vaccines,crustdata,"Research Services / As part of the largest organization for application-oriented research in Europe,",0.6369426751592357% growth,https://www.iais.fraunhofer.de/,,Tier 2,5,industry=2/3 capability=0/2 size=2/2 trigger=1/2,,0.6369426751592357,1.282051282051282,22.829103885804916,,,,,,,,50000000,100000000,2016,,,12391,690761
Thermoplan AG,CHE,Weggis,315,vaccines,crustdata,Machinery Manufacturing / Thermoplan AG was founded by Esther and Domenic Steiner in 1974. Originally dedi,5.0% growth,http://www.thermoplan.ch,,Tier 2,5,industry=2/3 capability=0/2 size=2/2 trigger=1/2,,5.0,2.941176470588235,21.838645606734133,,,0,,,,,500000000,1000000000,1974,,,12882,9640059
OKE Group GmbH,DEU,Hörstel,304,vaccines,crustdata,Motor Vehicle Manufacturing / The OKE Group develops and produces sophisticated technical plastic components e,3.754266211604096% growth,https://www.oke-group.com/,,Tier 2,5,industry=2/3 capability=0/2 size=2/2 trigger=1/2,,3.754266211604096,1.6722408026755853,15.600814663951121,,,0,,,,,500000000,1000000000,1961,,,5676,1169154
Max Planck Institute for Human Development,DEU,Berlin,301,vaccines,crustdata,Research Services / The Max Planck Institute for Human Development is dedicated to the study of huma,11.818181818181818% growth,http://www.mpib-berlin.mpg.de/,,Tier 2,5,industry=2/3 capability=0/2 size=2/2 trigger=1/2,,9.454545454545455,1.3468013468013467,52.240546393469934,,,,,,,,20000000,50000000,1963,,,9139,823973
Ilapak Packaging Machinery,CHE,Grancia,300,vaccines,crustdata,"Machinery Manufacturing / As one of the world’s leading manufacturers, IMA ILAPAK, with its vast range of ",-0.9900990099009901% growth,http://ilapak.com/,,Tier 2,5,industry=2/3 capability=0/2 size=2/2 trigger=1/2,,-0.9900990099009901,0.0,0.0,,,0,,,,,500000000,1000000000,,,,19721,132663
Plasma Service Europe GmbH (Biotest),DEU,Dreieich / Rostock,~300 (est.),plasma_fractionation,research,Collection,,https://www.plasmaservice.de/,,Tier 2,5,industry=3/3 capability=0/2 size=2/2 trigger=0/2,,19.047619047619047,6.382978723404255,51.36268343815513,,,0,,,,,20000000,50000000,2001,,,722,12562424
Schaerer Ltd,CHE,Zuchwil,296,vaccines,crustdata,"Food and Beverage Services / Founded in 1892 and headquartered in Zuchwil, Switzerland, Schaerer AG is one of",-1.3333333333333335% growth,https://www.schaerer.com/,,Tier 2,5,industry=2/3 capability=0/2 size=2/2 trigger=1/2,,-1.3333333333333335,1.023890784982935,0.0,,,0,,,,,100000000,500000000,,acquired,,11611,1135982
Liebherr Gear Technology and Automation Systems,DEU,Kempten,289,vaccines,crustdata,Machinery Manufacturing / Welcome to the Liebherr Gear Technology and Automation Systems page! Liebherr is,-1.0273972602739725% growth,https://www.liebherr.com/en/usa/products/gear-technology-and-automation-systems/gear-technology-and-automation-systems.html,,Tier 2,5,industry=2/3 capability=0/2 size=2/2 trigger=1/2,,-1.0273972602739725,-0.3448275862068966,14.24821897262842,,,,,,,,500000000,1000000000,1969,,,15235,40888900
Fraunhofer IGD,DEU,Darmstadt,285,vaccines,crustdata,Research Services / Fraunhofer IGD is the international leading institute for applied research in vi,4.395604395604396% growth,http://www.igd.fraunhofer.de,,Tier 2,5,industry=2/3 capability=0/2 size=2/2 trigger=1/2,,4.395604395604396,1.0638297872340425,30.515916575192097,,,,,,,,10000000,20000000,1988,,,5945,5642
voestalpine Rotec Group,AUT,Krieglach,284,vaccines,crustdata,Motor Vehicle Manufacturing / voestalpine Rotec is an international group of companies that has specialised in,-0.6993006993006993% growth,http://www.voestalpine.com/rotec,,Tier 2,5,industry=2/3 capability=0/2 size=2/2 trigger=1/2,,-0.6993006993006993,0.35335689045936397,0.0,,,,,,,,500000000,1000000000,,,,6422,19129747
Bavarian Health and Food Safety Authority (LGL),DEU,Erlangen,283,veterinary_pharma,crustdata,Government Administration / The Bavarian Health and Food Safety Authority (LGL) is Bavaria’s central authori,16.46090534979424% growth,www.lgl.bayern.de,,Tier 2,5,industry=2/3 capability=0/2 size=2/2 trigger=1/2,,16.46090534979424,1.7985611510791366,86.23751387347392,,,0,,,,,0,0,2002,,,3356,100595014
Schlütersche Verlagsgesellschaft mbH & Co. KG,DEU,Hannover,279,veterinary_pharma,crustdata,Book and Periodical Publishing / Von der Tradition in die Moderne: Die Schlütersche ist seit über 270 Jahren in d,4.887218045112782% growth,https://schluetersche.de,,Tier 2,5,industry=2/3 capability=0/2 size=2/2 trigger=1/2,,4.887218045112782,0.7220216606498195,37.03484937979917,,,0,,,,,50000000,100000000,,,,2320,7317741
Biochem - Feed Safety for Food Safety®,DEU,Lohne,278,veterinary_pharma,crustdata,"Animal Feed Manufacturing / Biochem, headquartered in Lohne, Germany, is an innovative animal nutrition comp",6.513409961685824% growth,https://www.biochem.net,,Tier 2,5,industry=2/3 capability=0/2 size=2/2 trigger=1/2,,6.513409961685824,0.7246376811594203,42.69487200592641,,,0,,,,,20000000,50000000,1986,,,17336,808542
Axel Springer National Media & Tech GmbH & Co. KG,DEU,Berlin,276,vaccines,crustdata,Book and Periodical Publishing / Axel Springer National Media & Tech is a company of Axel Springer SE. As a futur,-9.803921568627452% growth,https://career.axelspringer.com/de/national-media-tech,,Tier 2,5,industry=2/3 capability=0/2 size=2/2 trigger=1/2,,-9.803921568627452,-1.0752688172043012,0.0,,,,,,,,20000000,50000000,2020,,,8621,67998221
"Bundesministerium für Landwirtschaft, Ernährung und Heimat",DEU,Berlin,271,veterinary_pharma,crustdata,Government Administration / Herzlich willkommen auf der LinkedIn-Seite des Bundesministeriums für Landwirtsc,7.5396825396825395% growth,http://www.bmleh.de,,Tier 2,5,industry=2/3 capability=0/2 size=2/2 trigger=1/2,,7.5396825396825395,3.8314176245210727,0.0,,,,,,,,0,0,1949,,,14165,78995537
Tebis,DEU,Krailling,269,vaccines,crustdata,"Software Development / For over 40 years, Tebis has provided CAD/CAM and MES software solutions for mod",2.6717557251908395% growth,http://www.tebis.com,,Tier 2,5,industry=2/3 capability=0/2 size=2/2 trigger=1/2,,2.6717557251908395,-0.3703703703703704,15.954941767962833,,,0,,,,,50000000,100000000,1984,,,18220,12205735
Bosch Connected Industry,DEU,Stuttgart,268,vaccines,crustdata,Information Technology & Services / Bosch Connected Industry is Bosch’s software and AI house for manufacturing comp,-3.597122302158273% growth,https://www.bosch-connected-industry.com/de/en/contact,,Excluded,5,industry=2/3 capability=0/2 size=2/2 trigger=1/2,industrial_false_positive,-3.597122302158273,0.7518796992481203,11.83506641822444,,,0,,,,,500000000,1000000000,2018,,,18606,11502372
mindit.io,CHE,Zug,263,vaccines,crustdata,Software Development / AI & Data Transformation Partner for Business GrowthWe are the partner of choice,5.622489959839357% growth,http://www.mindit.io,,Tier 2,5,industry=2/3 capability=0/2 size=2/2 trigger=1/2,,5.622489959839357,0.7662835249042145,16.88039457459926,,,0,,,,,20000000,50000000,2015,,,18958,5359695
ModuleWorks,DEU,Aachen,262,vaccines,crustdata,"Software Development / ModuleWorks is at the forefront of digital manufacturing software, playing a key",-0.38022813688212925% growth,http://www.moduleworks.com,,Tier 2,5,industry=2/3 capability=0/2 size=2/2 trigger=1/2,,-0.38022813688212925,0.38314176245210724,23.106733408687226,,,0,,,,,50000000,100000000,2003,,,7624,231773
Alzchem Group AG,DEU,Trostberg an der Alz,258,veterinary_pharma,crustdata,Chemical Manufacturing / Alzchem is a globally active specialty chemicals company that is one of the mark,6.6115702479338845% growth,http://www.alzchem.com,,Tier 2,5,industry=2/3 capability=0/2 size=2/2 trigger=1/2,,6.6115702479338845,-0.3861003861003861,0.0,,,0,,,,,500000000,1000000000,1908,,,6966,1591734
Zapp Precision Metals GmbH,DEU,Schwerte,258,vaccines,crustdata,"Fabricated Metal Products / Zapp Group Europe Precision in wire, bar, profile, sheet, and strip. Variety in ",3.2% growth,http://www.zapp.com,,Tier 2,5,industry=2/3 capability=0/2 size=2/2 trigger=1/2,,3.2,0.0,0.0,,,0,,,,,500000000,1000000000,,,,4061,12701280
FELSOMAT GmbH & Co. KG,DEU,Königsbach,254,vaccines,crustdata,Machinery Manufacturing / “We are experts in converting manufacturing technologies into series-ready produ,-4.150943396226415% growth,http://www.felsomat.de,,Tier 2,5,industry=2/3 capability=0/2 size=2/2 trigger=1/2,,-4.150943396226415,-0.78125,12.815626488804194,,,0,,,,,100000000,500000000,1981,,,4736,73946050
Bedrocan / Peter Cremer DE repack,DEU,Hamburg,~250,medical_cannabis,research,GMP repackaging of cannabis flower for EU market,,https://www.petercremer.com,,Tier 2,5,industry=2/3 capability=1/2 size=2/2 trigger=0/2,,,,,,,,,,,,,,,,,,
Blutspende Zürich (ZHBSD),CHE,Zürich (Schlieren),~250,plasma_fractionation,research,Collection / processing,,https://www.blutspendezurich.ch/,,Tier 2,5,industry=3/3 capability=0/2 size=2/2 trigger=0/2,,8.620689655172415,5.0,89.92248062015504,,,,,,,,20000000,50000000,1949,,,735,802939
Fraunhofer IOF,DEU,Jena,246,vaccines,crustdata,Research Services / The Fraunhofer Institute for Applied Optics and Precision Engineering IOF in Jen,2.928870292887029% growth,https://www.iof.fraunhofer.de,,Tier 2,5,industry=2/3 capability=0/2 size=2/2 trigger=1/2,,2.928870292887029,0.0,25.846650051312125,,,,,,,,20000000,50000000,1992,,,8584,955965
MVTec Software,DEU,Munich,242,vaccines,crustdata,Automation Machinery Manufacturing / MVTec Software GmbH is a leading international manufacturer of software for mach,8.035714285714286% growth,http://www.mvtec.com,,Tier 2,5,industry=2/3 capability=0/2 size=2/2 trigger=1/2,,8.035714285714286,0.8333333333333334,23.679873898402235,,,0,,,,,50000000,100000000,1996,,,17262,468184
STEMMER IMAGING,DEU,Munich,234,vaccines,crustdata,Automation Machinery Manufacturing / STEMMER IMAGING is the leading international value-added distributor for machine,2.1834061135371177% growth,https://www.stemmer-imaging.com,,Tier 2,5,industry=2/3 capability=0/2 size=2/2 trigger=1/2,,2.1834061135371177,-0.847457627118644,110.83591331269349,private_equity,2024-07-24,0,,,,,50000000,100000000,1987,acquired,,19749,229302
Weidemann GmbH,DEU,Korbach,232,vaccines,crustdata,Machinery Manufacturing / The internationally distinguished label Weidemann stands for 60 years of experie,1.7543859649122806% growth,http://www.weidemann.de,,Tier 2,5,industry=2/3 capability=0/2 size=2/2 trigger=1/2,,1.7543859649122806,2.2026431718061676,21.442542787286065,,,0,,,,,500000000,1000000000,1960,acquired,,4967,3193925
Vecoplan AG,DEU,Bad Marienberg,229,vaccines,crustdata,"Machinery Manufacturing / Waste avoidance, conservation of resources and efficient use of recyclable mater",0.0% growth,http://www.vecoplan.com,,Tier 2,5,industry=2/3 capability=0/2 size=2/2 trigger=1/2,,0.0,0.43859649122807015,20.08353005266025,,,0,,,,,500000000,1000000000,1969,,,6613,1345153
Fraunhofer ITEM,DEU,Hannover,227,academic_gmp,crustdata+research,Research Services / Protecting man from health hazards in our industrialized world and contributing ,-8.835341365461847% growth,http://www.item.fraunhofer.de/en.html,oncology_general,Tier 2,5,industry=1/3 capability=1/2 size=2/2 trigger=1/2,,-8.835341365461847,-1.3043478260869565,19.348617955860295,,,,,,,,20000000,50000000,1981,,,5570,1909434
Planted,CHE,Winterthur,225,veterinary_pharma,crustdata,Food and Beverage Manufacturing / Planted combines proprietary structuring and fermentation technologies to produc,-3.8461538461538463% growth,https://www.eatplanted.com,,Tier 2,5,industry=2/3 capability=0/2 size=2/2 trigger=1/2,,-3.8461538461538463,-3.0172413793103448,12.830469598808902,series_unknown,2024-12-17,141907431,,,,,20000000,50000000,2019,,,56079,13042412
Baumüller Nürnberg GmbH,DEU,Nuremberg,224,vaccines,crustdata,"Automation Machinery Manufacturing / Based in Nuremberg, Baumüller is a leading manufacturer of electric drive and au",-0.4444444444444444% growth,https://www.baumueller.com/en/,,Tier 2,5,industry=2/3 capability=0/2 size=2/2 trigger=1/2,,-0.4444444444444444,-0.8849557522123894,21.64231036882394,,,0,,,,,500000000,1000000000,1930,,,6992,2157946
Gallus Group,CHE,St Gallen,221,vaccines,crustdata,"Machinery Manufacturing / Gallus, a subsidiary of Heidelberger Druckmaschinen AG (HEIDELBERG), with produc",7.804878048780488% growth,http://www.gallus-group.com,,Tier 2,5,industry=2/3 capability=0/2 size=2/2 trigger=1/2,,7.804878048780488,1.3761467889908259,15.521178216691403,,,0,,,,,50000000,100000000,1923,acquired,,20237,800760
Luwa Air Engineering,CHE,Uster,221,vaccines,crustdata,"Textile Manufacturing / THIS IS LUWALuwa, founded in Switzerland in 1935, is a global market leader in t",-3.91304347826087% growth,https://www.luwa.com/,,Tier 2,5,industry=2/3 capability=0/2 size=2/2 trigger=1/2,,-3.91304347826087,-0.8968609865470852,0.0,,,0,,,,,20000000,50000000,1935,acquired,,4860,2128350
AUCOTEC,DEU,Hannover,220,vaccines,crustdata,Software Development / AUCOTEC AG was founded in 1985. We develop engineering software for the complete,8.374384236453201% growth,https://www.aucotec.com,,Tier 2,5,industry=2/3 capability=0/2 size=2/2 trigger=1/2,,8.374384236453201,3.286384976525822,0.0,,,0,,,,,50000000,100000000,1985,,,6193,357114
Blum-Novotest GmbH,DEU,Grünkraut,216,vaccines,crustdata,"Industrial Automation / Established in 1968 and based in Ravensburg, Blum-Novotest GmbH is one of the gl",6.403940886699508% growth,http://www.blum-novotest.com,,Tier 2,5,industry=2/3 capability=0/2 size=2/2 trigger=1/2,,6.403940886699508,1.8867924528301887,0.0,,,0,,,,,500000000,1000000000,1968,,,5372,12497132
infoteam Software AG,DEU,Bubenreuth,216,vaccines,crustdata,Software Development / infoteam Software Group has been implementing unique software solutions for thei,7.462686567164178% growth,https://www.infoteam.de,,Tier 2,5,industry=2/3 capability=0/2 size=2/2 trigger=1/2,,7.462686567164178,0.0,65.97796143250689,,,0,,,,,50000000,100000000,1983,,,7230,998576
elobau,DEU,Leutkirch,213,vaccines,crustdata,"Industrial Automation / As an expanding, globally active, family-run foundation company with more than 9",-6.167400881057269% growth,http://www.elobau.com,,Excluded,5,industry=2/3 capability=0/2 size=2/2 trigger=1/2,industrial_false_positive,-6.167400881057269,-1.3888888888888888,0.0,,,0,,,,,500000000,1000000000,1972,,,4534,7125668
THK GmbH,DEU,Ratingen,211,vaccines,crustdata,Industrial Machinery Manufacturing / THK is the world’s No.1 market leader of linear motion guides. The highly acclai,3.431372549019608% growth,https://www.thk.com/?q=global/node/19374,,Tier 2,5,industry=2/3 capability=0/2 size=2/2 trigger=1/2,,3.431372549019608,0.9569377990430622,0.0,,,,,,,,10000000,20000000,1982,,,5633,8509361
aniMedica GmbH (Animalcare Group plc),DEU,Senden (Munster),~210,veterinary_pharma,research,"Livestock antibiotics, anti-inflammatories, water-medication products","Senden GMP plant retrofit 2024-2025 (EUR 15 m, Animalcare ann. report)",https://www.animedica.de,,Tier 2,5,industry=2/3 capability=1/2 size=2/2 trigger=0/2,,,,,,,,,,,,,,,,,,
WFL Millturn Technologies GmbH & Co. KG,AUT,Linz,208,vaccines,crustdata,Machinery Manufacturing / WFL Millturn Technologies GmbH&Co.KG is the leading supplier in the field of com,10.638297872340425% growth,http://www.wfl.at,,Tier 2,5,industry=2/3 capability=0/2 size=2/2 trigger=1/2,,10.638297872340425,3.482587064676617,20.126515550869794,,,0,,,,,50000000,100000000,1948,,,11394,3685920
TRON-Mainz,DEU,Mainz,205,academic_gmp,crustdata,Biotechnology Research / Our mission is to turn scientific breakthroughs into progress for patients.TRON ,5.670103092783505% growth,https://www.tron-mainz.de/,oncology_general,Tier 2,5,industry=1/3 capability=1/2 size=2/2 trigger=1/2,,5.670103092783505,0.9852216748768473,30.464091262639357,,,0,,,,,10000000,20000000,2010,,,10064,1284674
WellDev,CHE,Zurich,204,vaccines,crustdata,"Software Development / At WellDev, we offer agile software development solutions to accelerate your pro",12.087912087912088% growth,https://www.welldev.io/,,Tier 2,5,industry=2/3 capability=0/2 size=2/2 trigger=1/2,,12.087912087912088,-0.4878048780487805,28.858239796542197,,,0,,,,,20000000,50000000,2017,,,52694,18391083
HAVER & BOECKER NIAGARA,DEU,Münster,203,vaccines,crustdata,"Machinery Manufacturing / Haver & Boecker Niagara is a leading provider in screening, pelletizing and prim",1.5% growth,http://www.haverniagara.com,,Tier 2,5,industry=2/3 capability=0/2 size=2/2 trigger=1/2,,1.5,0.49504950495049505,0.0,,,0,,,,,20000000,50000000,,,,11780,37822169
Precitrame Machines SA,CHE,Tramelan,203,vaccines,crustdata,Machinery Manufacturing / Precitrame Machines SA has been developing state-of-the-art automated production,-0.49019607843137253% growth,https://precitrame.com,,Tier 2,5,industry=2/3 capability=0/2 size=2/2 trigger=1/2,,-0.49019607843137253,0.9950248756218906,21.613832853025936,,,0,,,,,20000000,50000000,2001,,,4642,1983388
Fraunhofer IGB,DEU,Stuttgart,~200,academic_gmp,research,"GMP-grade biopharma process development, recombinant proteins",,https://www.igb.fraunhofer.de,,Tier 2,5,industry=1/3 capability=2/2 size=2/2 trigger=0/2,,,,,,,,,,,,,,,,,,
LIVISTO,DEU,Germany,196,veterinary_pharma,crustdata,"Pharmaceutical Manufacturing / As a global company, LIVISTO Group develops and commercializes a wide range of  ",1.0309278350515463% growth,http://www.livisto.com,,Tier 2,5,industry=2/3 capability=1/2 size=1/2 trigger=1/2,,1.0309278350515463,0.5128205128205128,20.554785020804438,private_equity,2004-01-01,0,,,,,500000000,1000000000,1968,,,4346,11220919
Ultragenyx DACH,US HQ; DE,"Basel CH ops, DE comm",~180 EU,specialty_orphan,research,"Ultra-rare metabolic (Mepsevii MPS VII, Crysvita XLH, Dojolvi LCFAOD, Evkeeza)",DACH = commercial; group owns gene therapy mfg US,https://www.ultragenyx.com/,,Excluded,5,industry=2/3 capability=2/2 size=1/2 trigger=0/2,non_target_country,,,,,,,,,,,,,,,,,
KVP Pharma+Veterinär Produkte GmbH,DEU,Kiel,155,veterinary_pharma,crustdata,Pharmaceutical Manufacturing / Production and packaging of veterinary and human medicine.,1.9736842105263157% growth,http://www.kvp-kiel.de,,Tier 2,5,industry=2/3 capability=1/2 size=1/2 trigger=1/2,,1.9736842105263157,0.6493506493506493,12.999273783587508,,,,,,,,500000000,1000000000,1974,,,1556,19053473
Bedrocan International (NL HQ — DACH supply via Medios),NL→DE SUPPLY,Veendam (NL) + Køge (DK) for DACH,~150,medical_cannabis,research,Cultivator (supplies DACH via Medios AG),New Køge DK facility GMP-cert 2024 (2 300 kg/yr); expansion pipeline,https://bedrocan.com/new-dutch-bedrocan-production-site-gmp-certified/,,Excluded,5,industry=2/3 capability=1/2 size=1/2 trigger=1/2,non_target_country,,,,,,,,,,,,,,,,,
Biolitec Pharma,DEU,Jena (R&D) / Vienna,~150,sterile_generics,research,Photodynamic injectables (Foscan / temoporfin),,https://www.biolitec.com,,Tier 2,5,industry=3/3 capability=1/2 size=1/2 trigger=0/2,,0.0,0.0,0.0,,,,,,,,0,0,2017,,,472,106484586
Heipha (Merck),DEU,Eppelheim,~150,vaccines,research,Microbial QC media for cleanroom monitoring in vaccine plants,,https://www.merckmillipore.com/,,Tier 2,5,industry=2/3 capability=2/2 size=1/2 trigger=0/2,,2.857142857142857,0.0,0.0,,,,,,,,500000000,1000000000,,,,257,13672795
Komtur,DEU,Freiburg,150,specialty_orphan,crustdata,"Pharmaceutical Manufacturing / At Komtur, we bridge the gap between pharmaceutical innovation and patient acces",-0.6622516556291391% growth,http://www.komtur.com,,Tier 2,5,industry=2/3 capability=1/2 size=1/2 trigger=1/2,,-0.6622516556291391,0.0,26.710097719869708,,,0,,,,,10000000,20000000,1960,,,3501,1073781
"Pure Holding AG (Pure Production, DEOM, Puregene, Pure Pharma)",CHE,Zeiningen (AG),~150–250 (group),medical_cannabis,research,Vertically integrated: cultivator + extractor + API + ETH-Zürich breeding,EU-GMP-certified production; CBD isolates/extracts API for pharma; ongoing scale-up,https://pureholding.ch/our-company/ ; https://businessofcannabis.com/future-ready-why-pure-is-building-the-cannabis-company-traditional-industry-will-want-to-buy-into/,,Tier 2,5,industry=2/3 capability=1/2 size=1/2 trigger=1/2,,0.0,0.0,0.0,,,,,,,,1000000,2500000,2019,,,226,88950964
Fraunhofer MEVIS,DEU,Bremen,146,"academic_gmp,vaccines",crustdata,Research Services / Fraunhofer Institute for Digital Medicine MEVISThe mission of Fraunhofer MEVIS i,-5.806451612903226% growth,https://www.mevis.fraunhofer.de/,,Tier 2,5,industry=2/3 capability=1/2 size=1/2 trigger=1/2,,-5.806451612903226,0.0,22.737975109317187,,,,,,,,10000000,20000000,1995,,,3649,683009
Bichsel Laboratories AG,CHE,Interlaken,~140,sterile_generics,research,"Sterile irrigation solutions, BFS large-volume parenterals",,https://www.bichsel.ch,,Tier 2,5,industry=3/3 capability=1/2 size=1/2 trigger=0/2,,,,,,,,,,,,0,0,,,,,65252015
Symbiosis Pharmaceutical Services,CHE,Stirling (CH ops via Bern partners),~140,medical_cannabis,research,CDMO sterile fill-finish (cannabinoid injectables),,https://www.symbiosis-pharma.com,,Tier 2,5,industry=2/3 capability=2/2 size=1/2 trigger=0/2,,5.072463768115942,0.6944444444444444,20.61711079943899,grant,2019-12-17,1968504,,,,,20000000,50000000,2011,,,6020,2300035
TAD Pharma GmbH,DEU,Cuxhaven,139,veterinary_pharma,crustdata,Pharmaceutical Manufacturing / TAD Pharma mit Sitz in Cuxhaven ist ein Unternehmen der international agierenden,4.511278195488721% growth,http://www.tad.de,,Tier 2,5,industry=2/3 capability=1/2 size=1/2 trigger=1/2,,4.511278195488721,2.2058823529411766,21.313299944351698,,,0,,,,,50000000,100000000,1968,,,2180,909746
Pharvaris,CHE,Zug,134,specialty_orphan,crustdata,Pharmaceutical Manufacturing / Pharvaris is a clinical-stage company focused on bringing oral bradykinin-B2-rec,8.94308943089431% growth,https://pharvaris.com,,Tier 2,5,industry=2/3 capability=1/2 size=1/2 trigger=1/2,,8.94308943089431,1.5151515151515151,32.42386661154747,post_ipo_equity,2025-07-22,733487335,,,,,10000000,20000000,2015,,2021-02-04,9610,27161712
SAN Group,AUT,Herzogenburg,123,veterinary_pharma,crustdata,Biotechnology Research / SAN Group is a globally operating biotechnology company headquartered in Austria,6.956521739130435% growth,http://www.san-group.com,,Tier 2,5,industry=2/3 capability=1/2 size=1/2 trigger=1/2,,6.956521739130435,0.0,14.77560414269275,,,0,,,,,100000000,500000000,2020,,,4987,69071557
MSD Tiergesundheit DACH,DEU,Unterschleißheim,121,veterinary_pharma,crustdata,"Pharmaceutical Manufacturing / Seit über 130 Jahren erforscht und entwickelt MSD Medikamente, Impfstoffe, Biolo",7.079646017699115% growth,https://www.msd-tiergesundheit.de/,,Tier 2,5,industry=2/3 capability=1/2 size=1/2 trigger=1/2,,7.079646017699115,2.5423728813559325,0.0,,,0,,,,,20000000,50000000,,,,3528,88283226
Sarepta Therapeutics DACH,US HQ; CH,Zürich CH affiliate,~120 EU,specialty_orphan,research,"Duchenne muscular dystrophy (Exondys, Vyondys, Amondys, Elevidys gene therapy)",DACH = commercial; group owns gene therapy mfg US,https://www.sarepta.com/,,Excluded,5,industry=2/3 capability=2/2 size=1/2 trigger=0/2,non_target_country,,,,,,,,,,,,,,,,,
Minitube International,DEU,Tiefenbach,114,veterinary_pharma,crustdata,Biotechnology Research / Minitube International is the world’s leading system supplier for reproduction t,2.7027027027027026% growth,https://linktr.ee/minitubeinternational,,Tier 2,5,industry=2/3 capability=1/2 size=1/2 trigger=1/2,,2.7027027027027026,0.0,25.33101801606251,,,0,,,,,50000000,100000000,,,,5774,3532871
Sanity Group,DEU,Berlin,111,medical_cannabis,crustdata+research+research,"Pharmaceutical Manufacturing / Sanity Group, a Berlin based cannabis company, is dedicated to the medicinal and",Frankfurt logistics/processing facility w/ lab; Organigram strategic transaction Feb-26 finance growth,https://sanitygroup.com/,,Tier 2,5,industry=2/3 capability=1/2 size=1/2 trigger=1/2,,32.142857142857146,2.7777777777777777,22.42895805142084,convertible_note,2024-06-25,134581757,,,,,10000000,20000000,2018,acquired,,10857,14008149
APONTIS PHARMA Deutschland GmbH & Co. KG,DEU,Monheim,102,specialty_orphan,crustdata,Pharmaceutical Manufacturing / APONTIS PHARMA (previously UCB Innere Medizin) is a German pharmaceutical compan,12.087912087912088% growth,www.apontis-pharma.de,,Tier 2,5,industry=2/3 capability=1/2 size=1/2 trigger=1/2,,12.087912087912088,4.081632653061225,56.244302643573384,,,0,,,,,10000000,20000000,2018,,,1714,14055545
Tilray (Aphria RX),DEU,Neumünster (near Schenefeld),~100,medical_cannabis,research,"Cultivation + GMP extraction, oils, flower packaging",First MedCanG license Jul-2024; 31-strain expansion + premium craft cannabis production expansion announced Sep-2025,https://ir.tilray.com/news-releases/news-release-details/tilray-receives-first-new-cannabis-cultivation-license-germany ; https://www.globenewswire.com/news-release/2025/9/30/3158430/0/en/Tilray-…html,,Tier 2,5,industry=2/3 capability=1/2 size=1/2 trigger=1/2,,,,,,,,,,,,,,,,,,
Immundiagnostik AG,DEU,Bensheim,94,cdmo_classic,crustdata,"Biotechnology Research / Immundiagnostik – Closing the Gaps in Laboratory DiagnosticsImmundiagnostik AG, ",11.904761904761903% growth,http://www.immundiagnostik.com,,Tier 2,5,industry=3/3 capability=1/2 size=0/2 trigger=1/2,,11.904761904761903,3.296703296703297,16.410898841215158,grant,2015-06-01,54634,,,,,10000000,20000000,1986,,,3717,2294354
Biofrontera Group,DEU,Leverkusen,93,specialty_orphan,crustdata+research,Pharmaceutical Manufacturing / Biofrontera AG is a biopharmaceutical company specializing in the development an,-2.1052631578947367% growth,http://biofrontera.com/,,Tier 2,5,industry=2/3 capability=2/2 size=0/2 trigger=1/2,,-2.1052631578947367,-1.0638297872340425,16.256880733944953,post_ipo_equity,2024-02-20,31000000,,,,,20000000,50000000,1997,,2006-10-30,3168,9121801
ChemCon GmbH,DEU,Freiburg,92,oncology_hpapi,crustdata,chemical manufacturing / ChemCon GmbH - Your Good Manufacturing Partner!ChemCon is a contract development,,http://www.chemcon.com,"cytostatika_hpapi,oncology_general",Tier 2,5,industry=3/3 capability=2/2 size=0/2 trigger=0/2,,13.580246913580247,1.098901098901099,24.66216216216216,,,0,,,,,10000000,20000000,1997,,,2583,1079535
KLOCKE GRUPPE,DEU,Weingarten,91,"cdmo_classic,vaccines,veterinary_pharma",crustdata,"Pharmaceutical Manufacturing / The KLOCKE GRUPPE is a group of consolidated companies, working in the field of ",5.813953488372093% growth,http://www.klocke.com,,Tier 2,5,industry=3/3 capability=1/2 size=0/2 trigger=1/2,,5.813953488372093,3.4090909090909087,17.780172413793103,,,0,,,,,500000000,1000000000,1963,,,1093,6388434
Amomed Pharma,AUT,Vienna,~80,sterile_generics,research,Critical care sterile injectables (vasopressors),,https://www.amomed.com,,Tier 2,5,industry=3/3 capability=2/2 size=0/2 trigger=0/2,,-3.0303030303030303,-3.0303030303030303,12.269031781226904,,,0,,,,,10000000,20000000,2006,,,3038,6982733
NCT/UKHD Heidelberg Cell Therapy GMP,DEU,Heidelberg,~80 (GMP unit),atmp_cell_gene,research,"Academic CAR-T (CD19, BCMA, GD2), TIL",2025 BMBF ATMP-Plattform funding; HD-CAR-1/HD-CAR-2 trials,https://www.nct-heidelberg.de,oncology_celltherapy,Tier 2,5,industry=3/3 capability=2/2 size=0/2 trigger=0/2,,4.022988505747127,1.1173184357541899,27.202705241405223,,,0,,,,,50000000,100000000,2004,,,6771,5570599
Onkovis GmbH,DEU,Mainz,~80,sterile_generics,research,Oncology compounding (cytotoxic IV admixtures for hospitals),,https://www.onkovis.de,"cytostatika_hpapi,oncology_general",Tier 2,5,industry=3/3 capability=2/2 size=0/2 trigger=0/2,,-50.0,0.0,0.0,,,,,,,,0,0,,,,40,12543482
SFS Pharma Solutions Reinbek,DEU,Reinbek,~80,sterile_generics,research,"Sterile fill-finish, lyophilization (former Solvay site)",,https://www.sfs-pharma.com,,Tier 2,5,industry=3/3 capability=2/2 size=0/2 trigger=0/2,,,,,,,,,,,,,,,,,,
Artesan Pharma,DEU,Lüchow,77,cdmo_classic,crustdata,"Pharmaceutical Manufacturing / Your Trusted Partner for Innovative Pharmaceutical Solutions For over 75 years, ",6.944444444444445% growth,http://www.artesan.de/en/,,Tier 2,5,industry=3/3 capability=1/2 size=0/2 trigger=1/2,,6.944444444444445,-1.282051282051282,36.04269293924467,,,0,,,,,500000000,1000000000,1948,,,1657,7264599
Light Chain Bioscience | Novimmune SA,CHE,Plan-les-Ouates,75,late_stage_biotech,crustdata,"Biotechnology Research / NovImmune has successfully divested EmaCo AG, a newly established company owning",-8.536585365853659% growth,http://www.lightchainbio.com,,Tier 2,5,industry=3/3 capability=1/2 size=0/2 trigger=1/2,,-8.536585365853659,-1.3157894736842104,8.0858722200797,series_c,2016-01-11,239064565,,,,,20000000,50000000,1998,,,8408,52834
Medigene,DEU,Martinsried,~75,"atmp_cell_gene,late_stage_biotech",research,"TCR-T (allogeneic-ready, end-to-end TCR platform)",2024–25 partnership with WuXi ATU; pipeline progression to clinic,https://www.agcbio.com/news/agc-biologics-medigene-create-new-clinical-t-cell-services-agreement,oncology_celltherapy,Tier 2,5,industry=3/3 capability=2/2 size=0/2 trigger=0/2,,-2.2222222222222223,-2.2222222222222223,2.19452561273779,debt_financing,2019-12-18,16673855,,,,,20000000,50000000,1996,acquired,,17137,145414
Corden BioChem,DEU,Frankfurt,73,cdmo_classic,crustdata,Biotechnology / The Corden BioChem Group is a leading contract development and manufacturing org,43.13725490196079% growth,www.cordenbiochem.com/,,Tier 2,5,industry=3/3 capability=1/2 size=0/2 trigger=1/2,,43.13725490196079,4.285714285714286,97.01726844583987,,,0,,,,,10000000,20000000,2016,,,1255,18328560
regenold GmbH,DEU,Badenweiler,73,cdmo_classic,crustdata,Pharmaceutical Manufacturing / regenold GmbH is a global provider of essential and specialized clinical develop,-2.666666666666667% growth,https://www.regenold.com,,Tier 2,5,industry=3/3 capability=1/2 size=0/2 trigger=1/2,,-2.666666666666667,-1.3513513513513513,32.64114211550941,,,0,,,,,20000000,50000000,1994,,,2044,10898074
VERTANICAL,DEU,Gräfelfing,73,medical_cannabis,crustdata+research,Pharmaceutical Manufacturing / VERTANICAL is a globally leading biopharmaceutical company focused on the develo,VER-01 Phase 3 positive 2024–25; commercial launch ramp-up; advanced GMP biopharma facility,https://vertanical.com/,,Tier 2,5,industry=2/3 capability=2/2 size=0/2 trigger=1/2,,-13.095238095238097,-3.9473684210526314,66.89113355780022,,,0,,,,,10000000,20000000,,,,2974,42679875
BIOTYPE GmbH,DEU,Dresden,72,cdmo_classic,crustdata,Biotechnology Research / BIOTYPE is an innovative German solution provider for molecular precision diagno,1.4084507042253522% growth,https://www.biotype.de/en,oncology_general,Tier 2,5,industry=3/3 capability=1/2 size=0/2 trigger=1/2,,1.4084507042253522,2.857142857142857,17.70700636942675,,,0,,,,,10000000,20000000,1999,,,5544,2301273
Anjarium Biosciences,CHE,Schlieren,~70,"atmp_cell_gene,late_stage_biotech",research,"Engineered DNA (Hybridosome), non-viral",Schlieren site fit-out 2024–25 for Hybridosome GMP launch,https://www.anjarium.com/,,Tier 2,5,industry=3/3 capability=2/2 size=0/2 trigger=0/2,,-25.0,0.0,8.472156116135174,series_a,2021-09-15,60350293,,,,,1000000,2500000,2016,,,4558,11265284
Konapharma Ltd.,CHE,Pratteln,70,cdmo_classic,crustdata,Pharmaceutical Manufacturing / Konapharma limited company (Ltd.) is a privately owned Swiss CMO (Contract Manuf,2.941176470588235% growth,http://www.konapharma.ch,,Tier 2,5,industry=3/3 capability=1/2 size=0/2 trigger=1/2,,2.941176470588235,1.4492753623188406,37.16417910447761,,,0,,,,,10000000,20000000,1989,,,1838,17961313
Sirion Biotech (Perkin/Revvity),DEU,Martinsried/Munich,~70,atmp_cell_gene,research,"Lentivirus, AAV (LentiBOOST, AAV capsid lib)",Acquired by Revvity 2023; Munich CGT capability hub launch 2024,https://www.sirion-biotech.com,,Tier 2,5,industry=3/3 capability=2/2 size=0/2 trigger=0/2,,-28.57142857142857,-11.76470588235294,7.02247191011236,series_unknown,2013-03-08,0,,,,,20000000,50000000,2007,acquired,,4191,531664
PUREN Pharma GmbH & Co. KG,DEU,Munich,69,sterile_generics,crustdata,Pharmaceutical Manufacturing / PUREN Pharma – mit traditionsreichen Wurzeln in die ZukunftSeit 2016 wird der Na,4.545454545454546% growth,https://www.puren-pharma.de/,,Tier 2,5,industry=3/3 capability=1/2 size=0/2 trigger=1/2,,4.545454545454546,1.4705882352941175,0.0,,,0,,,,,10000000,20000000,1982,,,1984,42430057
SIRIO Europe,DEU,Pritzwalk,69,cdmo_classic,crustdata,"Pharmaceutical Manufacturing / Welcome to SIRIO Europe, the European branch of the Sirio Pharma Group. With mor",15.0% growth,http://www.sirio-europe.com,,Tier 2,5,industry=3/3 capability=1/2 size=0/2 trigger=1/2,,15.0,2.9850746268656714,60.98337950138504,,,0,,,,,500000000,1000000000,1992,,,11623,1122121
Pharma Stulln,DEU,Stulln,68,"cdmo_classic,originator_pharma",crustdata+research,"Pharmaceutical Manufacturing / Pharma Stulln is specializing in sterile manufacturing. Eye drops, nasal sprays,",Family-owned; Stulln plant continual GMP investment,http://www.pharmastulln.de,,Tier 2,5,industry=3/3 capability=2/2 size=0/2 trigger=0/2,,17.24137931034483,1.4925373134328357,52.42165242165242,,,0,,,,,20000000,50000000,1993,,,1070,12356334
Alentis Therapeutics,CHE,Allschwil,67,oncology_hpapi,crustdata,pharmaceutical manufacturing / Alentis Therapeutics is a clinical-stage biotechnology company pioneering first-,,https://alentis.ch,"adc,oncology_general",Tier 2,5,industry=3/3 capability=2/2 size=0/2 trigger=0/2,,1.5151515151515151,-1.4705882352941175,36.393342183192075,series_d,2024-11-12,365423040,,,,,10000000,20000000,2019,,,13357,78046301
Servolift GmbH,DEU,Offenburg,65,vaccines,crustdata,Mechanical Or Industrial Engineering / Contact: info(at)servolift.de+49 781 61000SERVOLIFT offers complete transportati,1.5625% growth,http://www.servolift.de/en/products,cytostatika_hpapi,Tier 2,5,industry=2/3 capability=2/2 size=0/2 trigger=1/2,,1.5625,0.0,14.26751592356688,,,,,,,,10000000,20000000,1976,,,2691,3309036
Interlabor Belp AG,CHE,Belp,62,"cdmo_classic,medical_cannabis",crustdata,Pharmaceutical Manufacturing / Analytics with Passion. Independent. Experienced. Customer-Focused.With over 60 ,8.771929824561402% growth,http://interlabor.ch,,Tier 2,5,industry=3/3 capability=1/2 size=0/2 trigger=1/2,,8.771929824561402,1.639344262295082,33.86727688787185,,,0,,,,,10000000,20000000,1964,,,585,7165054
CatalYm GmbH,DEU,Krailling,60,"atmp_cell_gene,late_stage_biotech",crustdata+research+research,Anti-GDF-15 (cell-therapy adjuvant); not direct CT but ATMP-adjacent,None — CDMO route; Phase 2b H1 2025,http://www.catalym.com,,Tier 2,5,industry=3/3 capability=2/2 size=0/2 trigger=0/2,,-1.639344262295082,-1.639344262295082,40.36336852442916,series_d,2024-07-16,260886232,,,,,2500000,5000000,2016,,,5717,20081150
CUTISS AG,CHE,Schlieren,60,"late_stage_biotech,specialty_orphan,vaccines",crustdata,Biotechnology Research / CUTISS is a late-stage clinical TechBio company and the only one transforming sk,1.694915254237288% growth,http://www.cutiss.swiss,,Tier 2,5,industry=3/3 capability=1/2 size=0/2 trigger=1/2,,1.694915254237288,1.694915254237288,33.068920676202865,series_c,2025-09-10,94580943,,,,,2500000,5000000,2017,,,10233,18900547
Labatec Pharma SA,CHE,Plan-les-Ouates,~60,sterile_generics,research,Hospital sterile injectables,,https://www.labatec.com,,Tier 2,5,industry=3/3 capability=2/2 size=0/2 trigger=0/2,,-5.649717514124294,0.0,14.84779792746114,,,0,,,,,10000000,20000000,1957,,,21279,1208893
BioChem Labor für biologische und chemische Analytik GmbH,DEU,Karlsruhe,58,oncology_hpapi,crustdata,"research services / GMP-certified contract laboratory for microbiology, analytics, molecular biology",,https://www.biochem.de/,cytostatika_hpapi,Tier 2,5,industry=3/3 capability=2/2 size=0/2 trigger=0/2,,7.4074074074074066,0.0,42.58620689655173,,,0,,,,,10000000,20000000,1973,,,827,20166013
CYTENA,DEU,Freiburg,57,cdmo_classic,crustdata,Biotechnology Research / We at CYTENA strive to empower our customers to serve patients faster and better,-14.925373134328357% growth,http://www.cytena.com,oncology_general,Tier 2,5,industry=3/3 capability=1/2 size=0/2 trigger=1/2,,-14.925373134328357,0.0,8.081890138665715,series_a,2019-03-26,4605529,,,,,10000000,20000000,2014,acquired,,18161,18448265
Dragenopharm Apotheker Pueschl GmbH,DEU,Tittmoning,57,cdmo_classic,crustdata,Pharmaceutical Manufacturing / Dragenopharm is a global contract manufacturer for solid forms in the pharmaceut,-1.7241379310344827% growth,http://www.dragenopharm.de,,Tier 2,5,industry=3/3 capability=1/2 size=0/2 trigger=1/2,,-1.7241379310344827,-3.389830508474576,7.972665148063782,,,,,,,,500000000,1000000000,,,,474,722034
Heidelberg Pharma AG,DEU,Ladenburg,56,"late_stage_biotech,oncology_hpapi,specialty_orphan",crustdata+research+research+research,Biotechnology Research / Heidelberg Pharma is a biopharmaceutical company working on a new treatment appr,Phase II RP2D selected Apr 2026; FDA Fast Track + Orphan; Ph2a initiation imminent,http://www.heidelberg-pharma.com,"adc,cytostatika_hpapi,oncology_general",Tier 2,5,industry=3/3 capability=2/2 size=0/2 trigger=0/2,,7.6923076923076925,-1.7543859649122806,0.0,post_ipo_debt,2026-03-07,326096530,,,,,20000000,50000000,1999,acquired,2006-11-17,7176,5549803
Philochem AG,CHE,Otelfingen,56,oncology_hpapi,crustdata,research services / Philochem is a fully owned daughter company of Philogen and represents the Disco,,http://www.philochem.ch,adc,Tier 2,5,industry=3/3 capability=2/2 size=0/2 trigger=0/2,,19.148936170212767,1.8181818181818181,32.758620689655174,,,0,,,,,2500000,5000000,2006,,,6083,532685
CDR-Life,CHE,Schlieren,~55,atmp_cell_gene,research,T-cell engager (cell-therapy-adjacent),2024 Series B; 2025 IND,https://cdr-life.com,,Tier 2,5,industry=3/3 capability=2/2 size=0/2 trigger=0/2,,1.4492753623188406,-1.4084507042253522,31.28763316350162,series_a,2022-04-13,76000000,,,,,10000000,20000000,2017,,,5669,17946790
Eurofins bioskin,DEU,Hamburg,55,sterile_generics,crustdata,"Pharmaceutical Manufacturing / Created in 1992, Eurofins bioskin is a leading full-service CRO specialized in d",3.7735849056603774% growth,https://www.eurofins.de/eurofins-bioskin/,,Tier 2,5,industry=3/3 capability=1/2 size=0/2 trigger=1/2,,3.7735849056603774,0.0,0.0,,,0,,,,,20000000,50000000,1992,acquired,,1882,384034
InflaRx,DEU,Jena,55,"late_stage_biotech,oncology_hpapi",crustdata+research+research,Biotechnology Research / InflaRx (Nasdaq: IFRX) is a biopharmaceutical company pioneering anti-inflammato,"EC approval Gohibic 2024; Ph3 vilobelimab in PG ongoing, interim 2025; INF904 Ph2a basket dosed Dec 2024",https://www.inflarx.de/,cytostatika_hpapi,Tier 2,5,industry=3/3 capability=2/2 size=0/2 trigger=0/2,,-11.29032258064516,-6.779661016949152,23.540349572331724,post_ipo_equity,2025-02-13,287329675,,,,,10000000,20000000,2007,,2017-11-08,3322,40656329
Fidelio Healthcare Limburg GmbH,DEU,Limburg an der Lahn,53,cdmo_classic,crustdata,Pharmaceutical Manufacturing / FIDELIO Healthcare ist ein breit aufgestellter europäischer Auftragshersteller (,15.217391304347828% growth,http://www.fidelio-hc.com,,Tier 2,5,industry=3/3 capability=1/2 size=0/2 trigger=1/2,,15.217391304347828,1.9230769230769231,25.17123287671233,,,0,,,,,10000000,20000000,2018,,,731,68357445
MPA Pharma GmbH/ We're hiring,DEU,Grande,53,cdmo_classic,crustdata,Pharmaceutical Manufacturing / 35 years market-leading expertise in the import and trade of high-quality pharma,10.416666666666668% growth,http://MPAPharma.com/,,Tier 2,5,industry=3/3 capability=1/2 size=0/2 trigger=1/2,,10.416666666666668,8.16326530612245,22.282120395327944,,,,,,,,500000000,1000000000,1982,,,1361,3803975
CAMAG,CHE,Muttenz,52,cdmo_classic,crustdata,Biotechnology Research / CAMAG is the world leader in High-Performance Thin-Layer Chromatography. We prov,-1.8867924528301887% growth,https://www.camag.com,,Tier 2,5,industry=3/3 capability=1/2 size=0/2 trigger=1/2,,-1.8867924528301887,1.9607843137254901,12.753123653597587,,,0,,,,,10000000,20000000,1958,,,2617,3199593
APRI Africa Policy Research Institute gGmbH,DEU,Berlin,51,oncology_hpapi,crustdata,think tanks / APRI – Africa Policy Research Institute is an independent and nonpartisan Africa,,http://www.afripoli.org,,Tier 2,5,industry=3/3 capability=2/2 size=0/2 trigger=0/2,,21.428571428571427,-1.9230769230769231,25.94992773555877,,,,,,,,1000000,2500000,2021,,,27015,72382521
SIGNUS - The Spine Sign,DEU,Alzenau in Unterfranken,51,oncology_hpapi,crustdata,medical equipment manufacturing / SIGNUS – the Sign for Spine: Passionate! Dynamic! Worldwide!Innovative high-end ,,http://www.signus.com,,Tier 2,5,industry=3/3 capability=2/2 size=0/2 trigger=0/2,,6.25,0.0,27.081507449605606,,,0,,,,,10000000,20000000,1994,,,2900,6702729
Anaveon / Cellestia / Numab cluster,CHE,Basel / Wadenswil,~50–100 each,atmp_cell_gene,research,IL-2/IL-15 + cell-therapy adjuvants,2024–25 Series B/C rounds,https://www.anaveon.com,,Tier 2,5,industry=3/3 capability=2/2 size=0/2 trigger=0/2,,-3.7037037037037033,0.0,20.790848047749318,series_b,2021-12-16,154694995,,,,,1000000,2500000,2017,,,4857,37224961
Ariceum Therapeutics,DEU,Berlin,~50,late_stage_biotech,research,"Satoreotide (177Lu/225Ac SSTR2 radiopharm) — small cell lung, neuroendocrine",FDA Orphan Drug Designation Feb 2025; Ph1/2 expansion; pivotal prep,[labiotech.eu](https://www.labiotech.eu/best-biotech/biotech-companies-germany/),,Tier 2,5,industry=3/3 capability=1/2 size=0/2 trigger=1/2,,-38.46153846153847,-27.27272727272727,16.793110518761534,series_a,2023-04-18,51760502,,,,,2500000,5000000,2021,,,5696,86122097
"CAP-CMC (ProBioGen sister, CAR-T CMC)",DEU,Berlin,~50,atmp_cell_gene,research,CAR-T CMC + viral vector,2025 cleanroom buildout in Berlin-Adlershof,https://www.probiogen.de,oncology_celltherapy,Tier 2,5,industry=3/3 capability=2/2 size=0/2 trigger=0/2,,6.779661016949152,3.278688524590164,34.30096450978556,,,0,,,,,50000000,100000000,1994,acquired,,14342,77173
CRS medical GmbH,DEU,Aßlar,50,oncology_hpapi,crustdata,"medical equipment manufacturing / Since 2004, we at CRS medical have been providing our customers with products an",,http://www.crs-medical.com,,Tier 2,5,industry=3/3 capability=2/2 size=0/2 trigger=0/2,,13.636363636363635,4.166666666666666,14.06628940986257,,,0,,,,,20000000,50000000,2004,,,1411,1251359
sfm medical devices GmbH,DEU,Wächtersbach,50,oncology_hpapi,crustdata,medical equipment manufacturing / sfm is the leading partner for the development and production of single use medi,,http://www.sfm-medical.com,,Tier 2,5,industry=3/3 capability=2/2 size=0/2 trigger=0/2,,8.695652173913043,0.0,31.606217616580313,,,0,,,,,50000000,100000000,1953,,,1270,9238674
Lactosan,AUT,Kapfenberg,49,cdmo_classic,crustdata,Biotechnology Research / Lactosan - your partner in biotechnology.We are one of the world's leading manuf,11.363636363636363% growth,www.lactosan.at,,Tier 2,5,industry=3/3 capability=1/2 size=0/2 trigger=1/2,,11.363636363636363,2.083333333333333,80.22388059701493,,,0,,,,,10000000,20000000,1989,,,483,104329981
Lichtenheldt GmbH,DEU,Wahlstedt,47,cdmo_classic,crustdata,"Pharmaceutical Manufacturing / Wir sind Ihr Partner für pharmazeutische Auftragsherstellung – flexibel, GMP-kon",11.904761904761903% growth,http://www.lichtenheldt.de,,Tier 2,5,industry=3/3 capability=1/2 size=0/2 trigger=1/2,,11.904761904761903,6.8181818181818175,228.67298578199052,,,0,,,,,20000000,50000000,,,,1387,18446198
Merz Dental GmbH,DEU,Hohwacht (Baltic Sea),47,oncology_hpapi,crustdata,medical equipment manufacturing / Merz Dental with headquarter and production site in Lütjenburg Germany is succes,,https://www.merz-dental.de,,Tier 2,5,industry=3/3 capability=2/2 size=0/2 trigger=0/2,,11.904761904761903,6.8181818181818175,17.463617463617464,,,0,,,,,10000000,20000000,1952,,,565,6906131
NBE-Therapeutics AG,CHE,Basel,47,oncology_hpapi,crustdata,biotechnology research / At NBE Therapeutics we strive to develop best-in-class oncology treatments to in,,https://www.nbe-therapeutics.com/,"adc,oncology_general",Tier 2,5,industry=3/3 capability=2/2 size=0/2 trigger=0/2,,2.1739130434782608,0.0,56.02073365231261,series_c,2020-01-10,65700364,,,,,2500000,5000000,2012,acquired,,3913,68712951
Polymun Scientific Immunbiologische Forschung GmbH,AUT,Klosterneuburg,47,"cdmo_classic,vaccines",crustdata,Biotechnology Research / Polymun is a private company performing contract development and manufacturing o,4.444444444444445% growth,https://www.polymun.com,,Tier 2,5,industry=3/3 capability=1/2 size=0/2 trigger=1/2,,4.444444444444445,2.1739130434782608,24.121405750798722,,,0,,,,,10000000,20000000,1992,,,777,65174186
InVivo BioTech Services GmbH - a Bruker Company,DEU,Hennigsdorf,44,cdmo_classic,crustdata,Biotechnology Research / InVivo is a leading contract manufacturing organization (CMO) dedicated to the d,7.317073170731707% growth,https://invivo.de,,Tier 2,5,industry=3/3 capability=1/2 size=0/2 trigger=1/2,,7.317073170731707,0.0,19.858156028368796,,,0,,,,,10000000,20000000,1998,acquired,,1690,7331089
Lyomark Pharma GmbH,DEU,Oberhaching,44,cdmo_classic,crustdata,Pharmaceutical Manufacturing / The philosophy of our company is to face and overcome the national and internati,25.71428571428571% growth,http://www.lyomark.com,,Tier 2,5,industry=3/3 capability=1/2 size=0/2 trigger=1/2,,25.71428571428571,2.3255813953488373,25.396825396825395,,,0,,,,,2500000,5000000,1989,,,869,12779585
PSM - Your Pharma CDMO,DEU,Schiffweiler,44,cdmo_classic,crustdata,Pharmaceutical Manufacturing / PSM GmbH - Ihr Pharma CDMO für aseptische Fill and Finish DienstleistungenDie PS,4.761904761904762% growth,http://www.psm-saar.de,,Tier 2,5,industry=3/3 capability=1/2 size=0/2 trigger=1/2,,4.761904761904762,2.3255813953488373,27.825512227362854,,,0,,,,,10000000,20000000,2020,,,1934,76992035
VERAXA Biotech,DEU,Heidelberg,44,oncology_hpapi,crustdata,"biotechnology research / At VERAXA Biotech, we are building a premier engine for the discovery and develo",,https://veraxa.com/,"adc,oncology_general",Tier 2,5,industry=3/3 capability=2/2 size=0/2 trigger=0/2,,22.22222222222222,2.3255813953488373,58.048780487804876,series_b,2019-06-27,3411452,,,,,1000000,2500000,2021,,,4536,76170414
AMINO GmbH,DEU,Süpplingen,41,"specialty_orphan,sterile_generics",crustdata,"Pharmaceutical Manufacturing / Amino GmbH, headquartered in Frellstedt, Germany is a fully integrated manufactu",7.894736842105263% growth,http://www.amino.de,,Tier 2,5,industry=3/3 capability=1/2 size=0/2 trigger=1/2,,7.894736842105263,2.5,16.302652106084242,,,0,,,,,10000000,20000000,1958,acquired,,1491,6486523
PreviPharma,DEU,Mannheim,41,plasma_fractionation,crustdata,Pharmaceutical Manufacturing / PreviPharma Consulting GmbH is an internationally active research and developmen,17.142857142857142% growth,http://www.previpharma.com,,Tier 2,5,industry=3/3 capability=1/2 size=0/2 trigger=1/2,,17.142857142857142,10.81081081081081,127.13864306784662,,,0,,,,,2500000,5000000,2015,,,770,40881244
Primopus,CHE,Muttenz,41,cdmo_classic,crustdata,"Pharmaceutical Manufacturing / Primopus AG Primopus is a CMO/CDMO and producer of complex RSM’s, GMP intermedia",0.0% growth,http://www.primopus.com,,Tier 2,5,industry=3/3 capability=1/2 size=0/2 trigger=1/2,,0.0,2.5,30.17751479289941,,,0,,,,,10000000,20000000,2022,,,880,88968819
ARTHEx Bio / Cimeio Therapeutics,CHE,Basel,~40,atmp_cell_gene,research,Shielded cell therapy (HSC editing),2024 $80M Series A,https://cimeiotx.com,,Tier 2,5,industry=3/3 capability=2/2 size=0/2 trigger=0/2,,,,,,,,,,,,,,,,,,
Marinomed Biotech,AUT,Korneuburg,~40,"atmp_cell_gene,late_stage_biotech",research,Carragelose (iota-carrageenan) — respiratory virus OTC,FDA approval pursued via P&G partnership; targeted 2024–2025 launch in US,https://www.marinomed.com/en,,Tier 2,5,industry=3/3 capability=2/2 size=0/2 trigger=0/2,,0.0,2.5,13.897435897435898,post_ipo_equity,2025-09-16,8684215,,,,,5000000,10000000,2006,,2019-02-01,4442,18165472
Versameb / VectorY (CH branch),CHE,Basel,~40,atmp_cell_gene,research,"mRNA (Versameb), AAV (VectorY)",Versameb VMB-100 IND 2025; Basel HQ retained,https://www.versameb.com,,Tier 2,5,industry=3/3 capability=2/2 size=0/2 trigger=0/2,,-55.55555555555556,-42.857142857142854,12.340425531914894,seed,2023-06-14,28134919,,,,,1000000,2500000,2017,,,2904,10964132
biosyn Arzneimittel GmbH,DEU,Fellbach,39,"cdmo_classic,vaccines",crustdata+research,Pharmaceutical Manufacturing / More than 40 Years of Experience | Research & CareWe are research. We are biosyn,5.405405405405405% growth,https://www.biosyn.de,oncology_general,Tier 2,5,industry=3/3 capability=1/2 size=0/2 trigger=1/2,,5.405405405405405,2.631578947368421,0.0,,,0,,,,,10000000,20000000,1984,,,880,3339217
BAG Health Care GmbH,DEU,Lich,38,sterile_generics,crustdata,"Pharmaceutical Manufacturing / BAG Health Care GmbH is a company located in Amtsgerichtsstr. 1-5, Lich, Lich He",-13.636363636363635% growth,http://www.bag-germany.com,,Tier 2,5,industry=3/3 capability=1/2 size=0/2 trigger=1/2,,-13.636363636363635,-2.564102564102564,30.743982494529543,,,0,,,,,10000000,20000000,1947,,,1195,8636616
Ethris,DEU,Krailling,38,"atmp_cell_gene,late_stage_biotech",crustdata+research+research,Biotechnology / Ethris is paving a new path from genes to therapeutic proteins using our proprie,Phase 1 ETH47 (inhaled mRNA) start 2024; Munich GMP partnership announced 2025,https://www.ethris.com/,,Tier 2,5,industry=3/3 capability=2/2 size=0/2 trigger=0/2,,-24.0,-5.0,31.97295943915874,grant,2025-05-06,106751479,,,,,20000000,50000000,2009,,,5271,3851060
MEGGLE Excipients,DEU,Wasserburg am Inn,38,sterile_generics,crustdata,Pharmaceutical Manufacturing / Welcome to the official LinkedIn profile of MEGGLE Business Unit Excipients. MEG,0.0% growth,http://www.meggle-excipients.com,,Tier 2,5,industry=3/3 capability=1/2 size=0/2 trigger=1/2,,0.0,0.0,0.0,,,0,,,,,500000000,1000000000,,,,4880,17936245
TissUse GmbH,DEU,Berlin,38,cdmo_classic,crustdata,"Biotechnology Research / TissUse is a Berlin, Germany-based, biotechnology company, which has developed a",15.151515151515152% growth,http://www.tissuse.com,,Tier 2,5,industry=3/3 capability=1/2 size=0/2 trigger=1/2,,15.151515151515152,-2.564102564102564,45.20602747032938,,,0,,,,,1000000,2500000,2010,,,10889,18493207
Denk Ingredients,DEU,Munich,37,cdmo_classic,crustdata,"Pharmaceutical Manufacturing / We create access to Ingredients - since 1986.Headquartered in Munich, Germany, D",-7.5% growth,https://www.denkingredients.de/,,Tier 2,5,industry=3/3 capability=1/2 size=0/2 trigger=1/2,,-7.5,-7.5,23.8125,,,0,,,,,2500000,5000000,1986,,,3962,10359532
Heidelberg Pharma Research GmbH,DEU,Ladenburg,37,oncology_hpapi,crustdata,"biotechnology research / For current information on Heidelberg Pharma Research GmbH, please refer to the ",,http://heidelberg-pharma.com,"adc,cytostatika_hpapi,oncology_general",Tier 2,5,industry=3/3 capability=2/2 size=0/2 trigger=0/2,,-27.450980392156865,-27.450980392156865,0.0,,,,,,,,20000000,50000000,1999,,,992,7345514
Vibalogics,DEU,Cuxhaven,37,"atmp_cell_gene,cdmo_classic,vaccines",crustdata+research+research,Biotechnology Research / Vibalogics (now part of Recipharm) is a full-service CDMO offering process techn,Boston site complements Cuxhaven; Cuxhaven adenovirus capacity expanded 2024,http://www.recipharm-ab.com,,Tier 2,5,industry=3/3 capability=2/2 size=0/2 trigger=0/2,,-11.904761904761903,0.0,1.6725515703400855,,,0,,,,,50000000,100000000,2001,acquired,,5471,1235260
FoRx Therapeutics,CHE,Basel,36,oncology_hpapi,crustdata,biotechnology research / FoRx Therapeutics is a recently incorporated privately-held company based in Bas,,https://www.FoRxTx.com,,Tier 2,5,industry=3/3 capability=2/2 size=0/2 trigger=0/2,,5.88235294117647,0.0,27.68673780487805,series_a,2025-12-18,109448506,,,,,1000000,2500000,2019,,,6701,52177350
Swiss BioQuant AG,CHE,Reinach,36,cdmo_classic,crustdata,Biotechnology Research / Swiss BioQuant is a bioanalytical contract research organization (CRO) specializ,5.88235294117647% growth,http://www.swissbioquant.com/,,Tier 2,5,industry=3/3 capability=1/2 size=0/2 trigger=1/2,,5.88235294117647,0.0,27.74703557312253,,,0,,,,,1000000,2500000,2007,,,1616,11128353
CANNERALD®,CHE,Fraubrunnen,35,medical_cannabis,crustdata+research,Pharmaceutical Manufacturing / Medical cannabis - crafted in Switzerland. Cannerald® is dedicated to unlocking ,Pursuing GMP/GACP; state-of-the-art expansion 2023–25,http://www.cannerald.com,,Tier 2,5,industry=2/3 capability=1/2 size=0/2 trigger=2/2,,-20.454545454545457,-2.7777777777777777,7.841068917018284,,,0,,,,,2500000,5000000,2017,,,3067,18502475
BioVersys,CHE,Basel,~33,late_stage_biotech,research,BV100 (rifabutin IV) — CRAB hospital pneumonia (HABP/VABP),IPO SIX Feb 2025; FDA cleared Ph3; Ph3 initiated Dec 2025; orphan + QIDP designations,[BioVersys / GlobeNewswire](https://www.globenewswire.com/news-release/2025/12/11/3203614/0/en/BioVersys-Announces-BV100-Phase-3-Initiation-and-Provides-a-Business-Update.html),,Tier 2,5,industry=3/3 capability=1/2 size=0/2 trigger=1/2,,,,,,,,,,,,,,,,,,
Abera Bioscience / RhoVac (DE-Nordic),DEU,Berlin (rep),~30,atmp_cell_gene,research,Vaccine vector,DE-AT clinical sites 2024–25,https://www.aberabio.com,,Tier 2,5,industry=3/3 capability=2/2 size=0/2 trigger=0/2,,-7.142857142857142,0.0,30.328295987493487,,,0,,,,,1000000,2500000,2012,,,2501,6904857
Apeiron Biologics,AUT,Vienna,~30,"atmp_cell_gene,late_stage_biotech",research,APN-01 (rhACE2) — ARDS / COVID; APN401 (oncology),Late-stage clinical — Ph2/3 development for Qarziba follow-on; in-house biologics mfg,[LISAvienna](https://www.lisavienna.at/news/detail/lisavienna-vienna-austrias-biggest-life-science-city-is-growing/),oncology_general,Tier 2,5,industry=3/3 capability=2/2 size=0/2 trigger=0/2,,,,,,,,,,,,,,,,,,
Limula,CHE,Lausanne (EPFL),~30,atmp_cell_gene,research,Decentralised CAR-T mfg (point-of-care device),2024 €15M Series A; 2025 first hospital pilots,https://limula.ch,oncology_celltherapy,Tier 2,5,industry=3/3 capability=2/2 size=0/2 trigger=0/2,,4.0,-7.142857142857142,22.353520433284096,debt_financing,2024-12-11,15744803,,,,,1000000,2500000,2020,,,7455,11862454
Marinomed / Phenogy / Vienna ATMP startups,AUT,Vienna / Linz,~30,atmp_cell_gene,research,iPSC-derived cardiomyocytes (Phenogy),2025 Phenogy Series A,https://phenogy.com,,Tier 2,5,industry=3/3 capability=2/2 size=0/2 trigger=0/2,,57.692307692307686,2.5,123.75634517766498,,,0,,,,,1000000,2500000,,,,2204,66944754
MyoPax,DEU,Berlin,~30,atmp_cell_gene,research,"Muscle stem cell therapy, AAV",EUR 13M Series A 2024; Berlin BIH translational space,https://www.myopax.com,,Tier 2,5,industry=3/3 capability=2/2 size=0/2 trigger=0/2,,0.0,0.0,51.75965665236052,grant,2025-02-17,1300000,,,,,500000,1000000,2022,,,1768,86304529
ViGeneron-Vivet / Akouos CH cluster,CHE,Zurich,~30,atmp_cell_gene,research,AAV / CAR-T enabling tech,2025 Pfizer partnership,https://vigeneron.com,oncology_celltherapy,Tier 2,5,industry=3/3 capability=2/2 size=0/2 trigger=0/2,,-33.33333333333333,-11.11111111111111,23.937153419593347,series_a,2024-12-23,0,,,,,500000,1000000,2017,,,1341,37022907
Vivabiocell / Promethera DE,DEU,Heidelberg,~30,atmp_cell_gene,research,Allogeneic liver-derived stem cells,2025 pipeline restart,https://www.bioregio-stern.de,,Tier 2,5,industry=3/3 capability=2/2 size=0/2 trigger=0/2,,6.666666666666667,-5.88235294117647,43.054277828886846,,,,,,,,500000,1000000,2001,,,1555,91652213
CARTHERA / CARTHERA-DE,DEU,Heidelberg,~25,atmp_cell_gene,research,Allogeneic NK / CAR-NK,2024 academic spinout; 2025 first-in-human,https://www.bioregio-stern.de,oncology_celltherapy,Tier 2,5,industry=3/3 capability=2/2 size=0/2 trigger=0/2,,6.666666666666667,-5.88235294117647,43.054277828886846,,,,,,,,500000,1000000,2001,,,1555,91652213
Kyona Therapeutics (ex-Avrobio CH unit),CHE,Zurich,~25,atmp_cell_gene,research,Lentiviral gene therapy,Restructured 2024 around plato platform CH operations,https://www.kyonatx.com,,Tier 2,5,industry=3/3 capability=2/2 size=0/2 trigger=0/2,,,,,,,,,,,,,,,,,,
Touchlight Genetics (DE branch via partner),DEU,Frankfurt area (partner),~20 (DE rep),atmp_cell_gene,research,Doggybone DNA (dbDNA),DACH partnership announcements 2024 with mRNA developers,https://www.touchlight.com/news,,Tier 2,5,industry=3/3 capability=2/2 size=0/2 trigger=0/2,,0.0,0.0,0.0,,,,,,,,0,0,,,,1,21767017
PAFFREDA Therapeutics,DEU,Munich,~15,atmp_cell_gene,research,AAV gene therapy,Seed extension 2024; targeting orphan AAV indications,https://www.paffreda.com,,Tier 2,5,industry=3/3 capability=2/2 size=0/2 trigger=0/2,,,,,,,,,,,,,,,,,,
Araris Biotech,CHE,Schlieren,,late_stage_biotech,research,ADC linker tech,Becomes part of Taiho mfg; Schlieren R&D + scale-up site,https://www.globenewswire.com/news-release/2025/03/17/3043425/0/en/Taiho-Pharmaceutical-to-Acquire-Next-Generation-ADC-Drug-Discovery-Company-Araris-Biotech.html,adc,Tier 2,5,industry=3/3 capability=1/2 size=0/2 trigger=1/2,,,,,,,,,,,,,,,,,,
BioNTech Idar-Oberstein,DEU,Idar-Oberstein,,vaccines,research,mRNA (clinical / personalized cancer),iNeST line scale-up,https://www.biontech.com,oncology_general,Tier 2,5,industry=2/3 capability=2/2 size=0/2 trigger=1/2,,-1.374903175832688,0.9714512291831879,11.168503127150625,post_ipo_debt,2025-10-13,1995882947,,,,,500000000,1000000000,2008,,2019-10-09,293994,4001311
BioNTech Manufacturing Marburg GmbH,DEU,Marburg (Behringwerke campus),,vaccines,research,mRNA (DS),"Capacity expansion to 1B doses, ~€100M tooling 2024–25",https://www.biontech.com/int/en/home/pipeline-and-products/manufacturing/our-marburg-site.html,,Tier 2,5,industry=2/3 capability=2/2 size=0/2 trigger=1/2,,-1.374903175832688,0.9714512291831879,11.168503127150625,post_ipo_debt,2025-10-13,1995882947,,,,,500000000,1000000000,2008,,2019-10-09,293994,4001311
Cellca / Sartorius,DEU,Ulm,,late_stage_biotech,research,Cell line dev (CDMO-adjacent),Ulm site expansion ongoing,https://www.sartorius.com/,,Tier 2,5,industry=3/3 capability=1/2 size=0/2 trigger=1/2,,0.0,0.0,0.0,,,,,,,,0,0,,,,47,32535622
iOmx Therapeutics,DEU,Martinsried,,late_stage_biotech,research,I/O antibody (LILRB1/2),None — CDMO; CTA Q4 2024 triggers future scale-up,https://www.bio-m.org/en/news/news-detail/iomx-sammelt-65-millionen-euro-ein.html,,Tier 2,5,industry=3/3 capability=1/2 size=0/2 trigger=1/2,,20.0,9.090909090909092,29.535378613229295,,,0,,,,,1000000,2500000,1997,,,14609,9140855
Pharming Group (recombinant adj.),NL (DACH COMMERCIAL,Leiden HQ; DE/AT/CH sales,n/a in DACH,"plasma_fractionation,specialty_orphan",research,"HAE — Ruconest (rhC1-INH); Leniolisib (APDS, ultra-rare immunology)",Own recombinant biologics mfg (transgenic-rabbit milk + downstream); commercializes directly in DE/AT,https://www.pharming.com/,,Excluded,5,industry=3/3 capability=2/2 size=0/2 trigger=0/2,non_target_country,,,,,,,,,,,,,,,,,
Valneva Austria GmbH,AUT,Vienna (HQ + DS),,vaccines,research,"Inactivated (Ixiaro JE, IXCHIQ chikungunya), Lyme candidate",€30M Vienna fill-finish + chikungunya scale-up 2024,https://valneva.com/about/locations/,,Tier 2,5,industry=2/3 capability=2/2 size=0/2 trigger=1/2,,-2.39880059970015,-1.5128593040847202,30.11006835824354,post_ipo_equity,2026-04-30,1112209892,,,,,500000000,1000000000,2013,,2007-06-29,56149,42467
Novartis,CHE,Münchenstein,83400,originator_pharma,crustdata+research,"Pharmaceutical Manufacturing / Novartis is an innovative medicines company. Every day, working to reimagine med",CHF 300M Stein radioligand plant (2024 inauguration); CHF 250M Stein solid-dosage upgrade,http://www.novartis.com,radiopharma,Tier 3,4,industry=2/3 capability=2/2 size=0/2 trigger=0/2,,7.438229459201814,0.9306434631070664,13.025653626892078,post_ipo_debt,2024-06-19,2494194394,,,,,1000000000,1000000000000,1996,,2000-05-19,4599692,1406
Boehringer Ingelheim,DEU,Ingelheim am Rhein,46448,"originator_pharma,vaccines",crustdata+research+research,"Pharmaceutical Manufacturing / Our people are our strength. And together with over 54,000 colleagues, we're cre",EUR 1.2B Biberach biologics plant (start-up 2025); EUR 145M Ingelheim solid-dosage modernisation,http://www.boehringer-ingelheim.com,oncology_general,Tier 3,4,industry=2/3 capability=2/2 size=0/2 trigger=0/2,,2.790625622413526,0.6784436978432861,15.065969693592738,,,0,,,,,1000000000,1000000000000,,,,2219962,3235
Merck Group,DEU,Darmstadt,32462,originator_pharma,crustdata,Pharmaceutical Manufacturing / This channel is not intended for U.S. and Canadian visitors. Merck operates in t,3.139098938806634% growth,http://www.merckgroup.com,,Tier 3,4,industry=2/3 capability=1/2 size=0/2 trigger=1/2,,3.139098938806634,0.838717693836978,23.850672391248967,grant,2023-03-02,2755636,,,,,1000000000,1000000000000,1987,,2002-01-11,1686944,1485
Merck KGaA Life Science,DEU,Darmstadt,"~24,000 (LS)",vaccines,research,"mRNA raw materials: nucleotides, capping reagents, lipids, filtration",,https://www.merckgroup.com/,,Tier 3,4,industry=2/3 capability=2/2 size=0/2 trigger=0/2,,4.0,0.0,0.0,,,,,,,,20000000,50000000,1979,,,48,64337028
Sartorius Stedim Biotech,DEU,Göttingen,"~14,000","bioprocess_vendors,vaccines",research,"Single-use bioreactors, filtration, fill-finish equipment for vaccines",,https://www.sartorius.com/,,Tier 3,4,industry=2/3 capability=2/2 size=0/2 trigger=0/2,,0.0,0.0,0.0,,,,,,,,0,0,,,,47,32535622
F. Hoffmann-La Roche AG,CHE,"Basel, Kaiseraugst","~10,500 (Basel/Kaiseraugst)",originator_pharma,research,"Oncology, immunology, ophthalmology (Vabysmo), neurology",CHF 1.2B Kaiseraugst aseptic fill-finish + biologics 2023–2026,https://www.roche.com/media/releases/med-cor-2023-09-25,oncology_general,Tier 3,4,industry=2/3 capability=2/2 size=0/2 trigger=0/2,,,,,,,,,,,,0,0,,,,,32864556
University of Geneva,CHE,Geneva,6866,academic_gmp,crustdata,"Research Services / The Academy of Geneva was officially founded in 1559 by two eminent Reformers, J",0.7040187738339688% growth,http://www.unige.ch/,,Excluded,4,industry=1/3 capability=1/2 size=1/2 trigger=1/2,industrial_false_positive,0.7040187738339688,0.6892506232585422,0.0,grant,2025-05-21,50000,,,,,1000000000,1000000000000,,,,209690,166637
Grünenthal Group,DEU,Aachen,4660,originator_pharma,crustdata+research,Pharmaceutical Manufacturing / Grünenthal is a global leader in pain management and related diseases. As a scie,EUR 90M Aachen API + solid-dose modernisation 2024–2025,http://www.grunenthal.com,,Tier 3,4,industry=2/3 capability=1/2 size=1/2 trigger=0/2,,0.561070349589987,1.0845986984815619,20.707922322457353,debt_financing,2024-11-27,828174965,,,,,500000000,1000000000,1946,,,171806,164071
Schott Pharma AG & Co. KGaA,DEU,Mainz,"~4,600",medical_cannabis,research,Packaging (Type I borosilicate vials/cartridges for cannabinoid injectables),,https://www.schott-pharma.com,,Tier 3,4,industry=2/3 capability=1/2 size=1/2 trigger=0/2,,7.949412827461607,2.4871355060034306,33.106823693927936,,,0,,,,,0,0,2022,,,60919,10909015
Takeda Manufacturing Austria AG (ex-Baxalta/Baxter),AUT,"Vienna (Orth/Donau, Linz)","4,500",sterile_generics,research,,EUR 250M Vienna plasma-fractionation 2024–25; Linz sterile-fill,takeda.com/austria,,Tier 3,4,industry=3/3 capability=0/2 size=1/2 trigger=0/2,,,,,,,,,,,,0,0,,,,,36438464
DMG MORI,DEU,Munich,4458,vaccines,crustdata,Machinery Manufacturing / DMG MORI is a leading global manufacturer of high-precision machine tools and is,4.013065795613626% growth,http://www.dmgmori.com,,Excluded,4,industry=2/3 capability=0/2 size=1/2 trigger=1/2,industrial_false_positive,4.013065795613626,0.5639521768554027,21.428946677173627,,,0,,,,,1000000000,1000000000000,2002,,,231140,11099415
Trelleborg Sealing Solutions,DEU,Stuttgart,3861,vaccines,crustdata,"Mechanical Or Industrial Engineering / We are one of the world’s leading developers, manufacturers and suppliers of pre",2.0348837209302326% growth,http://www.trelleborg.com/seals,,Excluded,4,industry=2/3 capability=0/2 size=1/2 trigger=1/2,industrial_false_positive,2.0348837209302326,0.8884243532793311,19.33887264707391,,,,,,,,0,0,1952,,,46535,9553888
Leipzig University,DEU,Leipzig,3669,veterinary_pharma,crustdata,Higher Education / Universität Leipzig was founded in 1409 and is thus the second oldest university,2.9461279461279464% growth,http://www.uni-leipzig.de/,,Excluded,4,industry=2/3 capability=0/2 size=1/2 trigger=1/2,industrial_false_positive,2.9461279461279464,0.7690195001373249,0.0,,,0,,,,,500000000,1000000000,,,,82381,22593
HYDAC Group,DEU,Sulzbach,3443,vaccines,crustdata,"Machinery Manufacturing / HYDAC is a global technology partner for mobile machinery, industrial equipment,",5.290519877675841% growth,https://www.hydac.com,,Excluded,4,industry=2/3 capability=0/2 size=1/2 trigger=1/2,industrial_false_positive,5.290519877675841,2.196497476996141,39.36241478504157,,,0,,,,,1000000000,1000000000000,1963,,,35366,18571988
KHS Group,DEU,,3356,vaccines,crustdata,Machinery Manufacturing / KHS is one of the world's leading manufacturers of filling and packaging systems,4.22360248447205% growth,https://www.khs.com/,,Excluded,4,industry=2/3 capability=0/2 size=1/2 trigger=1/2,industrial_false_positive,4.22360248447205,1.4817054732385848,18.259316480939702,,,0,,,,,1000000000,1000000000000,,,,107927,16915
Bilfinger Industrietechnik / Pharma Solutions,DEU,Mannheim + Frankfurt,"~3,000",bioprocess_vendors,research,"Modular cleanroom skids, fill-finish lines, isolators (engineering+OEM)",,https://www.bilfinger.com/en/expertise/industries/pharma/,,Tier 3,4,industry=0/3 capability=2/2 size=2/2 trigger=0/2,,-1.4563106796116505,0.0,0.0,,,,,,,,2500000,5000000,,,,54,8319975
Datwyler Pharma Packaging,CHE,Altdorf,"~3,000 (CH ops)",vaccines,research,"Rubber stoppers, plungers, seals for vaccine vials/syringes",,https://www.datwyler.com/,,Tier 3,4,industry=2/3 capability=0/2 size=2/2 trigger=0/2,,4.545454545454546,-4.166666666666666,0.0,,,,,,,,100000000,500000000,1990,,,399,86699668
GEA Group — Pharma Liquid & Powder,DEU,Düsseldorf / Hürth,"~3,000 (DE pharma)",bioprocess_vendors,research,"Liquid dosing, freeze drying, aseptic processing",,https://www.gea.com/en/products/pharmaceutical/,,Tier 3,4,industry=0/3 capability=2/2 size=2/2 trigger=0/2,,0.0,3.8461538461538463,0.0,,,,,,,,500000,1000000,,,,13,28561075
Glatt Group,DEU,Binzen + Weimar,"~3,000",bioprocess_vendors,research,"Fluid bed, granulation, coating, containment for biologics drying",,https://www.glatt.com/en/company/locations/,cytostatika_hpapi,Tier 3,4,industry=0/3 capability=2/2 size=2/2 trigger=0/2,,6.866416978776529,0.5875440658049353,0.0,,,0,,,,,500000000,1000000000,1954,,,44485,2718193
Hamilton Bonaduz / Hamilton Robotics,CHE,Bonaduz / Domat-Ems,"~2,500",bioprocess_vendors,research,"Microlab STAR, Vantage, Arc sensors, bioreactor probes",,https://www.hamiltoncompany.com/automated-liquid-handling/visit-hamilton,,Tier 3,4,industry=0/3 capability=2/2 size=2/2 trigger=0/2,,,,,,,,,,,,500000,1000000,,,,,8717493
GSK (GlaxoSmithKline GmbH),DEU,"Dresden, München","~2,200 (DE)",originator_pharma,research,"Vaccines (Influsplit, Shingrix bulk), respiratory",EUR 100M Dresden vaccines & inhaler line 2024–2025,https://de.gsk.com/de-de/presse,,Tier 3,4,industry=2/3 capability=0/2 size=2/2 trigger=0/2,,,,,,,,,,,,,,,,,,
Exyte (M+W Group) Life Sciences,DEU,Stuttgart,"~2,000 (DE life sci)",bioprocess_vendors,research,"Cleanroom EPC, biotech facility build",,https://www.exyte.net/en/expertise/life-sciences,,Excluded,4,industry=0/3 capability=2/2 size=2/2 trigger=0/2,direct_competitor,,,,,,,,,,,,,,,,,
Aristo Pharma,DEU,Berlin (HQ) + Hilden + Wernigerode + Madrid,"~1,750 (group)",originator_pharma,research,Generics+originator branded; 5 own production sites,Coater + fluid bed granulator added 2021; ongoing,https://www.aristo-pharma.com/,,Tier 3,4,industry=2/3 capability=0/2 size=2/2 trigger=0/2,,,,,,,,,,,,,,,,,,
Agentur für Gesundheit und Ernährungssicherheit (AGES),AUT,Vienna,"~1,500",academic_gmp,research,"OMCL GMP batch release labs, pharma & vet reference",,https://www.ages.at,,Tier 3,4,industry=1/3 capability=1/2 size=2/2 trigger=0/2,,0.0,0.0,0.0,,,,,,,,0,0,2002,,,217,65138940
Klosterfrau Healthcare Group,DEU,"Berlin, Köln","~1,500",originator_pharma,research,"OTC, branded (Klosterfrau Melissengeist, Soledum)",~€60m invested in Berlin production (recent 4 yrs),https://www.klosterfrau.de/presse,,Tier 3,4,industry=2/3 capability=0/2 size=2/2 trigger=0/2,,0.684931506849315,0.0,9.701492537313433,,,,,,,,0,0,,,,588,41122119
Norgine Germany,DEU,Marburg / Holzminden,"~1,500 group; DE site ~250",specialty_orphan,research,"Rare (eflornithine HAT, AGILUS, SIKLOS sickle-cell, ORPHACOL bile-acid, mavorixafor WHIM)",Own mfg site in Hengoed (UK) + DE finishing; Theravia integration,https://pharmaceuticalmanufacturer.media/pharmaceutical-industry-insights/an-inside-look-at-norgine/,,Tier 3,4,industry=2/3 capability=0/2 size=2/2 trigger=0/2,,10.0,10.0,0.0,,,0,,,,,1000000,2500000,2001,,,8228,5709078
Octapharma Pharmazeutika Produktionsges.m.b.H.,AUT,Wien,"~1,500 (Vienna site)",specialty_orphan,research,Haemophilia / immunology plasma (own manufacturing),,https://www.octapharma.com/news/press-release/2025/octapharma-expands-production-for-the-global-market-at-its-manufacturing-site-in-vienna,,Tier 3,4,industry=2/3 capability=0/2 size=2/2 trigger=0/2,,0.0,0.0,0.0,,,,,,,,500000,1000000,,,,9,6773773
Robert Koch-Institut (RKI),DEU,Berlin,"~1,500",academic_gmp,research,"Reference labs (BSL-3/4); pathogen reference materials, not commercial GMP mfg",,https://www.rki.de,,Tier 3,4,industry=1/3 capability=1/2 size=2/2 trigger=0/2,,5.8886509635974305,0.8154943934760449,49.638337823495796,,,0,,,,,0,0,,,,91646,1224928
West Pharmaceutical Services Deutschland,DEU,Eschweiler,"~1,500 (DE)",vaccines,research,"Elastomer stoppers, NovaPure components for vaccine vials",,https://www.westpharma.com/,,Tier 3,4,industry=2/3 capability=0/2 size=2/2 trigger=0/2,,1.5873015873015872,0.0,0.0,,,,,,,,0,0,,,,208,23097615
Angelini Pharma Deutschland GmbH,DEU,"Heidenheim (DE), Wien (AT, ex-Arcana)","~1,400 (DACH)",originator_pharma,research,"CNS (Trazodon, Buccolam), consumer health, women's health",EUR 30M Heidenheim solid-dose capacity 2024,https://www.angelinipharma.com/press-releases,,Tier 3,4,industry=2/3 capability=0/2 size=2/2 trigger=0/2,,3.937007874015748,0.9174311926605505,21.583403427972588,grant,2023-07-13,1683532,,,,,500000000,1000000000,1919,,,176347,42134318
Bilfinger Greylogix / ZETA GmbH,AUT,Lieboch (Graz),"~1,400",bioprocess_vendors,research,"Bioreactors, media/buffer systems, CIP/SIP skids, modular cleanrooms",,https://www.zeta.com/en/company/locations/,,Excluded,4,industry=0/3 capability=2/2 size=2/2 trigger=0/2,direct_competitor,,,,,,,,,,,,,,,,,
Astellas Pharma GmbH,DEU,"München, Meppen, Hamburg (Hagedorn)","~1,300",originator_pharma,research,"Oncology (Xtandi), urology, transplant",EUR 60M Meppen/Hagedorn upgrade announced 2024,https://www.astellas.com/en/news,oncology_general,Tier 3,4,industry=2/3 capability=0/2 size=2/2 trigger=0/2,,5.237078171721486,1.7259889338508547,29.722789975311898,grant,2020-07-22,0,,,,,1000000000,1000000000000,2005,,1949-05-16,708302,33408697
Biologische Heilmittel Heel,DEU,Baden-Baden,"~1,300 (800 DE)",originator_pharma,research,Homeopathic combination preparations,~90m ampoules/yr; ongoing Baden-Baden investments,https://www.heel.de/,,Tier 3,4,industry=2/3 capability=0/2 size=2/2 trigger=0/2,,-21.052631578947366,-6.25,28.457059679767106,,,0,,,,,500000000,1000000000,1936,,,1765,83995791
Almirall Hermal GmbH,DEU,Reinbek (Hamburg),"~1,200","originator_pharma,specialty_orphan",research,"Dermatology (Skilarence, Klisyri, Wynzora)",EUR 50M Reinbek topical/semisolid line 2024–2025,https://www.almirall.com/newsroom,,Tier 3,4,industry=2/3 capability=0/2 size=2/2 trigger=0/2,,6.779661016949152,3.278688524590164,52.80748663101604,,,0,,,,,500000000,1000000000,1943,,,1143,12762013
Bayerisches Landesamt für Gesundheit und Lebensmittelsicherheit (LGL),DEU,Erlangen,"~1,200",academic_gmp,research,"OMCL pharma testing, GMP inspection support",,https://www.lgl.bayern.de,,Tier 3,4,industry=1/3 capability=1/2 size=2/2 trigger=0/2,,,,,,,,,,,,,,,,,,
Bundesinstitut für Arzneimittel und Medizinprodukte (BfArM),DEU,Bonn,"~1,200",academic_gmp,research,"Authorisation, GMP inspection oversight (no own mfg)",,https://www.bfarm.de,,Tier 3,4,industry=1/3 capability=1/2 size=2/2 trigger=0/2,,9.535452322738386,1.5873015873015872,82.81892175034248,,,0,,,,,0,0,1994,,,22686,3847504
Cytiva (Danaher),DEU,Freiburg / Marlborough DE ops,"~1,200",bioprocess_vendors,research,"Chromatography (AKTA), Xcellerex bioreactors, FlexFactory",,https://www.cytivalifesciences.com/en/us/about-us/locations/fast-trak,,Tier 3,4,industry=0/3 capability=2/2 size=2/2 trigger=0/2,,0.0,0.0,0.0,grant,2023-06-27,0,,,,,0,0,2020,acquired,,5,94940758
Elanco Deutschland GmbH (incl. ex-Bayer AH),DEU,Bad Homburg + Leverkusen + Cuxhaven (Riems via tie-ins),"~1,200",veterinary_pharma,research,"Companion-animal pharma (Seresto, Advantix), livestock antibiotics, biologicals",Cuxhaven sterile line modernisation EUR 60 m (2024); Leverkusen API consolidation,https://www.elanco.de,,Tier 3,4,industry=2/3 capability=0/2 size=2/2 trigger=0/2,,,,,,,,,,,,,,,,,,
Evonik Health Care,DEU,Hanau / Darmstadt,"~1,200 (HC)",vaccines,research,Lipid excipients (PEGylated lipids) and LNP CDMO services,,https://healthcare.evonik.com/,,Tier 3,4,industry=2/3 capability=0/2 size=2/2 trigger=0/2,,0.0,0.0,0.0,,,,,,,,0,0,,,,24653,10422489
Groninger & Co.,DEU,Crailsheim + Schnelldorf,"~1,200",bioprocess_vendors,research,"Vial/syringe fill-finish, RTU lines, robotic fillers",,https://www.groninger.de/en/company/innovation-center.html,,Excluded,4,industry=0/3 capability=2/2 size=2/2 trigger=0/2,direct_competitor,,,,,,,,,,,,,,,,,
Bundesinstitut für Risikobewertung (BfR),DEU,Berlin,"~1,100",academic_gmp,research,Reference analytical labs (food/chemicals adjacent to pharma),,https://www.bfr.bund.de,,Tier 3,4,industry=1/3 capability=1/2 size=2/2 trigger=0/2,,,,,,,,,,,,,,,,,,
Servier Deutschland GmbH,DEU,"München, Gernsheim (toll partners)","~1,100",originator_pharma,research,"Cardiovascular, oncology, diabetes",EUR 30M München R&D + EUR 50M EU manufacturing footprint 2024,https://www.servier.com/en/newsroom,oncology_general,Tier 3,4,industry=2/3 capability=0/2 size=2/2 trigger=0/2,,-11.607142857142858,-1.0,38.659793814432994,,,,,,,,20000000,50000000,,,,1883,69712149
Lundbeck GmbH,DEU,Hamburg-Allermöhe,"~1,050 (DE incl. plant)",originator_pharma,research,"CNS (Cipralex/escitalopram), depression, schizophrenia",EUR 40M Hamburg solid-dose & packaging 2025,https://www.lundbeck.com/global/media,,Tier 3,4,industry=2/3 capability=0/2 size=2/2 trigger=0/2,,33.33333333333333,0.0,0.0,,,,,,,,0,0,,,,23,12302482
Hermes Arzneimittel,DEU,Großhesselohe / Wolfratshausen,"~1,000",originator_pharma,research,"Effervescent tablets, branded OTC (Biolectra, Doppelherz partner)",EUR 60M Wolfratshausen effervescent line 2024,https://www.hermes-arzneimittel.com/de/presse,,Tier 3,4,industry=2/3 capability=0/2 size=2/2 trigger=0/2,,0.0,1.8867924528301887,59.42079553384508,,,0,,,,,20000000,50000000,1907,,,4569,77606374
Neuraxpharm Group,DEU,Langenfeld (Düsseldorf),"~1,000 (group)",originator_pharma,research,"CNS specialty (psychiatry, neurology)",Owned plant in Spain; portfolio M&A bolt-ons 2024–25,https://www.neuraxpharm.com/about-us/,,Tier 3,4,industry=2/3 capability=0/2 size=2/2 trigger=0/2,,7.647058823529412,2.463605823068309,15.330048505531163,,,0,,,,,500000000,1000000000,1985,acquired,,60155,12592927
URSAPHARM Arzneimittel,DEU,Saarbrücken,"~1,000","originator_pharma,specialty_orphan",research,Ophthalmology specialty (own manufacturing eye drops),Continuous clean-room investment in own plant,https://ursapharm.de/en/company/,,Tier 3,4,industry=2/3 capability=0/2 size=2/2 trigger=0/2,,10.702341137123746,2.476780185758514,39.90284524635669,,,0,,,,,500000000,1000000000,1974,,,6048,3848942
WALA Heilmittel,DEU,Bad Boll (Eckwälden),~800,originator_pharma,research,Anthroposophic + homeopathic medicines; Dr. Hauschka,Foundation-owned; ongoing Bad Boll investment,https://www.wala.world/en/,,Tier 3,4,industry=2/3 capability=0/2 size=2/2 trigger=0/2,,14.696485623003195,2.6133115557370354,32.01395572666025,,,0,,,,,500000000,1000000000,1935,,,10973,1347494
Dr. Wolff Group (Alcina/Linola/Plantur),DEU,Bielefeld,~750,originator_pharma,research,"Hair, derm, gynecology (Vagisan)","Bielefeld plant ongoing, R&D €40m+/yr",https://www.drwolffgroup.com/,,Tier 3,4,industry=2/3 capability=0/2 size=2/2 trigger=0/2,,-50.0,-50.0,0.0,,,,,,,,500000,1000000,2012,,,122,53197143
Buchi Labortechnik,CHE,Flawil,~700,bioprocess_vendors,research,"Spray drying, lyophilization, NIR (ProxiMate) for biopharma",,https://www.buchi.com/en/about-us/global-locations,,Tier 3,4,industry=0/3 capability=2/2 size=2/2 trigger=0/2,,0.0,0.0,0.0,,,,,,,,500000,1000000,,,,32,33729504
Hosokawa Alpine AG,DEU,Augsburg,~700,bioprocess_vendors,research,"Powder process, containment",,https://www.hosokawa-alpine.com/,cytostatika_hpapi,Tier 3,4,industry=0/3 capability=2/2 size=2/2 trigger=0/2,,0.0,0.0,0.0,,,,,,,,0,0,,,,2,97143677
Niedersächsisches Landesamt für Verbraucherschutz (LAVES),DEU,Oldenburg,~700,academic_gmp,research,Veterinary diagnostic + medicines surveillance,,https://www.laves.niedersachsen.de,,Tier 3,4,industry=1/3 capability=1/2 size=2/2 trigger=0/2,,,,,,,,,,,,,,,,,,
Bausch + Lomb / Dr. Gerhard Mann chem.-pharm. Fabrik GmbH,DEU,Berlin,~650 (DACH); site DE,specialty_orphan,research,Ophthalmology specialty (own Berlin plant),,https://www.linkedin.com/company/dr.-gerhard-mann-chem.-pharm.-fabrik-gmbh,,Tier 3,4,industry=2/3 capability=0/2 size=2/2 trigger=0/2,,-4.3478260869565215,-4.3478260869565215,0.0,,,,,,,,100000000,500000000,,,,380,41333834
Bundesamt für Gesundheit (BAG/OFSP),CHE,Bern (Liebefeld),~600,academic_gmp,research,Policy + reference labs (no mfg),,https://www.bag.admin.ch,,Tier 3,4,industry=1/3 capability=1/2 size=2/2 trigger=0/2,,,,,,,,,,,,,,,,,,
Charles River Laboratories Germany,DEU,Erkrath / Köln,~600 (DE),bioprocess_vendors,research,"Endotoxin, micro, biologics testing",,https://www.criver.com/locations/germany,,Tier 3,4,industry=0/3 capability=2/2 size=2/2 trigger=0/2,,0.0,0.0,0.0,,,,,,,,0,0,,,,2,41188013
Getinge Deutschland GmbH,DEU,Rastatt,~600 (DE),bioprocess_vendors,research,"Sterilizers, isolator-adjacent biotech",,https://www.getinge.com/de/,,Excluded,4,industry=0/3 capability=2/2 size=2/2 trigger=0/2,direct_competitor,,,,,,,,,,,,,,,,,
Klocke Pharma-Service GmbH (parent of IDT AH packaging),DEU,Appenweier,~600 (group),veterinary_pharma,research,"Sterile sachets + sticks for vet pharma, CDMO packaging",Appenweier high-speed line 2024 (EUR 20 m),https://www.klocke-gruppe.de,,Tier 3,4,industry=2/3 capability=0/2 size=2/2 trigger=0/2,,,,,,,,,,,,,,,,,,
LEO Pharma GmbH,DEU,Wien (AT regional),~600 (excluded — below 1000),"originator_pharma,specialty_orphan",research,Dermatology / thrombosis specialty (CH affiliate),—,—,,Tier 3,4,industry=2/3 capability=0/2 size=2/2 trigger=0/2,,,,,,,,,,,,,,,,,,
Midas Pharma,DEU,Ingelheim,~600,vaccines,research,Vaccine excipients and adjuvant API sourcing/distribution,,https://www.midas-pharma.com/,,Tier 3,4,industry=2/3 capability=0/2 size=2/2 trigger=0/2,,5.681818181818182,1.824817518248175,22.164357879387563,,,0,,,,,50000000,100000000,1988,,,11729,131380
Pohl-Boskamp GmbH,DEU,Hohenlockstedt,~600 (excluded),originator_pharma,research,—,—,—,,Tier 3,4,industry=2/3 capability=0/2 size=2/2 trigger=0/2,,,,,,,,,,,,,,,,,,
Weiss Klimatechnik / Weiss Pharmatechnik,DEU,Reiskirchen,~600,bioprocess_vendors,research,"HVAC, isolators, RABS, cleanroom",,https://www.weiss-pharmatechnik.de/,,Excluded,4,industry=0/3 capability=2/2 size=2/2 trigger=0/2,direct_competitor,,,,,,,,,,,,,,,,,
IMA Life DACH (Edwards/IMA Group),DEU,Koeln + Schoenebeck (IMA Life),~500,bioprocess_vendors,research,"Freeze-dryers, fill-finish, washing, sterilization",,https://ima.it/pharma/contacts/,,Excluded,4,industry=0/3 capability=2/2 size=2/2 trigger=0/2,direct_competitor,,,,,,,,,,,,,,,,,
Centogene N.V.,DEU,Rostock,~450–500,specialty_orphan,research,"Rare disease genetic diagnostics + biomarker-led drug partnerships (Gaucher, Fabry, LSDs)",Own CLIA/CAP-accredited central lab in Rostock,https://www.centogene.com/,,Tier 3,4,industry=2/3 capability=0/2 size=2/2 trigger=0/2,,13.086419753086421,3.3860045146726865,31.895549527528544,post_ipo_debt,2023-06-28,224933433,,,,,500000000,1000000000,2006,,2019-11-07,44247,1318599
Ceva Tiergesundheit GmbH,DEU,Dusseldorf (HQ) + Riems-Insel collaboration,~450,veterinary_pharma,research,"Poultry + ruminant vaccines, reproduction biologicals, antiparasitics",New Dessau autogenous vaccine line 2024 (~EUR 25 m via Ceva-IDT JV),https://www.ceva.de,,Tier 3,4,industry=2/3 capability=0/2 size=2/2 trigger=0/2,,,,,,,,,,,,,,,,,,
MEDICE Arzneimittel Pütter,DEU,Iserlohn,"~450 (HQ) / 1,000 (group)","originator_pharma,specialty_orphan",research,"ADHD (Medikinet), psychiatry, pediatrics, neurology",Cologne 2nd site opened; ongoing solid+liquid line capacity,https://medice.com/en-de,,Tier 3,4,industry=2/3 capability=0/2 size=2/2 trigger=0/2,,7.142857142857142,0.0,22.32704402515723,,,0,,,,,500000,1000000,2019,,,389,79420948
WDT eG (Wirtschaftsgenossenschaft deutscher Tierärzte),DEU,Garbsen,~450,veterinary_pharma,research,"Vet pharma cooperative, own-brand vet products",,https://www.wdt.de,,Tier 3,4,industry=2/3 capability=0/2 size=2/2 trigger=0/2,,,,,,,,,,,,0,0,,,,,72819785
Donaldson Filtration / Solaris (acq. 2021),DEU,Haan DE + Porto Mantovano,~400 DACH,bioprocess_vendors,research,"Process gas/liquid filters, Solaris bioreactors",,https://www.donaldson.com/en-eu/about-us/locations/,,Tier 3,4,industry=0/3 capability=2/2 size=2/2 trigger=0/2,,-20.0,-20.0,0.0,,,,,,,,500000,1000000,,,,2,15371682
WDT (Wirtschaftsgenossenschaft deutscher Tierarzte),DEU,Garbsen,"~400 (group, incl. Selectavet)",veterinary_pharma,research,"Generic vet pharma, autogenous vaccines, infusion solutions, dental",Garbsen sterile production hall 2024 (EUR 30 m); Selectavet Weyarn line upgrade,https://www.wdt.de,,Tier 3,4,industry=2/3 capability=0/2 size=2/2 trigger=0/2,,,,,,,,,,,,0,0,,,,,72819785
Starlab,DEU,Hamburg,316,bioprocess_vendors,crustdata,Biotechnology Research / We believe in progress through science. Our solutions enable bright minds to cha,-3.951367781155015% growth,http://www.starlabgroup.com,,Tier 3,4,industry=0/3 capability=1/2 size=2/2 trigger=1/2,,-3.951367781155015,-2.1671826625387,13.580246913580247,,,0,,,,,20000000,50000000,1998,,,6256,10820838
Allergopharma (Dermapharm Group),DEU,Reinbek,~300 (excluded — below 1000),"originator_pharma,specialty_orphan,vaccines",research,Allergen products + COVID vaccine filling site for BioNTech,—,—,,Tier 3,4,industry=2/3 capability=0/2 size=2/2 trigger=0/2,,,,,,,,,,,,,,,,,,
DR. KADE Pharmazeutische Fabrik,DEU,Berlin,~300 (170 prod),originator_pharma,research,"Gynecology, dermatology OTC",Berlin Ullsteinhaus + Rigistr. site,https://www.kade.de/en/,,Tier 3,4,industry=2/3 capability=0/2 size=2/2 trigger=0/2,,10.465116279069768,3.260869565217391,45.058479532163744,,,0,,,,,20000000,50000000,,,,4961,43359820
Österreichische Agentur für Gesundheit (BASG/AGES Medizinmarktaufsicht),AUT,Vienna,~300,academic_gmp,research,GMP inspectorate (within AGES),,https://www.basg.gv.at,,Tier 3,4,industry=1/3 capability=1/2 size=2/2 trigger=0/2,,0.0,0.0,,,,,,,,,0,0,,,,,97345992
Marchesini Group Deutschland,DEU,Aalen / Kassel,~250 (DACH),bioprocess_vendors,research,"Pharma packaging, fillers, isolator integration",,https://www.marchesini.com/de,,Excluded,4,industry=0/3 capability=2/2 size=2/2 trigger=0/2,direct_competitor,,,,,,,,,,,,,,,,,
Max-Planck-Institut für molekulare Biomedizin / MPI translational arms,DEU,Münster,~250,academic_gmp,research,Pre-GMP translational research; not mfg,,https://www.mpi-muenster.mpg.de,,Tier 3,4,industry=1/3 capability=1/2 size=2/2 trigger=0/2,,,,,,,,,,,,,,,,,,
Vaxxinova Deutschland GmbH (formerly IDT Biologika autogenous unit),DEU,Münster / Leipzig,~250,veterinary_pharma,research,"Autogenous + custom vaccines, fish, poultry, swine",,https://www.vaxxinova.de,,Tier 3,4,industry=2/3 capability=0/2 size=2/2 trigger=0/2,,,,,,,,,,,,,,,,,,
Albrecht GmbH (Pharma Vet),DEU,Aulendorf,~240,veterinary_pharma,research,"Companion + livestock vet pharma, importer/distributor, own-brand generics",Aulendorf API + finished-dose plant 2024 (EUR 10 m),https://www.albrecht-vet.de,,Tier 3,4,industry=2/3 capability=0/2 size=2/2 trigger=0/2,,,,,,,,,,,,,,,,,,
Fraunhofer IBMT,DEU,Sulzbach,~220,academic_gmp,research,"GMP biobanking, stem-cell cryo, cellular therapeutics",,https://www.ibmt.fraunhofer.de,,Tier 3,4,industry=1/3 capability=1/2 size=2/2 trigger=0/2,,,,,,,,,,,,,,,,,,
Schaper & Brümmer (MEDICE),DEU,Salzgitter-Ringelheim,~220,originator_pharma,research,Phytotherapy (Esberitox),MEDICE acquired majority 2021; site investment continues,https://www.schaper-bruemmer.com/,,Tier 3,4,industry=2/3 capability=0/2 size=2/2 trigger=0/2,,,,,,,,,,,,,,,,,,
Vetoquinol GmbH,DEU,Ravensburg,~220,veterinary_pharma,research,"Antibiotics, NSAIDs, cardiology (Felimazole, Forthyron), reproduction",Ravensburg sterile vial line upgrade 2024 (EUR 12 m),https://www.vetoquinol.de,,Tier 3,4,industry=2/3 capability=0/2 size=2/2 trigger=0/2,,,,,,,,,,,,,,,,,,
Dr. E. Graeub AG,CHE,Bern,~210,veterinary_pharma,research,"Vet pharma (anaesthetics, hormones, generics), Swiss market leader generics",Bern site modernisation 2024-2025 (CHF 15 m),https://www.graeub.ch,,Tier 3,4,industry=2/3 capability=0/2 size=2/2 trigger=0/2,,-6.451612903225806,-3.3333333333333335,33.01587301587301,,,0,,,,,10000000,20000000,1920,,,419,14783022
Phenix Tiergesundheit GmbH,DEU,Bremen,~210,veterinary_pharma,research,"Aquaculture vaccines, fish health biologicals, autogenous","New Bremen aquaculture vaccine plant 2025 (EUR 18 m, BMEL co-funded)",https://www.phenix-tiergesundheit.de,,Tier 3,4,industry=2/3 capability=0/2 size=2/2 trigger=0/2,,,,,,,,,,,,,,,,,,
"aniMedica subsidiary Ratiopharm Vet (Teva DE Vet line, Ulm)",DEU,Ulm,~200 (vet-specific lines within Teva DE),veterinary_pharma,research,"Vet generics, antibiotics, sterile vials",Ulm vet-line carve-out announced 2025,https://www.tevapharm.de,,Tier 3,4,industry=2/3 capability=0/2 size=2/2 trigger=0/2,,,,,,,,,,,,,,,,,,
Lichtenheldt Pharmazeutische Fabrik,DEU,Wahlstedt,~200,originator_pharma,research,"Originator + contract mfg (semi-solids, liquids)",Continued automation of Wahlstedt plant,https://lichtenheldt.de/en/,,Tier 3,4,industry=2/3 capability=0/2 size=2/2 trigger=0/2,,0.0,0.0,0.0,,,,,,,,500000,1000000,,,,24,9936745
Pascoe Naturmedizin,DEU,Gießen,~200,originator_pharma,research,"Phyto/homeopathic, vitamins, supplements; 450 SKUs",New Gießen production building completed; contract manufacturing capability added 2024,https://www.pascoe.de/,,Tier 3,4,industry=2/3 capability=0/2 size=2/2 trigger=0/2,,-16.867469879518072,-2.8169014084507045,22.073757349011224,,,,,,,,10000000,20000000,,,,2284,7027582
SANOVA Pharma,AUT,Vienna + Gallspach,~200,originator_pharma,research,"OTC, prescription, medical systems",4 locations across DACH+CZ; brand+logistics build-out,https://sanova.at/en/,,Tier 3,4,industry=2/3 capability=0/2 size=2/2 trigger=0/2,,16.23931623931624,0.7407407407407408,24.307304785894207,,,0,,,,,20000000,50000000,1946,,,1974,393849
Serumwerk Memsen GmbH (vet division),DEU,Bernburg,~200,veterinary_pharma,research,"Infusion solutions, vet biologicals, equine",,https://www.serumwerk.com,,Tier 3,4,industry=2/3 capability=0/2 size=2/2 trigger=0/2,,,,,,,,,,,,,,,,,,
Streuli Pharma,CHE,Uznach,~200,"originator_pharma,veterinary_pharma",research,"Painkillers, vitamins, anti-allergics (human+vet+dental)",Continuous Swiss tech investment; restructuring 2025,https://streuli-pharma.ch/,,Tier 3,4,industry=2/3 capability=0/2 size=2/2 trigger=0/2,,7.6923076923076925,3.7037037037037033,33.61227336122734,,,0,,,,,20000000,50000000,,,,2874,7075084
Wibond / Lindner Group Cleanrooms,DEU,Arnstorf,~200 (cleanroom unit),bioprocess_vendors,research,"Cleanroom panels, walk-on ceilings",,https://www.lindner-group.com/en/business-areas/cleanroom-technology/,,Tier 3,4,industry=0/3 capability=2/2 size=2/2 trigger=0/2,,0.0,0.0,0.0,,,,,,,,0,0,,,,10,29967953
GMT Gummi-Metall-Technik GmbH,DEU,Bühl,197,vaccines,crustdata,Mechanical Or Industrial Engineering / Die GMT-Gruppe ist ein international führender Hersteller von Komponenten und Sy,10.05586592178771% growth,http://www.gmt-gmbh.de,,Tier 3,4,industry=2/3 capability=0/2 size=1/2 trigger=1/2,,10.05586592178771,2.072538860103627,33.2687338501292,,,0,,,,,500000000,1000000000,1968,,,2063,3844376
Weckerle Cosmetics,DEU,Eislingen,197,vaccines,crustdata,Manufacturing / full service with a differenceAs the premier global solutions provider in the co,2.604166666666667% growth,http://www.weckerle-cosmetics.de,,Tier 3,4,industry=2/3 capability=0/2 size=1/2 trigger=1/2,,2.604166666666667,1.5463917525773196,11.047865459249676,,,,,,,,500000000,1000000000,1965,,,4292,879707
Federal Food Safety and Veterinary Office FSVO,CHE,Köniz,194,veterinary_pharma,crustdata,Government Administration / The FSVO is the Swiss federal centre of excellence for the fields of food safety,0.5181347150259068% growth,https://www.blv.admin.ch,,Tier 3,4,industry=2/3 capability=0/2 size=1/2 trigger=1/2,,0.5181347150259068,2.1052631578947367,21.052631578947366,,,,,,,,0,0,,,,5037,1135855
SensoPart,DEU,Gottenheim,194,vaccines,crustdata,Automation Machinery Manufacturing / Detect the Difference with SensoPart! We are a leading German manufacturer speci,6.593406593406594% growth,http://www.sensopart.com,,Tier 3,4,industry=2/3 capability=0/2 size=1/2 trigger=1/2,,6.593406593406594,2.6455026455026456,37.126315789473686,,,0,,,,,50000000,100000000,1994,,,13027,1919764
Fraunhofer ITMP,DEU,Frankfurt,190,academic_gmp,crustdata,Research Services / The Fraunhofer Institute for Translational Medicine and Pharmacology ITMP resear,8.571428571428571% growth,https://www.itmp.fraunhofer.de/de/kontakt.html,,Tier 3,4,industry=1/3 capability=1/2 size=1/2 trigger=1/2,,8.571428571428571,1.0638297872340425,59.932279909706544,,,,,,,,20000000,50000000,2021,,,2834,89260638
FFG Fair Friend Group,DEU,Eislingen,189,vaccines,crustdata,"Machinery Manufacturing / FFG combines the rich traditions of the German, Swiss, Italian, American, Chines",14.545454545454545% growth,https://www.ffg-ea.com/,,Tier 3,4,industry=2/3 capability=0/2 size=1/2 trigger=1/2,,14.545454545454545,-0.5263157894736842,13.953934740882918,,,0,,,,,500000000,1000000000,2013,,,5937,24778477
HBT Group,DEU,Lünen,189,vaccines,crustdata,"Machinery Manufacturing / HBT GmbH, headquartered in Luenen, NRW, Germany, is a world class machine manufa",0.0% growth,https://hbt-group.com/,,Tier 3,4,industry=2/3 capability=0/2 size=1/2 trigger=1/2,,0.0,0.0,0.0,,,0,,,,,20000000,50000000,2023,,,3616,93156698
Leibniz Institute for Agricultural Engineering and Bioeconomy (ATB),DEU,Potsdam,187,veterinary_pharma,crustdata,Research Services / The Leibniz Institute for Neurobiology (LIN) in Magdeburg is an internationally ,1.0810810810810811% growth,https://www.atb-potsdam.de/en,,Tier 3,4,industry=2/3 capability=0/2 size=1/2 trigger=1/2,,1.0810810810810811,1.6304347826086956,36.882972823072656,,,0,,,,,20000000,50000000,1992,,,4936,18081460
PG&F Superabrasives GmbH,DEU,Meerbusch,185,vaccines,crustdata,Abrasives and Nonmetallic Minerals Manufacturing / Formerly WENDT GmbH. In 2025 WENDT India has signed a trademark assignment agree,1.6483516483516485% growth,https://www.3mdeutschland.de/3M/de_DE/metallverarbeitung-de/anwendungen/prazisionsschleifen/,,Tier 3,4,industry=2/3 capability=0/2 size=1/2 trigger=1/2,,1.6483516483516485,0.0,2.4563671622495153,,,,,,,,100000000,500000000,1920,,,1585,581190
Ohly,DEU,Hamburg,184,veterinary_pharma,crustdata,"Food and Beverage Manufacturing / Ohly is one of the world's leading suppliers of yeast-based ingredients, ferment",3.954802259887006% growth,http://www.ohly.com/,,Tier 3,4,industry=2/3 capability=0/2 size=1/2 trigger=1/2,,3.954802259887006,1.6574585635359116,37.44519728975688,,,0,,,,,50000000,100000000,1930,,,6897,3058217
AGRO AG,CHE,Hunzenschwil,182,vaccines,crustdata,"Appliances, Electrical, and Electronics Manufacturing / Since 1953, for more than 70 years, AGRO has been developing and manufacturing h",6.432748538011696% growth,https://www.agro.ch,,Tier 3,4,industry=2/3 capability=0/2 size=1/2 trigger=1/2,,6.432748538011696,-1.6216216216216217,29.82982982982983,,,0,,,,,10000000,20000000,1953,,,2594,7047809
Weizenbaum Institute,DEU,Berlin,182,vaccines,crustdata,Research Services / The Weizenbaum Institute is a joint project from Berlin and Brandenburg funded b,3.4090909090909087% growth,https://www.weizenbaum-institut.de/,,Tier 3,4,industry=2/3 capability=0/2 size=1/2 trigger=1/2,,3.4090909090909087,4.597701149425287,0.0,,,0,,,,,10000000,20000000,2017,,,12723,28602507
St. Anna Children's Cancer Research Institute (CCRI),AUT,Vienna,178,academic_gmp,crustdata,"Research Services / The St. Anna Children's Cancer Research Institute (St Anna CCRI), located in the",-1.1111111111111112% growth,https://science.ccri.at/,oncology_general,Tier 3,4,industry=1/3 capability=1/2 size=1/2 trigger=1/2,,-1.1111111111111112,2.2988505747126435,31.468646864686466,,,0,,,,,10000000,20000000,1988,,,7967,1123579
trinamiX GmbH,DEU,Ludwigshafen,178,vaccines,crustdata,"Appliances, Electrical, and Electronics Manufacturing / trinamiX GmbH develops and sells cutting-edge biometric and mobile NIR spectrosc",-4.301075268817205% growth,https://trinamixsensing.com,,Tier 3,4,industry=2/3 capability=0/2 size=1/2 trigger=1/2,,-4.301075268817205,3.488372093023256,9.980430528375733,,,0,,,,,50000000,100000000,2015,,,9554,10421725
SIGMATEK Automation,AUT,Lamprechtshausen,174,vaccines,crustdata,Automation Machinery Manufacturing / SIGMATEK is counted among the leading providers of complete and integrated autom,-2.247191011235955% growth,http://www.sigmatek-automation.com,,Tier 3,4,industry=2/3 capability=0/2 size=1/2 trigger=1/2,,-2.247191011235955,-1.694915254237288,0.0,,,0,,,,,50000000,100000000,1988,,,5405,785888
APAGCoSyst Electronic Control Systems,CHE,Freienbach,172,vaccines,crustdata,"Appliances, Electrical, and Electronics Manufacturing / APAGCoSyst is an established, electronics and lighting, design and manufacturing",-1.1494252873563218% growth,https://www.apagcosyst.com/,,Tier 3,4,industry=2/3 capability=0/2 size=1/2 trigger=1/2,,-1.1494252873563218,0.5847953216374269,11.96438508625487,,,0,,,,,100000000,500000000,1975,acquired,,4024,2900946
STORZ MEDICAL AG,CHE,Tägerwilen,172,veterinary_pharma,crustdata,"Medical Equipment Manufacturing / STORZ MEDICAL AG, founded in 1987, is an independent partner company of the KARL",1.7751479289940828% growth,https://www.storzmedical.com/,,Tier 3,4,industry=2/3 capability=0/2 size=1/2 trigger=1/2,,1.7751479289940828,1.1764705882352942,0.0,,,0,,,,,20000000,50000000,1987,,,16055,1936543
Leibniz-Forschungsinstitut für Molekulare Pharmakologie (FMP),DEU,Berlin,169,academic_gmp,crustdata,Research Services / The FMP conducts basic research in Molecular Pharmacology with the aim to identi,-3.977272727272727% growth,https://www.leibniz-fmp.de/de/impressum,oncology_general,Tier 3,4,industry=1/3 capability=1/2 size=1/2 trigger=1/2,,-3.977272727272727,0.5952380952380952,26.844341444573196,,,0,,,,,20000000,50000000,1992,,,3284,292853
pro-beam Group,DEU,Gilching,165,vaccines,crustdata,Mechanical Or Industrial Engineering / The pro-beam Group is a global leader in electron beam technology. We provide se,7.142857142857142% growth,http://www.pro-beam.com/,,Tier 3,4,industry=2/3 capability=0/2 size=1/2 trigger=1/2,,7.142857142857142,1.2269938650306749,33.68983957219251,,,0,,,,,20000000,50000000,1974,,,3000,1426148
FRIGATE,DEU,Munich,163,vaccines,crustdata,Manufacturing / Frigate is a manufacturing execution platform that connects global OEMs with 30+,7.236842105263158% growth,https://www.frigate.ai/?utm_source=SMM_LinkedIn&utm_medium=ContactUs&utm_campaign=SMM,,Tier 3,4,industry=2/3 capability=0/2 size=1/2 trigger=1/2,,7.236842105263158,1.875,13.54942871336314,seed,2023-07-04,1685000,,,,,2500000,5000000,2021,,,18286,13385193
SPRINGER Maschinenfabrik GmbH,AUT,Friesach,160,vaccines,crustdata,Machinery Manufacturing / Springer Maschinenfabrik is Europe’s number one manufacturer of innovative machi,10.344827586206897% growth,http://www.springer.eu,,Tier 3,4,industry=2/3 capability=0/2 size=1/2 trigger=1/2,,10.344827586206897,2.564102564102564,28.716603835436814,,,0,,,,,500000000,1000000000,1952,,,7853,3782963
Leiber GmbH,DEU,Bramsche,155,veterinary_pharma,crustdata,Food Production / Leiber refines brewers’ yeast into innovative products for humans and animals. F,0.6493506493506493% growth,http://www.leibergmbh.de,,Tier 3,4,industry=2/3 capability=0/2 size=1/2 trigger=1/2,,0.6493506493506493,-0.641025641025641,32.45002324500233,,,0,,,,,20000000,50000000,1954,acquired,,2849,6904736
Fraunhofer IFF,DEU,Magdeburg,153,vaccines,crustdata,Research / We use custom solutions to help German and foreign companies make their manufact,-7.2727272727272725% growth,https://www.iff.fraunhofer.de/,,Tier 3,4,industry=2/3 capability=0/2 size=1/2 trigger=1/2,,-7.2727272727272725,-1.2903225806451613,24.2548435171386,,,,,,,,10000000,20000000,1991,,,3335,13069284
Curaleaf International (ex-EMMAC) DE,DEU,Frankfurt,~150,medical_cannabis,research,Formulation / EU-GMP cannabis extracts & oils,,https://curaleafintl.com,,Tier 3,4,industry=2/3 capability=1/2 size=1/2 trigger=0/2,,,,,,,,,,,,,,,,,,
LFB / Europlasma,AUT,Vienna (AT) + 2 DE collection sites,~150 (Europlasma DACH),plasma_fractionation,research,Plasma collection (LFB-fed); fractionation occurs at LFB Les Ulis (FR),"26 collection centers Central Europe (15 CZ, 9 AT, 2 DE) — feedstock infrastructure for LFB FR fractionation",https://www.groupe-lfb.com/en/designing-of-biomedicinal-products/collection-of-plasma/,,Tier 3,4,industry=3/3 capability=0/2 size=1/2 trigger=0/2,,5.10688836104513,2.1546748749519047,22.46764888408762,debt_financing,2016-01-01,0,,,,,500000000,1000000000,1994,,,53282,24682
RIEMSER Pharma,DEU,Greifswald-Insel Riems,~150–250,"originator_pharma,sterile_generics",research,"Oncology, neurology, infectiology, dermatology",Owned by Esteve; expanded Greifswald site,https://www.riemser.com/,oncology_general,Tier 3,4,industry=3/3 capability=0/2 size=1/2 trigger=0/2,,,,,,,,,,,,,,,,,,
Spirig HealthCare (STADA),CHE,Egerkingen,~150–200,"originator_pharma,sterile_generics",research,Dermatology distribution + own products,STADA-owned subsidiary; targeted local R&D,https://www.spirig.ch/,,Tier 3,4,industry=3/3 capability=0/2 size=1/2 trigger=0/2,,,,,,,,,,,,,,,,,,
Wülfing Pharma,DEU,Gronau,~150,sterile_generics,research,Sterile contract manufacturing,,https://www.wuelfing-pharma.de,,Tier 3,4,industry=3/3 capability=0/2 size=1/2 trigger=0/2,,,,,,,,,,,,,,,,,,
Eirich Official,DEU,Hardheim,147,vaccines,crustdata,Machinery Manufacturing / The Eirich Group is a family operated corporate group in the specialized mechani,3.5211267605633805% growth,https://www.eirich.com,,Tier 3,4,industry=2/3 capability=0/2 size=1/2 trigger=1/2,,3.5211267605633805,1.3793103448275863,0.0,,,0,,,,,500000000,1000000000,2008,,,3743,3847909
SGS-TÜV Saar,DEU,Sulzbach,145,vaccines,crustdata,Public Safety / SGS-TÜV Saar GmbH emerged from a joint venture between the SGS Group Germany and,13.28125% growth,http://www.sgs-tuev-saar.com/de,,Tier 3,4,industry=2/3 capability=0/2 size=1/2 trigger=1/2,,13.28125,5.839416058394161,67.59840273816314,,,,,,,,20000000,50000000,2008,,,5876,5737873
Comma Soft AG,DEU,Bonn,143,vaccines,crustdata,IT Services and IT Consulting / Data. IT. Generative AI.We design strategies for your digital advantage.Comma So,2.877697841726619% growth,http://www.comma-soft.com,,Tier 3,4,industry=2/3 capability=0/2 size=1/2 trigger=1/2,,2.877697841726619,0.0,16.12398246712586,,,0,,,,,10000000,20000000,1989,,,3709,73598
PFLITSCH GmbH & Co. KG,DEU,Hückeswagen,143,vaccines,crustdata,"Appliances, Electrical, and Electronics Manufacturing / PFLITSCH supplies approximately 6,000 customers worldwide who successfully use t",13.492063492063492% growth,https://www.pflitsch.de,,Tier 3,4,industry=2/3 capability=0/2 size=1/2 trigger=1/2,,13.492063492063492,4.37956204379562,24.054669703872435,,,0,,,,,50000000,100000000,1919,,,2723,2431006
sera Group,DEU,Heinsberg,141,veterinary_pharma,crustdata,Manufacturing / sera GroupWe support people who love animals and aquatic environments. Our produ,31.775700934579437% growth,https://www.sera-group.biz/,,Tier 3,4,industry=2/3 capability=0/2 size=1/2 trigger=1/2,,31.775700934579437,0.7142857142857143,31.55893536121673,,,0,,,,,20000000,50000000,,,,2422,1194041
Provet AG (Virbac CH),CHE,Lyssach,~140 (CH only),veterinary_pharma,research,"Vet pharma distribution + own-label, companion + livestock",Lyssach cold-chain + GMP upgrade 2024 (CHF 8 m),https://www.provet.ch,,Tier 3,4,industry=2/3 capability=1/2 size=1/2 trigger=0/2,,-4.0,0.0,8.411214953271028,,,,,,,,10000000,20000000,,,,116,357521
VOGELBUSCH BIOPHARMA GmbH,AUT,Vienna,139,bioprocess_vendors,crustdata,Industrial Machinery Manufacturing / VOGELBUSCH BIOPHARMA GmbH is a worldwide operating engineering company with main,23.008849557522122% growth,https://www.vogelbusch-biopharma.com/,,Tier 3,4,industry=0/3 capability=2/2 size=1/2 trigger=1/2,,23.008849557522122,4.511278195488721,20.302013422818792,,,0,,,,,10000000,20000000,1921,,,1434,13056123
TWT Science & Innovation,DEU,Stuttgart,137,vaccines,crustdata,"IT Services and IT Consulting / For 40 years, TWT has been active at the intersection of science, industry, and ",-12.179487179487179% growth,https://twt-innovation.de,,Tier 3,4,industry=2/3 capability=0/2 size=1/2 trigger=1/2,,-12.179487179487179,0.0,14.822038030229157,,,0,,,,,20000000,50000000,1986,,,2355,10670471
LNS Europe,CHE,Orvin,135,vaccines,crustdata,Machinery Manufacturing / Our mission : “To be the global partner of choice automating manufacturing with ,-0.7352941176470588% growth,http://www.LNS-europe.com,,Tier 3,4,industry=2/3 capability=0/2 size=1/2 trigger=1/2,,-0.7352941176470588,0.7462686567164178,11.453362255965292,,,0,,,,,500000000,1000000000,1973,,,5138,1079947
EuroTec GmbH,DEU,Hagen,134,vaccines,crustdata,Building Materials / Eurotec GmbH - The specialist for fastening technologyEurotec GmbH is a medium-s,6.349206349206349% growth,http://www.eurotec.team,,Tier 3,4,industry=2/3 capability=0/2 size=1/2 trigger=1/2,,6.349206349206349,0.0,13.402061855670103,,,0,,,,,10000000,20000000,1999,,,4400,5314068
HEGENSCHEIDT,DEU,Erkelenz,134,vaccines,crustdata,Machinery Manufacturing / HEGENSCHEIDT-MFD is one of the world’s leading manufacturers of machine tools fo,4.6875% growth,http://www.hegenscheidt-mfd.com,,Tier 3,4,industry=2/3 capability=0/2 size=1/2 trigger=1/2,,4.6875,0.7518796992481203,0.0,,,0,,,,,50000000,100000000,,,,1351,12374818
Trotec GmbH,DEU,Heinsberg,132,vaccines,crustdata,"Wholesale Import and Export / OUR PRODUCTS FOR INDUSTRY, TRADE AND COMFORT AT HOMETrotec develops, manufacture",-3.64963503649635% growth,https://de.trotec.com/shop/,,Tier 3,4,industry=2/3 capability=0/2 size=1/2 trigger=1/2,,-3.64963503649635,-1.4925373134328357,8.274111675126903,,,0,,,,,50000000,100000000,2005,acquired,,4266,18283836
Kleffmann Group,DEU,Lüdinghausen,129,veterinary_pharma,crustdata,Market Research / Kynetec is the global leader in animal health and agricultural market insights. ,0.78125% growth,http://www.kynetec.com,,Tier 3,4,industry=2/3 capability=0/2 size=1/2 trigger=1/2,,0.78125,0.0,0.0,private_equity,2012-10-25,0,,,,,500000000,1000000000,2006,,,11303,116781
Thies GmbH & Co. KG,DEU,Coesfeld,126,vaccines,crustdata,"Machinery Manufacturing / TEXTILE MACHINES AND COMPLEMENTARY EQUIPMENT For more than 125 years, our family",5.88235294117647% growth,https://www.thiestextilmaschinen.de/,,Tier 3,4,industry=2/3 capability=0/2 size=1/2 trigger=1/2,,5.88235294117647,0.8,26.2816553428042,,,0,,,,,20000000,50000000,,,,4089,7556283
DVS TECHNOLOGY GROUP,DEU,Dietzenbach,123,vaccines,crustdata,Machinery Manufacturing / The DVS TECHNOLOGY GROUP is made up of Germany-based companies focusing on the t,6.0344827586206895% growth,http://www.dvs-technology.com/dvs-group,,Tier 3,4,industry=2/3 capability=0/2 size=1/2 trigger=1/2,,6.0344827586206895,-0.8064516129032258,24.877850162866448,,,0,,,,,500000000,1000000000,1985,,,3067,12790081
Elma Schmidbauer GmbH,DEU,Singen,123,vaccines,crustdata,Machinery Manufacturing / Elma Schmidbauer GmbH is one of the world's leading companies in the field of in,6.0344827586206895% growth,https://www.elma-ultrasonic.com/karriere/arbeiten-bei-elma,,Tier 3,4,industry=2/3 capability=0/2 size=1/2 trigger=1/2,,6.0344827586206895,1.6528925619834711,22.453889334402565,,,0,,,,,20000000,50000000,1948,,,3054,12572575
esmo group,DEU,Rosenheim,122,vaccines,crustdata,"Mechanical Or Industrial Engineering / esmo – Partner for Special-Purpose Machinery, Automation & the Semiconductor Ind",0.0% growth,https://esmo-group.com,,Tier 3,4,industry=2/3 capability=0/2 size=1/2 trigger=1/2,,0.0,5.172413793103448,0.0,,,0,,,,,20000000,50000000,2001,,,1823,569396
Makino Europe GmbH,DEU,Kirchheim unter Teck,122,vaccines,crustdata,"Machinery Manufacturing / Since 1937, Makino has been widely known as an innovator in one of the most chal",-7.575757575757576% growth,https://www.makino.eu,,Tier 3,4,industry=2/3 capability=0/2 size=1/2 trigger=1/2,,-7.575757575757576,-3.937007874015748,10.134821013482101,,,0,,,,,50000000,100000000,1937,,,14214,1141343
AmerisourceBergen Global Services,CHE,Switzerland,121,veterinary_pharma,crustdata,"Hospitals and Health Care / AmerisourceBergen, soon to become Cencora, fosters a positive impact on the heal",0.8333333333333334% growth,http://www.amerisourcebergen.com,,Tier 3,4,industry=2/3 capability=0/2 size=1/2 trigger=1/2,,0.8333333333333334,0.8333333333333334,0.0,,,,,,,,1000000000,1000000000000,,,,4159,11184898
Leibniz Institute of Plant Biochemistry,DEU,Halle,121,veterinary_pharma,crustdata,Research / Welcome to Leibniz Institute of Plant Biochemistry!Despite their fixed lifestyle,10.0% growth,http://www.ipb-halle.de,,Tier 3,4,industry=2/3 capability=0/2 size=1/2 trigger=1/2,,10.0,0.8333333333333334,68.5915944818736,,,0,,,,,20000000,50000000,1992,,,5255,392796
GEWO Feinmechanik GmbH,DEU,Wörth,120,vaccines,crustdata,"Fabricated Metal Products / We are a medium-sized, family-owned high-tech company with 40 years ́ business e",10.091743119266056% growth,https://www.gewo.net,,Tier 3,4,industry=2/3 capability=0/2 size=1/2 trigger=1/2,,10.091743119266056,0.0,22.187822497420022,,,0,,,,,500000000,1000000000,1981,,,1184,12720138
Institute of Oncology Research (IOR),CHE,Bellinzona,120,academic_gmp,crustdata,"Research Services / The Institute of Oncology Research (IOR), located in Bellinzona (Switzerland) an",8.108108108108109% growth,http://www.ior.usi.ch,oncology_general,Tier 3,4,industry=1/3 capability=1/2 size=1/2 trigger=1/2,,8.108108108108109,7.142857142857142,0.0,,,,,,,,10000000,20000000,2003,,,3796,77055505
Köhler Pharma,DEU,Alsbach-Hähnlein,~120,originator_pharma,research,"OTC, supplements (Magnetrans, Neurodoron)",Owned by Weleda group; recent line expansion,https://www.koehler-pharma.de/,,Tier 3,4,industry=2/3 capability=0/2 size=1/2 trigger=1/2,,0.0,0.0,0.0,,,,,,,,5000000,10000000,1959,,,914,98224097
AnaPath Services GmbH & AnaPath Research S.A.U.,CHE,Liestal,118,veterinary_pharma,crustdata,"Research / AnaPath, is a global company including contract research organization (CRO) and ",-4.0650406504065035% growth,http://www.anapath.ch/service,,Tier 3,4,industry=2/3 capability=0/2 size=1/2 trigger=1/2,,-4.0650406504065035,-1.6666666666666667,17.229219143576827,,,0,,,,,10000000,20000000,2005,,,2327,3334420
felmo,DEU,Berlin,116,veterinary_pharma,crustdata,Veterinary Services / Unsere Mission - Die beste & modernste tierärztliche Versorgung für Haustiere.fe,7.4074074074074066% growth,https://felmo.de,,Tier 3,4,industry=2/3 capability=0/2 size=1/2 trigger=1/2,,7.4074074074074066,3.571428571428571,8.597161572052402,series_b,2021-08-04,17757006,,,,,20000000,50000000,2019,,,3979,28511971
Salzgitter Mannesmann Forschung GmbH,DEU,Salzgitter,116,vaccines,crustdata,Research Services / Salzgitter Mannesmann Forschung GmbH is an R&D company. Employing about 300 memb,1.7543859649122806% growth,https://www.salzgitter-mannesmann-forschung.de/de/kontakt/datenschutz/datenschutz-social-media.html,,Tier 3,4,industry=2/3 capability=0/2 size=1/2 trigger=1/2,,1.7543859649122806,1.7543859649122806,21.37042062415197,,,0,,,,,50000000,100000000,2004,,,3578,504735
Schmoll Maschinen GmbH,DEU,Rödermark,116,vaccines,crustdata,Machinery Manufacturing / Schmoll Maschinen is a supplier of machine tool and mass production solutions fo,4.504504504504505% growth,http://www.schmoll-maschinen.de,,Tier 3,4,industry=2/3 capability=0/2 size=1/2 trigger=1/2,,4.504504504504505,-0.8547008547008548,132.84923928077455,,,0,,,,,20000000,50000000,1943,,,3367,12836875
PARADOX CAT GmbH,DEU,Munich,115,vaccines,crustdata,Software Development / PARADOX CAT GmbH is a specialist software development partner in the area of rea,29.213483146067414% growth,https://www.paradoxcat.com/,,Tier 3,4,industry=2/3 capability=0/2 size=1/2 trigger=1/2,,29.213483146067414,-1.7094017094017095,21.961290322580645,,,0,,,,,10000000,20000000,2009,,,4726,10132681
EVK,AUT,Raaba,114,vaccines,crustdata,Automation Machinery Manufacturing / Our core expertise is in classification of data using our hyperspectral and indu,14.000000000000002% growth,https://www.evk.biz,,Tier 3,4,industry=2/3 capability=0/2 size=1/2 trigger=1/2,,14.000000000000002,2.7027027027027026,16.446124763705104,,,0,,,,,2500000,5000000,1987,acquired,,1232,2292769
HAVER & BOECKER Machinery Division,DEU,Oelde,114,veterinary_pharma,crustdata,"Machinery Manufacturing / HAVER & BOECKER is a traditional-conscious, family-run, mid-sized company with h",-2.564102564102564% growth,http://www.haverboecker.com/en/,,Tier 3,4,industry=2/3 capability=0/2 size=1/2 trigger=1/2,,-2.564102564102564,-0.8695652173913043,21.156354151572234,,,0,,,,,500000000,1000000000,,,,8361,18575364
TKM GmbH,DEU,Remscheid,114,vaccines,crustdata,"Machinery Manufacturing / TKM stands for ""The Knife Manufacturers"". Under one umbrella there are more than",6.5420560747663545% growth,http://www.tkmgroup.com,,Tier 3,4,industry=2/3 capability=0/2 size=1/2 trigger=1/2,,6.5420560747663545,0.8849557522123894,0.0,,,0,,,,,100000000,500000000,1908,,,3558,18394987
Fraunhofer IMTE,DEU,Lübeck,113,academic_gmp,crustdata,Research Services / The Fraunhofer Research Institution for Individualized and Cell-Based Medical En,17.708333333333336% growth,https://www.imte.fraunhofer.de/,,Tier 3,4,industry=1/3 capability=1/2 size=1/2 trigger=1/2,,17.708333333333336,4.62962962962963,87.24279835390946,,,,,,,,2500000,5000000,,,,4095,72684009
Fraunhofer SCAI,DEU,Sankt Augustin,113,vaccines,crustdata,Research Services / The Fraunhofer Institute for Algorithms and Scientific Computing SCAI combines k,8.653846153846153% growth,https://www.scai.fraunhofer.de,,Tier 3,4,industry=2/3 capability=0/2 size=1/2 trigger=1/2,,8.653846153846153,2.727272727272727,53.969901401141676,,,,,,,,10000000,20000000,2001,,,2967,4061837
MackSmaTec GmbH,DEU,Gerstungen,112,vaccines,crustdata,"Machinery Manufacturing / Please note: On October 1, 2025, ruhlamat GmbH became MackSmaTec GmbH. The new n",5.660377358490567% growth,https://macksmatec.de/impressum,,Tier 3,4,industry=2/3 capability=0/2 size=1/2 trigger=1/2,,5.660377358490567,1.8181818181818181,10.471534458287337,,,,,,,,50000000,100000000,1991,,,7005,8133310
Robert Bürkle GmbH,DEU,Freudenstadt,112,vaccines,crustdata,Machinery Manufacturing / Robert Bürkle GmbH is one of the world's leading manufacturers of presses and co,9.803921568627452% growth,http://www.buerkle-gmbh.de,,Tier 3,4,industry=2/3 capability=0/2 size=1/2 trigger=1/2,,9.803921568627452,0.0,28.08328884143086,debt_financing,2018-10-01,0,,,,,20000000,50000000,1920,acquired,,4798,14781261
GESSNER,DEU,Feldkirchen,110,vaccines,crustdata,Manufacturing / GESSNER provides filtration solutions to solve the most complex customer challen,-1.7857142857142856% growth,http://www.gessner-filtration.com,,Tier 3,4,industry=2/3 capability=0/2 size=1/2 trigger=1/2,,-1.7857142857142856,0.0,14.194236926360727,,,0,,,,,500000000,1000000000,,,,2140,11518901
ELATEC Group | Allegion,DEU,Puchheim,109,"bioprocess_vendors,vaccines",crustdata,"Information Technology & Services / At ELATEC, we don’t just provide RFID technology—we enable access. From physical",-4.385964912280701% growth,https://www.elatec-rfid.com,,Tier 3,4,industry=2/3 capability=0/2 size=1/2 trigger=1/2,,-4.385964912280701,-2.6785714285714284,7.905189815719216,private_equity,2018-02-14,0,,,,,20000000,50000000,1988,acquired,,16571,10229156
steute Technologies GmbH & Co. KG,DEU,Löhne,108,vaccines,crustdata,"Appliances, Electrical, and Electronics Manufacturing / For more than 50 years, steute Schaltgeräte has been developing and manufacturin",4.854368932038835% growth,https://www.steute.com,,Tier 3,4,industry=2/3 capability=0/2 size=1/2 trigger=1/2,,4.854368932038835,4.854368932038835,31.769263882910032,,,0,,,,,20000000,50000000,1961,acquired,,3061,3156465
enspired,AUT,Vienna,107,vaccines,crustdata,"Services for Renewable Energy / enspired is Europe's leading optimizer of battery energy storage systems (BESS),",8.080808080808081% growth,https://www.enspired-trading.com,,Tier 3,4,industry=2/3 capability=0/2 size=1/2 trigger=1/2,,8.080808080808081,0.9433962264150944,51.71902511352052,series_b,2025-10-13,53433048,,,,,10000000,20000000,2020,,,16372,64692551
HELLA Aglaia Mobile Vision GmbH,DEU,Berlin,107,vaccines,crustdata,IT Services and IT Consulting / HELLA Aglaia specializes in innovative software solutions. Our portfolio is base,-30.065359477124183% growth,https://www.hella-aglaia.com,,Tier 3,4,industry=2/3 capability=0/2 size=1/2 trigger=1/2,,-30.065359477124183,-4.464285714285714,0.0,,,0,,,,,20000000,50000000,1998,,,4563,6365576
MARGARETE STEIFF GMBH,DEU,Giengen an der Brenz,107,veterinary_pharma,crustdata,"Consumer Goods / Margarete Steiff was born on July 24th, 1847 in Giengen an der Brenz. At only 18",0.0% growth,http://www.steiff.com,,Tier 3,4,industry=2/3 capability=0/2 size=1/2 trigger=1/2,,0.0,0.9433962264150944,0.0,,,0,,,,,500000000,1000000000,,,,3427,22021564
K.R. Pfiffner AG,CHE,Utzenstorf,106,vaccines,crustdata,Machinery Manufacturing / High-precision machines for manufacturing mass-produced parts: rotary transfer m,-3.6363636363636362% growth,http://www.pfiffner.com,,Tier 3,4,industry=2/3 capability=0/2 size=1/2 trigger=1/2,,-3.6363636363636362,-3.6363636363636362,26.3705759888966,,,0,,,,,20000000,50000000,,,,1821,9745365
TEDATA GmbH,DEU,Bochum,106,vaccines,crustdata,IT Services and IT Consulting / TEDATA GmbH is leading manufacturer of digital tools and component catalogue for,3.9215686274509802% growth,https://www.tedata.de,,Tier 3,4,industry=2/3 capability=0/2 size=1/2 trigger=1/2,,3.9215686274509802,1.9230769230769231,7.111111111111111,,,0,,,,,2500000,5000000,1983,,,482,3830114
Steinmeyer,DEU,Ebingen,104,vaccines,crustdata,"Mechanical Or Industrial Engineering / When precision is everything, there's Steinmeyer.For over 100 years, we've been ",8.333333333333332% growth,http://www.steinmeyer.com,,Tier 3,4,industry=2/3 capability=0/2 size=1/2 trigger=1/2,,8.333333333333332,0.0,33.51158645276293,,,,,,,,100000000,500000000,1920,,,1498,973612
Kautex Maschinenbau System GmbH,DEU,Bonn,103,vaccines,crustdata,Machinery Manufacturing / Plastic is our passion. At Kautex Maschinenbau System GmbH we create smart produ,-0.9615384615384616% growth,https://www.kautex-group.com/,,Tier 3,4,industry=2/3 capability=0/2 size=1/2 trigger=1/2,,-0.9615384615384616,-3.7383177570093453,11.325611325611327,private_equity,2013-02-01,0,,,,,50000000,100000000,1935,acquired,,7785,500058
ROSTA Group,CHE,Hunzenschwil,103,vaccines,crustdata,Machinery Manufacturing / Engineering Good Vibes – Worldwide.ROSTA is the global leader in torsional rubbe,4.040404040404041% growth,http://www.rosta.com,,Tier 3,4,industry=2/3 capability=0/2 size=1/2 trigger=1/2,,4.040404040404041,1.9801980198019802,2.1705061902523117,,,0,,,,,10000000,20000000,1944,,,13039,9214543
SOLLICH,DEU,Bad Salzuflen,103,vaccines,crustdata,Machinery Manufacturing / SOLLICH offers innovative and comprehensive solutions for chocolate and confecti,5.1020408163265305% growth,https://www.sollich.com/,,Tier 3,4,industry=2/3 capability=0/2 size=1/2 trigger=1/2,,5.1020408163265305,3.0,17.412351474255537,,,0,,,,,20000000,50000000,1920,,,8004,7116239
FOOKE GmbH,DEU,Borken,102,vaccines,crustdata,"Machinery Manufacturing / As a medium-sized family business with approx. 200 employees, FOOKE GmbH is base",-3.7735849056603774% growth,https://www.fooke-machines.com,,Tier 3,4,industry=2/3 capability=0/2 size=1/2 trigger=1/2,,-3.7735849056603774,0.9900990099009901,17.59046224639197,,,0,,,,,20000000,50000000,1904,,,5622,2606851
RSP,DEU,Saalfeld,102,vaccines,crustdata,Machinery Manufacturing / Manufacturer of special suction machinesAs the market leader in the area of fan-,8.51063829787234% growth,http://www.rsp-germany.com,,Tier 3,4,industry=2/3 capability=0/2 size=1/2 trigger=1/2,,8.51063829787234,3.0303030303030303,29.871244635193133,,,,,,,,50000000,100000000,1993,,,3026,5200477
Institute for Machine Tools and Industrial Management,DEU,Garching,101,vaccines,crustdata,Research Services / The Institute for Machine Elements and Systems Engineering investigates the fund,-1.9417475728155338% growth,www.iwb.de,,Tier 3,4,industry=2/3 capability=0/2 size=1/2 trigger=1/2,,-1.9417475728155338,-0.9803921568627451,35.659213569776405,,,,,,,,10000000,20000000,,,,3519,11570029
NOACK Group - Part of Barentz,AUT,Vienna,101,veterinary_pharma,crustdata,"Wholesale / Noack is a technical marketing and sales company, which handles and distributes ",2.0202020202020203% growth,http://www.noackgroup.com,,Tier 3,4,industry=2/3 capability=0/2 size=1/2 trigger=1/2,,2.0202020202020203,0.0,18.624078624078624,,,0,,,,,10000000,20000000,1980,,,2414,9417664
Research-Institute for Farm Animal Biology (FBN),DEU,Dummerstorf,101,veterinary_pharma,crustdata,Research / We research the functional biodiversity of farm animals in the context of their ,12.222222222222221% growth,https://www.fbn-dummerstorf.de,,Tier 3,4,industry=2/3 capability=0/2 size=1/2 trigger=1/2,,12.222222222222221,2.0202020202020203,39.7583081570997,,,0,,,,,20000000,50000000,1993,,,2313,1208324
Brütsch Elektronik AG,CHE,Beringen,100,vaccines,crustdata,"Medical Equipment Manufacturing / We are a family-owned company founded over 50 years ago. As an OEM partner, we d",4.166666666666666% growth,http://www.brutsch.com,,Tier 3,4,industry=2/3 capability=0/2 size=1/2 trigger=1/2,,4.166666666666666,0.0,40.02732240437158,,,0,,,,,10000000,20000000,1971,,,2050,8072115
KEDPlasma GmbH (Kedrion),DEU,Gräfelfing (HQ),~100+,plasma_fractionation,research,Collection,,https://www.kedrion.com/kedplasma-welcomes-donors-to-its-new-augsburg-collection-center/,,Tier 3,4,industry=3/3 capability=0/2 size=1/2 trigger=0/2,,9.949832775919733,2.1756021756021755,12.585243444822659,private_equity,2022-09-01,0,,,,,500000000,1000000000,2001,,,96910,153929
Leibniz Supercomputing Centre,DEU,Garching,100,vaccines,crustdata,IT Services and IT Consulting / The Leibniz Supercomputing Centre (LRZ) proudly stands at the forefront of its f,8.695652173913043% growth,http://www.lrz.de,,Tier 3,4,industry=2/3 capability=0/2 size=1/2 trigger=1/2,,8.695652173913043,0.0,0.0,,,0,,,,,0,0,1962,,,5915,850352
Assaia – The ApronAI,CHE,Kloten,92,plasma_fractionation,crustdata,"Information Technology & Services / Assaia is the global leader in AI-driven turnaround optimization, dedicated to e",29.577464788732392% growth,https://www.assaia.com,,Tier 3,4,industry=3/3 capability=0/2 size=0/2 trigger=1/2,,29.577464788732392,4.545454545454546,43.56435643564357,series_b,2025-12-09,26600000,,,,,10000000,20000000,2017,,,14790,11360904
allpack group ag,CHE,Allschwil,91,veterinary_pharma,crustdata,Pharmaceutical Manufacturing / Welcome to allpack group ag - Your Trusted Pharmaceutical Packaging Experts.We a,13.750000000000002% growth,http://www.allpack.ch,,Tier 3,4,industry=2/3 capability=1/2 size=0/2 trigger=1/2,,13.750000000000002,-4.2105263157894735,24.923664122137403,,,0,,,,,10000000,20000000,1973,,,3273,28810686
AMW GmbH,DEU,Warngau,90,specialty_orphan,crustdata,"Pharmaceutical Manufacturing / Controlled drug delivery for superior treatment. For patients, worldwide.AMW’s m",11.11111111111111% growth,https://www.amw-pharmaceuticals.com,,Tier 3,4,industry=2/3 capability=1/2 size=0/2 trigger=1/2,,11.11111111111111,7.142857142857142,53.56339084771192,secondary_market,2026-03-05,44667185,,,,,10000000,20000000,2008,acquired,,2047,12423695
Merck Consumer Health Care (Shanghai) Trading Co. Ltd,DEU,Germany,84,specialty_orphan,crustdata,Pharmaceutical Manufacturing / Merck is a global pharmaceutical and chemical company with a history that began ,3.7037037037037033% growth,http://www.merck-china.com/en/index.html,,Tier 3,4,industry=2/3 capability=1/2 size=0/2 trigger=1/2,,3.7037037037037033,1.2048192771084338,0.2678400612205854,,,,,,,,10000000,20000000,,,,10482,1178749
Pharmaselect International (Sandoz/Hexal sterile),AUT,Vienna,~80,sterile_generics,research,Sterile generic injectables,,https://www.pharmaselect.com,,Tier 3,4,industry=3/3 capability=1/2 size=0/2 trigger=0/2,,,,,,,,,,,,,,,,,,
Zoetis DACH,DEU,Berlin,77,veterinary_pharma,crustdata,Pharmaceutical Manufacturing / Als weltweit führendes Unternehmen im Bereich der Tiergesundheit sehen wir es al,8.450704225352112% growth,http://www.zoetis.de,,Tier 3,4,industry=2/3 capability=1/2 size=0/2 trigger=1/2,,8.450704225352112,1.3157894736842104,0.0,,,,,,,,20000000,50000000,2013,,,1765,84539839
Linnea SA,CHE,Lavertezzo,76,medical_cannabis,crustdata,Pharmaceutical Manufacturing / Linnea’s mission is to improve the quality of life of people around the globe by,7.042253521126761% growth,https://www.linnea.ch,,Tier 3,4,industry=2/3 capability=1/2 size=0/2 trigger=1/2,,7.042253521126761,0.0,28.203292770221903,,,0,,,,,10000000,20000000,1982,,,8955,660609
Hormosan Pharma GmbH,DEU,Frankfurt,75,specialty_orphan,crustdata,Pharmaceutical Manufacturing / Hormosan was founded in Germany over 50 years ago and ever since has developed s,0.0% growth,https://www.hormosan.com/,,Tier 3,4,industry=2/3 capability=1/2 size=0/2 trigger=1/2,,0.0,1.3513513513513513,29.288389513108616,,,0,,,,,10000000,20000000,1968,,,1726,19007516
hameln pharma gmbh,DEU,Hameln,72,specialty_orphan,crustdata,Pharmaceutical Manufacturing / hameln pharma is an owner-managed group of pharmaceutical companies whose produc,12.5% growth,http://www.hameln-pharma.com,,Tier 3,4,industry=2/3 capability=1/2 size=0/2 trigger=1/2,,12.5,2.857142857142857,57.939189189189186,,,0,,,,,10000000,20000000,,,,935,84029213
Resolve Biosciences,DEU,Monheim,72,specialty_orphan,crustdata,Biotechnology Research / Resolve Biosciences is applying the power of Molecular CartographyTM to enable s,-8.860759493670885% growth,http://www.resolvebiosciences.com,oncology_general,Tier 3,4,industry=2/3 capability=1/2 size=0/2 trigger=1/2,,-8.860759493670885,-5.263157894736842,6.644912488875704,series_b,2022-10-24,95000000,,,,,10000000,20000000,2020,,,10785,70545310
HENNIG ARZNEIMITTEL GmbH & Co. KG,DEU,Flörsheim,71,"cdmo_classic,originator_pharma",crustdata+research+research,Pharmaceutical Manufacturing / HENNIG Arzneimittel is a mid-sized German pharmaceutical company based near Fran,Sold to Polifarma Jan 2025; integrated investment plan,http://www.hennig-am.de,,Tier 3,4,industry=3/3 capability=1/2 size=0/2 trigger=0/2,,4.411764705882353,1.4285714285714286,55.175879396984925,,,0,,,,,50000000,100000000,,,,1544,6973100
Dr. E. Gräub AG,CHE,Bern,~70,veterinary_pharma,research,"Swiss vet pharma manufacturer, sterile injectables, vaccines",,https://www.graeub.com,,Tier 3,4,industry=2/3 capability=2/2 size=0/2 trigger=0/2,,-6.451612903225806,-3.3333333333333335,33.01587301587301,,,0,,,,,10000000,20000000,1920,,,419,14783022
INDICAL BIOSCIENCE,DEU,Leipzig,70,veterinary_pharma,crustdata,Biotechnology / INDICAL − Improving diagnostics for better animal and human healthWith three dec,-1.4084507042253522% growth,http://www.indical.com,,Tier 3,4,industry=2/3 capability=1/2 size=0/2 trigger=1/2,,-1.4084507042253522,0.0,13.74642516682555,,,0,,,,,10000000,20000000,2018,,,5966,11814108
Grünhorn,DEU,Leipzig,68,medical_cannabis,crustdata,"Pharmaceutical Manufacturing / At Grünhorn in Leipzig, we are here to help patients with advice and supplies of",3.0303030303030303% growth,https://www.gruenhorn.de/,,Tier 3,4,industry=2/3 capability=1/2 size=0/2 trigger=1/2,,3.0303030303030303,-1.4492753623188406,24.48886869604725,,,0,,,,,10000000,20000000,2020,,,2740,73067623
IFPMA,CHE,Commugny,68,vaccines,crustdata,Pharmaceutical Manufacturing / IFPMA represents the innovative pharmaceutical industry at the international lev,-5.555555555555555% growth,http://www.ifpma.org,,Tier 3,4,industry=2/3 capability=1/2 size=0/2 trigger=1/2,,-5.555555555555555,0.0,14.685562444641276,,,0,,,,,5000000,10000000,1968,,,25896,102005
Senn Chemicals AG,CHE,Dielsdorf,68,veterinary_pharma,crustdata,Pharmaceutical Manufacturing / SENN has been in the peptide business since 1963. From intermediates to cGMP API,9.67741935483871% growth,http://www.sennchem.com,,Tier 3,4,industry=2/3 capability=1/2 size=0/2 trigger=1/2,,9.67741935483871,1.4925373134328357,16.461785141635488,,,0,,,,,10000000,20000000,1963,acquired,,4358,94718
Felss Group GmbH,DEU,Königsbach,67,vaccines,crustdata,"Machinery Manufacturing / As lightweight construction experts, we develop the best solutions and processes",-4.285714285714286% growth,https://www.felss.com/en/,,Tier 3,4,industry=2/3 capability=0/2 size=0/2 trigger=2/2,,-4.285714285714286,1.5151515151515151,0.0,,,0,,,,,500000000,1000000000,1905,acquired,,1816,11451383
Caesar & Loretz GmbH (Caelo),DEU,Hilden,65,medical_cannabis,crustdata,"Pharmaceutical Manufacturing / As a traditional company with a 135-year history, Caelo has acquired a leading p",3.1746031746031744% growth,https://www.caelo.de/,,Tier 3,4,industry=2/3 capability=1/2 size=0/2 trigger=1/2,,3.1746031746031744,4.838709677419355,40.11194029850746,,,0,,,,,20000000,50000000,,,,751,70961746
Strathmann (Dermapharm),DEU,Hamburg + Seevetal,~65,originator_pharma,research,OTC respiratory + niche Rx,Part of Dermapharm 2024 capex envelope,"https://www.northdata.com/Strathmann+GmbH+&+Co.+KG,+Hamburg",,Tier 3,4,industry=2/3 capability=0/2 size=0/2 trigger=2/2,,0.0,0.0,0.0,,,,,,,,0,500000,,,,1,79386000
Phytobiotics GmbH,DEU,Eltville,64,veterinary_pharma,crustdata,Biotechnology Research / Phytobiotics demonstrates one of the fastest growing global companies serving th,4.918032786885246% growth,https://www.phytobiotics.com?utm_source=linkedin&utm_medium=linkedinpage,,Tier 3,4,industry=2/3 capability=1/2 size=0/2 trigger=1/2,,4.918032786885246,-1.5384615384615385,0.0,,,0,,,,,10000000,20000000,2000,,,5682,7394343
Develco Pharma Schweiz AG,CHE,Pratteln,~60,sterile_generics,research,Sterile/specialty oral & parenteral CDMO,,https://www.develco-pharma.ch,,Tier 3,4,industry=3/3 capability=1/2 size=0/2 trigger=0/2,,6.25,-1.4492753623188406,44.406587166382735,series_unknown,2024-10-07,10974298,,,,,20000000,50000000,2006,,,2543,1388510
Fresenius Kabi MedTech Europe,DEU,Bad Homburg,60,plasma_fractionation,crustdata,Medical Equipment Manufacturing / Fresenius Kabi MedTech Europe  - Advancing Medical Technologies for Improved Pat,11.11111111111111% growth,https://www.fresenius-kabi.com/,,Tier 3,4,industry=3/3 capability=0/2 size=0/2 trigger=1/2,,11.11111111111111,1.694915254237288,0.0,,,,,,,,1000000000,1000000000000,,,,8688,69030851
Amapharm GmbH,DEU,Neunkirchen,58,"specialty_orphan,veterinary_pharma",crustdata,"Pharmaceutical Manufacturing / The vision for a change developed in a small suburb of Saarbrucken. Here, in 197",-1.694915254237288% growth,https://amapharm.de/,,Tier 3,4,industry=2/3 capability=1/2 size=0/2 trigger=1/2,,-1.694915254237288,0.0,24.945652173913043,,,0,,,,,50000000,100000000,1977,,,4598,8424366
Verdeya,CHE,Lausanne,58,medical_cannabis,crustdata,"Biotechnology Research / Verdeya is pioneering a scientific and responsible, long-term approach to cannab",9.433962264150944% growth,https://www.verdeyalife.com/,,Tier 3,4,industry=2/3 capability=1/2 size=0/2 trigger=1/2,,9.433962264150944,5.454545454545454,16.055718475073313,,,0,,,,,10000000,20000000,2009,,,1583,76231109
Cansativa GmbH,DEU,Morfelden,56,medical_cannabis,crustdata+research+research,"Health, Wellness & Fitness / Cansativa provides independent market access and extensive warehousing and distr",Sole distributor of German-grown medical cannabis (BfArM contract); cleanroom + packaging facility,https://www.cansativa-group.de/de/,,Tier 3,4,industry=2/3 capability=2/2 size=0/2 trigger=0/2,,21.73913043478261,-6.666666666666667,12.854505789562007,series_a,2021-06-22,20700000,,,,,10000000,20000000,2017,,,6725,18468896
GS Swiss PCB,CHE,Küssnacht am Rigi,56,plasma_fractionation,crustdata,Computers and Electronics Manufacturing / When failure is not an option or space is at a premium: GS’ printed circuit boar,-8.19672131147541% growth,http://www.gs-swiss.com,,Tier 3,4,industry=3/3 capability=0/2 size=0/2 trigger=1/2,,-8.19672131147541,0.0,15.762925598991174,,,0,,,,,10000000,20000000,1981,,,918,3845606
ESTEVE Germany,DEU,Berlin,54,specialty_orphan,crustdata+research,Pharmaceutical Manufacturing / ESTEVE Germany is a pharmaceutical company that stands for medicines for disease,1.8867924528301887% growth,http://www.esteve.com/de,oncology_general,Tier 3,4,industry=2/3 capability=1/2 size=0/2 trigger=1/2,,1.8867924528301887,-1.8181818181818181,22.567498726439123,,,,,,,,10000000,20000000,1992,,,2406,37107040
Cassella-med (Klosterfrau),DEU,Köln,~50–100,originator_pharma,research,OTC distribution + own products,Part of Klosterfrau group capex,https://www.klosterfrau-group.de/,,Tier 3,4,industry=2/3 capability=0/2 size=0/2 trigger=2/2,,15.942028985507244,12.676056338028168,0.0,,,,,,,,50000000,100000000,1971,,,1152,8071937
Newron Pharmaceuticals,CHE,"Bresso (HQ Italy, listed SIX)",~50,late_stage_biotech,research,Evenamide — treatment-resistant schizophrenia,ENIGMA-TRS 1 enrolling Aug 2025; ENIGMA-TRS 2 US started; topline Q4 2026; NDA prep,[Newron IR](https://www.newron.com/news-and-media/regulatory-news/newron-announces-us-initiation-its-enigma-trs-2-phase-iii-global),,Tier 3,4,industry=3/3 capability=1/2 size=0/2 trigger=0/2,,,,,,,,,,,,,,,,,,
Biokema SA,CHE,Crissier,47,veterinary_pharma,crustdata+research,"Pharmaceutical Manufacturing / BIOKEMA SA, is a Swiss company that develops, produces and commercialises pharma",-6.0% growth,http://www.biokema.ch,,Tier 3,4,industry=2/3 capability=1/2 size=0/2 trigger=1/2,,-6.0,-2.083333333333333,20.207667731629392,,,0,,,,,2500000,5000000,1959,,,1505,11158221
bitop AG - The Ectoin® Company.,DEU,Dortmund,46,veterinary_pharma,crustdata,Biotechnology / We are The Ectoin® Company.bitop has discovered and unleashed the power of Ectoi,9.523809523809524% growth,http://www.bitop.de,,Tier 3,4,industry=2/3 capability=1/2 size=0/2 trigger=1/2,,9.523809523809524,4.545454545454546,17.31301939058172,,,0,,,,,20000000,50000000,1993,,,3388,307740
Systec - The Autoclave Company,DEU,Linden,45,specialty_orphan,crustdata,"Biotechnology Research / Systec GmbH & Co. KG is a manufacturer of autoclaves (steam sterilizers), especi",15.384615384615385% growth,https://www.systec-lab.com,,Tier 3,4,industry=2/3 capability=1/2 size=0/2 trigger=1/2,,15.384615384615385,7.142857142857142,15.300306882946076,,,0,,,,,20000000,50000000,1994,,,2630,10637183
MPI Pharmaceutica GmbH,DEU,Hamburg,44,veterinary_pharma,crustdata,Pharmaceutical Manufacturing / M.P.I. Pharmaceutica GmbH is an international import and export company for prim,4.761904761904762% growth,http://www.mpi-pharma.com,,Tier 3,4,industry=2/3 capability=1/2 size=0/2 trigger=1/2,,4.761904761904762,0.0,19.873817034700316,,,0,,,,,10000000,20000000,1985,,,1900,2880014
Cannamedical Pharma,DEU,Cologne,43,medical_cannabis,crustdata+research+research,Pharmaceutical Manufacturing / Cannamedical® Pharma GmbH has a pharmaceutical wholesale licence in accordance w,EU import scaling; Portugal-DE shipment expansion,https://cannamedical.com,,Tier 3,4,industry=2/3 capability=1/2 size=0/2 trigger=1/2,,4.878048780487805,7.5,22.680857183949374,series_a,2019-01-31,17172256,,,,,10000000,20000000,2016,,,8530,18066735
McKesson Europe AG,DEU,Stuttgart,43,specialty_orphan,crustdata,"Pharmaceutical Manufacturing / McKesson Europe, part of McKesson Corporation, is a leading company in the healt",-6.521739130434782% growth,http://www.mckesson.eu,oncology_general,Tier 3,4,industry=2/3 capability=1/2 size=0/2 trigger=1/2,,-6.521739130434782,-4.444444444444445,1.7246753246753246,,,,,,,,1000000000,1000000000000,,,,9791,18246311
Pfefferlé & Cie SA,CHE,Sion,43,vaccines,crustdata,Construction / Fondée en 1838 à Sion Pfefferlé Cie SA est dirigée actuellement par Christian et,7.5% growth,http://www.pfefferle.ch,,Tier 3,4,industry=2/3 capability=0/2 size=0/2 trigger=2/2,,7.5,0.0,22.330097087378643,,,,,,,,10000000,20000000,,,,252,13205344
Vereinigte Informationssysteme Tierhaltung w.V. (vit),DEU,Verden (Aller),41,veterinary_pharma,crustdata,Biotechnology Research / Wir sind der führende Informationsdienstleister für Tierhaltung und Tierzucht un,0.0% growth,http://www.vit.de/,,Tier 3,4,industry=2/3 capability=1/2 size=0/2 trigger=1/2,,0.0,0.0,68.26347305389223,,,0,,,,,10000000,20000000,1965,,,281,5892394
Apotheca Pharma AG,CHE,Solothurn,~40,sterile_generics,research,"Hospital sterile compounding, parenteral nutrition",,https://www.apothecapharma.ch,,Tier 3,4,industry=3/3 capability=1/2 size=0/2 trigger=0/2,,,,,,,,,,,,,,,,,,
Dipharma SA,CHE,Chiasso,40,specialty_orphan,crustdata,Pharmaceutical Manufacturing / Dipharma S.A. is a privately-held Swiss pharmaceutical company specialized in de,2.564102564102564% growth,http://www.dipharma.ch/,,Tier 3,4,industry=2/3 capability=1/2 size=0/2 trigger=1/2,,2.564102564102564,-2.4390243902439024,21.937842778793417,,,0,,,,,2500000,5000000,2014,,,3335,18730764
redcoon GmbH,DEU,Aschaffenburg,39,plasma_fractionation,crustdata,Computers and Electronics Manufacturing / redcoon.com ranks among the largest internet special dispatchers for LCD and pla,0.0% growth,http://www.redcoon.de,,Tier 3,4,industry=3/3 capability=0/2 size=0/2 trigger=1/2,,0.0,0.0,0.7692307692307693,,,,,,,,10000000,20000000,2003,,,917,964798
Socorex Isba SA,CHE,Écublens,38,veterinary_pharma,crustdata,Biotechnology Research / Socorex Isba SA is a reputable Swiss manufacturer of precision dosing instrument,-5.0% growth,http://www.socorex.com,,Tier 3,4,industry=2/3 capability=1/2 size=0/2 trigger=1/2,,-5.0,0.0,15.890236119974475,,,0,,,,,2500000,5000000,1963,,,1816,5138262
Baccinex,CHE,Courroux,37,vaccines,crustdata,Pharmaceutical Manufacturing / Baccinex SA is a full-service pharmaceutical Contract Manufacturing Organisation,2.7777777777777777% growth,http://www.baccinex.com,,Tier 3,4,industry=2/3 capability=1/2 size=0/2 trigger=1/2,,2.7777777777777777,5.714285714285714,6.629345904537419,,,0,,,,,10000000,20000000,1999,acquired,,3619,2046290
Canify AG,DEU,Herrsching am Ammersee,37,medical_cannabis,crustdata,Pharmaceutical Manufacturing / Canify AG is a licensed pharmaceutical company specializing in medical cannabis.,42.30769230769231% growth,http://www.canify.com,,Tier 3,4,industry=2/3 capability=1/2 size=0/2 trigger=1/2,,42.30769230769231,19.35483870967742,24.755381604696673,,,0,,,,,10000000,20000000,2018,,,2550,69735519
DSM Austria GmbH (former ERBER Group),AUT,Inzersdorf ob der Traisen,37,veterinary_pharma,crustdata,Biotechnology / DSM Austria GmbH was founded in 2021 after Royal DSM acquired the former ERBER G,0.0% growth,https://www.dsm.com/austria/en_us/home.html,,Tier 3,4,industry=2/3 capability=1/2 size=0/2 trigger=1/2,,0.0,0.0,0.0,,,0,,,,,500000000,1000000000,1983,,,4604,3118716
NSF Erdmann Analytics,DEU,Rheda-Wiedenbrück,36,veterinary_pharma,crustdata,Biotechnology Research / NSF Erdmann Analytics ist ein deutsches Analytiklabor für Lebensmittel- und Futt,12.5% growth,https://www.nsfinternational.eu/de/,,Tier 3,4,industry=2/3 capability=1/2 size=0/2 trigger=1/2,,12.5,5.88235294117647,28.57142857142857,,,,,,,,10000000,20000000,1997,,,603,12458590
GrowMotion AG,CHE,Central CH,~30–50,medical_cannabis,research,Cultivator (1.5–1.8 t/yr GACP),Swissmedic operating license Sep-2024 (audit no findings); scaling to GMP,https://www.openpr.com/news/4483813/grow-motion-ag-swiss-quality-for-the-european-medical-cannabis,,Tier 3,4,industry=2/3 capability=1/2 size=0/2 trigger=1/2,,0.0,0.0,0.0,,,,,,,,5000000,10000000,,,,8,97414826
Bathera,DEU,Grünwald,27,medical_cannabis,crustdata,"Pharmaceutical Manufacturing / Bathera is a fast-growing, fully vertically integrated medical cannabis company ",12.5% growth,http://www.bathera.com,,Tier 3,4,industry=2/3 capability=1/2 size=0/2 trigger=1/2,,12.5,0.0,33.41765747533519,,,0,,,,,2500000,5000000,2019,,,5274,70566877
Purely Plant GmbH,DEU,Frankfurt,22,medical_cannabis,crustdata,Pharmaceutical Manufacturing / Purely Plant is a cannabis biotech company with its first fully enclosed facilit,29.411764705882355% growth,http://www.purelyplant.com,,Tier 3,4,industry=2/3 capability=1/2 size=0/2 trigger=1/2,,29.411764705882355,10.0,20.246913580246915,,,,,,,,20000000,50000000,2019,,,2435,74489195
Remexian Pharma GmbH,DEU,Ludwigsfelde,21,medical_cannabis,crustdata,Pharmaceutical Manufacturing / Wir – die Remexian Pharma GmbH – sind ein im Jahr 2018 gegründetes pharmazeutisc,61.53846153846154% growth,https://www.remexian.com,,Tier 3,4,industry=2/3 capability=1/2 size=0/2 trigger=1/2,,61.53846153846154,5.0,162.03208556149733,,,0,,,,,500000,1000000,2018,acquired,,490,71522595
Drapalin Pharmaceuticals,DEU,Hamburg / Northern DE,~20–40,medical_cannabis,research,GMP-certified processor / wholesaler,Active GMP-certified medical cannabis trader; expansion post-MedCanG,https://drapalin.de/en/gmp/,,Tier 3,4,industry=2/3 capability=1/2 size=0/2 trigger=1/2,,0.0,0.0,11.752577319587628,,,0,,,,,1000000,2500000,2018,,,1626,37427349
MediCane Health (Cantourage / DEMECAN partner network),DEU,Berlin,~20–40,medical_cannabis,research,Importer/processor (GMP partner),Network expansion post-MedCanG,https://www.cantourage.com/,,Tier 3,4,industry=2/3 capability=1/2 size=0/2 trigger=1/2,,2.7777777777777777,-5.128205128205128,12.23083548664944,,,0,,,,,1000000,2500000,2019,,,5212,65368510
Affimed,DEU,Heidelberg,,late_stage_biotech,research,Innate Cell Engager (NK bispecifics),None — uses CDMOs,https://www.affimed.com/affimed-science-and-technology/innate-cell-engagers/,,Tier 3,4,industry=3/3 capability=1/2 size=0/2 trigger=0/2,,-59.25925925925925,-17.5,7.545776727702304,post_ipo_equity,2022-04-13,534026273,,,,,20000000,50000000,2000,,2014-09-12,7283,793445
Apogenix,DEU,Heidelberg,,late_stage_biotech,research,Protein therapeutics (asunercept),None,https://pitchbook.com/profiles/company/61359-67,,Tier 3,4,industry=3/3 capability=1/2 size=0/2 trigger=0/2,,0.0,0.0,,,,,,,,,0,0,,,,,106353386
Bicoll Group,DEU,Munich,,late_stage_biotech,research,Natural product drug discovery,None,https://www.bicoll-group.com/,,Tier 3,4,industry=3/3 capability=1/2 size=0/2 trigger=0/2,,0.0,0.0,6.596306068601583,grant,2019-07-15,31414084,,,,,1000000,2500000,2000,,,1212,1826498
Captain T Cell,DEU,Berlin-Buch,,late_stage_biotech,research,TCR-T (allo + auto),None — Charles River CDMO partnership; future build at CGT Berlin,https://www.globenewswire.com/news-release/2024/05/22/2886221/0/en/Captain-T-Cell-Secures-Seed-Financing-Round-Totaling-8-5-Million.html,oncology_celltherapy,Tier 3,4,industry=3/3 capability=1/2 size=0/2 trigger=0/2,,0.0,0.0,0.0,series_unknown,2025-11-17,32380998,,,,,500000,1000000,2019,,,2377,104040374
Cardior Pharmaceuticals,DEU,Hannover,,late_stage_biotech,research,RNA cardiology (CDR132L),Becomes part of Novo Nordisk mfg; Hannover continues,https://cardior.de/,,Tier 3,4,industry=3/3 capability=1/2 size=0/2 trigger=0/2,,-19.047619047619047,-15.0,6.04013104013104,series_b,2021-08-25,92782940,,,,,2500000,5000000,2016,acquired,,5179,10085932
Cellestia Biotech,CHE,Basel,,late_stage_biotech,research,Notch inhibitor (CB-103),CMO; Phase 2 ongoing,https://www.swissbiotech.org/listing/cellestia-biotech-raises-chf-20-million-and-appoints-2-new-board-members/,,Tier 3,4,industry=3/3 capability=1/2 size=0/2 trigger=0/2,,-33.33333333333333,0.0,8.691189050470488,non_equity_assistance,2023-06-27,48715850,,,,,2500000,5000000,2014,,,6353,35517436
CureVac N.V.,DEU,Tübingen (GMP IV under construction),,vaccines,research,mRNA,GMP IV facility paused/scaled back post-GSK deal Jul-2024; restructuring,https://www.curevac.com/en/manufacturing/,,Tier 3,4,industry=2/3 capability=2/2 size=0/2 trigger=0/2,,-9.090909090909092,0.0,0.0,grant,2019-06-01,53682,,,,,1000000,2500000,2019,acquired,,2831,19026824
GlycoEra,CHE,Wädenswil,,late_stage_biotech,research,Extracellular protein degraders,None — CDMO (LimmaTech link); first IND prep,https://www.glycoera.com/2025/05/glycoera-ag-raises-130-million-to-advance-novel-pipeline-of-extracellular-protein-degraders-for-the-treatment-of-autoimmune-diseases/,,Tier 3,4,industry=3/3 capability=1/2 size=0/2 trigger=0/2,,-8.571428571428571,-8.571428571428571,49.80910425844346,series_b,2025-05-27,179334802,,,,,1000000,2500000,2020,,,5101,70467849
leon-nanodrugs,DEU,Munich/Planegg,,late_stage_biotech,research,LNP equipment + drug formulation,LNP equipment maker; not own GMP yet,https://www.biospace.com/leon-nanodrugs-secures-funds-in-a-series-d-financing-to-broaden-portfolio-in-first-single-use-high-throughput-production-systems-for-nanoencapsulation,,Tier 3,4,industry=3/3 capability=1/2 size=0/2 trigger=0/2,,36.36363636363637,15.384615384615385,99.25149700598801,series_b,2020-04-16,20513571,,,,,2500000,5000000,2011,,,2662,6444684
Lonza AG — Stein,CHE,Stein (AG),,vaccines,research,Sterile fill-finish incl. vaccines,CHF 100M+ aseptic capacity Stein 2024–25,https://www.lonza.com,,Tier 3,4,industry=2/3 capability=2/2 size=0/2 trigger=0/2,,0.0,0.0,0.0,,,,,,,,0,0,,,,3,33387754
NeXgen Bioherbals / VAXXILON / Idorsia spinouts,CHE,Basel/Reinach,,late_stage_biotech,research,various,mostly CMO,—,,Tier 3,4,industry=3/3 capability=1/2 size=0/2 trigger=0/2,,,,,,,,,,,,,,,,,,
Pfizer Pharma GmbH,DEU,Illertissen (legacy King),,vaccines,research,Sterile fill-finish (vaccines + biologics),minor automation upgrades,https://www.pfizer.de,,Tier 3,4,industry=2/3 capability=2/2 size=0/2 trigger=0/2,,,,,,,,,,,,,,,,,,
Themis (now MSD),AUT,Vienna,,late_stage_biotech,research,Vaccines,Vienna mfg integrated into MSD,—,,Tier 3,4,industry=3/3 capability=1/2 size=0/2 trigger=0/2,,,,,,,,,,,,,,,,,,
Bosch,DEU,Gerlingen,162555,"bioprocess_vendors,vaccines",crustdata+research+research,Software Development / The Bosch Group is a leading global supplier of technology and services. It empl,1.8923628522715876% growth,http://www.bosch.com,,Excluded,3,industry=2/3 capability=0/2 size=0/2 trigger=1/2,industrial_false_positive,1.8923628522715876,0.044312328058935396,0.0,non_equity_assistance,2018-06-04,0,,,,,1000000000,1000000000000,,,,1627705,2508619
Vetropack Holding AG,CHE,St-Prex,"~3,800",medical_cannabis,research,"Packaging (pharma/medical glass vials, jars — cannabis adj.)",,https://www.vetropack.com,,Tier 3,3,industry=2/3 capability=0/2 size=1/2 trigger=0/2,,3.2,0.6688963210702341,0.0,,,0,,,,,500000000,1000000000,1911,,1989-01-03,21250,3299095
Pfeuffer / Pfeiffer Vacuum (Pharma vacuum),DEU,Aßlar,"~3,500 (DE)",bioprocess_vendors,research,"Vacuum tech for freeze drying, isolators",,https://www.pfeiffer-vacuum.com/de/,,Tier 3,3,industry=0/3 capability=2/2 size=1/2 trigger=0/2,,2.100840336134454,0.7104795737122558,22.327583699351347,,,0,,,,,500000000,1000000000,,,,42055,60123
Syntegon Technology (ex-Bosch Packaging),DEU,Crailsheim / Waiblingen,"~3,500 (DACH)",bioprocess_vendors,research,"Pharma fill-finish, inspection, packaging",,https://www.syntegon.com/,,Excluded,3,industry=0/3 capability=2/2 size=1/2 trigger=0/2,industrial_false_positive,,,,,,,,,,,,,,,,,
Sartorius | Bioprocess Solutions,DEU,Göttingen,3132,bioprocess_vendors,crustdata,Biotechnology Research / Sartorius offers a broad portfolio of Bioprocess Solutions for all major steps o,-1.7565872020075282% growth,http://www.sartorius.com,,Tier 3,3,industry=0/3 capability=1/2 size=1/2 trigger=1/2,,-1.7565872020075282,0.031938677738741615,10.943761979438927,,,,,,,,1000000000,1000000000000,,,,101873,41183
Eppendorf,DEU,Hamburg,3051,bioprocess_vendors,crustdata+research,"Biotechnology Research / Eppendorf is a leading international life science company that develops, manufac",-0.3266906239790918% growth,http://corporate.eppendorf.com,,Tier 3,3,industry=0/3 capability=1/2 size=1/2 trigger=1/2,,-0.3266906239790918,0.3618421052631579,18.342287548572394,,,0,,,,,500000000,1000000000,1945,,,175117,42261
Rieter,CHE,Winterthur,2767,bioprocess_vendors,crustdata,Industrial Machinery Manufacturing / Rieter is the world’s leading supplier of systems for manufacturing yarn from st,0.4720406681190995% growth,http://www.rieter.com,,Tier 3,3,industry=0/3 capability=0/2 size=2/2 trigger=1/2,,0.4720406681190995,0.0,0.0,,,0,,,,,500000000,1000000000,,,2003-06-13,54962,15341
Belimed AG,CHE,Zug / Sulgen,~900,bioprocess_vendors,research,"Sterilizers, washers, GMP CSSD",,https://www.belimed.com/,,Excluded,3,industry=0/3 capability=1/2 size=2/2 trigger=0/2,direct_competitor,,,,,,,,,,,,,,,,,
item – industrial applications,DEU,Solingen,506,bioprocess_vendors,crustdata,Automation Machinery Manufacturing / item is the pioneer in building kit systems and digital tools for industrial app,5.416666666666667% growth,https://www.item24.com,,Tier 3,3,industry=0/3 capability=0/2 size=2/2 trigger=1/2,,5.416666666666667,0.796812749003984,0.0,,,0,,,,,500000000,1000000000,1976,,,68733,3848525
3CON Technologies,AUT,Ebbs,289,bioprocess_vendors,crustdata,Industrial Machinery Manufacturing / 3CON is a leading expert in high-end automation solutions across multiple indust,0.3472222222222222% growth,https://www.3con.com,,Tier 3,3,industry=0/3 capability=0/2 size=2/2 trigger=1/2,,0.3472222222222222,0.3472222222222222,23.25423728813559,,,0,,,,,100000000,500000000,1998,,,3636,79757312
Bellmer,DEU,Niefern,266,bioprocess_vendors,crustdata,Machinery Manufacturing / Bellmer is an international high-class technology supplier with two divisions: P,2.7027027027027026% growth,http://www.bellmer.com,,Tier 3,3,industry=0/3 capability=0/2 size=2/2 trigger=1/2,,2.7027027027027026,0.37735849056603776,26.29359908010732,,,0,,,,,500000000,1000000000,,,,13180,853468
cimt ag,DEU,Hamburg,220,bioprocess_vendors,crustdata,IT Services and IT Consulting / We see information technology as a management task in the context of a broad per,-0.4524886877828055% growth,https://www.cimt-ag.de,,Tier 3,3,industry=0/3 capability=0/2 size=2/2 trigger=1/2,,-0.4524886877828055,-0.4524886877828055,13.681986265187533,,,0,,,,,20000000,50000000,2000,,,4304,87143
acib GmbH,AUT,Graz,180,bioprocess_vendors,crustdata,Biotechnology Research / The Austrian Centre of Industrial Biotechnology (acib) replaces conventional ind,-6.7357512953367875% growth,https://acib.at,,Tier 3,3,industry=0/3 capability=1/2 size=1/2 trigger=1/2,,-6.7357512953367875,-3.225806451612903,15.300445103857566,,,0,,,,,50000000,100000000,2010,,,12434,1164118
INFORS HT,CHE,Bottmingen,175,bioprocess_vendors,crustdata+research,"Biotechnology Research / INFORS HT, a Swiss-based company, bringing 60 years of expertise to bioprocessin",-5.913978494623656% growth,http://www.infors-ht.com,,Tier 3,3,industry=0/3 capability=1/2 size=1/2 trigger=1/2,,-5.913978494623656,-0.5681818181818182,0.0,,,0,,,,,20000000,50000000,1965,,,8348,3160175
Mepha Pharma (Teva),CHE,Aesch BL + Basel,~157,originator_pharma,research,Branded + non-branded generics; 230 SKUs,Aesch site ongoing Teva-funded investment,https://www.swissbiotech.org/listing/mepha-pharma-ag/,,Tier 3,3,industry=2/3 capability=0/2 size=1/2 trigger=0/2,,11.11111111111111,0.0,34.36542760162265,,,0,,,,,1000000,2500000,1998,,,16230,8356450
Hänseler AG,CHE,Herisau,~155,originator_pharma,research,"OTC (Gly-Coramine, OLBAS, Bach-Blüten) + raw materials",Continuous Herisau production investment; FDA-audited,https://www.haenseler.ch/en/,,Tier 3,3,industry=2/3 capability=0/2 size=1/2 trigger=0/2,,2.5316455696202533,-2.4096385542168677,25.16790385295157,,,0,,,,,10000000,20000000,1964,,,3541,767575
BioMarin Deutschland GmbH,US HQ; DE,Kronberg im Taunus,"~150 DE; ~3,400 group",specialty_orphan,research,"LSDs (Naglazyme MPS VI, Vimizim MPS IVA), PKU (Kuvan, Palynziq), hemophilia A gene tx (Roctavian)",DE = commercial; group own mfg US/IRL,https://www.biomarin.com/,,Excluded,3,industry=2/3 capability=0/2 size=1/2 trigger=0/2,non_target_country,,,,,,,,,,,,,,,,,
Bombastus-Werke,DEU,Freital (Sachsen),~150,originator_pharma,research,"Phytotherapy, OTC (Bombastus Salbe)",Sachsen plant continuous modernization,https://www.bombastus-werke.de/,,Tier 3,3,industry=2/3 capability=0/2 size=1/2 trigger=0/2,,,,,,,,,,,,,,,,,,
Galenica – Mediservice AG (specialty pharmacy unit),CHE,Bern / Zuchwil,~150 (Mediservice),specialty_orphan,research,Rare disease / neurology / immunology specialty,,https://www.galenica.com/en/galenica-netzwerk/,,Tier 3,3,industry=2/3 capability=0/2 size=1/2 trigger=0/2,,5.555555555555555,0.0,0.0,,,,,,,,10000000,20000000,1931,,,1954,8842942
Krieger GmbH & Co. KG,DEU,Mühlacker,~150,bioprocess_vendors,research,"Cleanroom build, GMP rooms, panel systems",,https://www.krieger-gmbh.de/,,Excluded,3,industry=0/3 capability=2/2 size=1/2 trigger=0/2,direct_competitor,,,,,,,,,,,,,,,,,
MiP Pharma (Chephasaar),DEU,Blieskastel-Niederwürzbach,~150,originator_pharma,research,Originator+specialty Rx,~€50m revenue group; Saarland plant,https://mip-pharma.de/en/,,Tier 3,3,industry=2/3 capability=0/2 size=1/2 trigger=0/2,,0.0,0.0,0.0,,,,,,,,0,0,1955,,,36,106092885
Pierre Fabre Dermatologie DE / Pohl-Pharma,DEU,Mannheim,~150,originator_pharma,research,Derm OTC,Mannheim formulation site,https://www.pierre-fabre.com/,,Tier 3,3,industry=2/3 capability=0/2 size=1/2 trigger=0/2,,0.0,0.0,0.0,,,,,,,,0,0,,,,12,51748260
Pierre Fabre Dermo-Kosmetik GmbH,DEU,Freiburg im Breisgau,~150 (DE branch),specialty_orphan,research,Dermatology / dermo-cosmetic specialty,,"https://www.northdata.com/Pierre+Fabre+Dermo-Kosmetik+GmbH,+Freiburg+i.+Breisgau/Amtsgericht+Freiburg+HRB+4902",,Tier 3,3,industry=2/3 capability=0/2 size=1/2 trigger=0/2,,0.0,0.0,0.0,,,,,,,,0,500000,,,,1,79386000
"SynBiotic SE (incl. WEECO Pharma, Solidmind)",DEU,Munich / Berlin,~150–200 (group),medical_cannabis,research,"Group: cultivation, extraction, contract mfg, wholesale",WEECO Pharma acquisition May-24; Ilesol cannabinoid extracts add Apr-25; GOC NEXUS plasma-decontam JV,https://www.synbiotic.com/corporate-news/acquisition-of-weeco-pharma-synbiotic-significantly-expands-its-position-in-the-medical-cannabis-market,,Tier 3,3,industry=2/3 capability=0/2 size=1/2 trigger=0/2,,0.0,25.0,8.730691739422431,post_ipo_equity,2023-08-22,5718156,,,,,500000,1000000,1982,,2021-01-06,1619,69230309
Verfora (ex-Vifor Consumer Health),CHE,Villars-sur-Glâne,~150–250,originator_pharma,research,"OTC brands (Algifor, Triofan, Merfen, Anti-Brumm)",Galenica subsidiary; ongoing brand+supply investment,https://www.galenica.com/en/,,Tier 3,3,industry=2/3 capability=0/2 size=1/2 trigger=0/2,,5.555555555555555,0.0,0.0,,,,,,,,10000000,20000000,1931,,,1954,8842942
APOGEPHA Arzneimittel,DEU,Dresden,~140,"originator_pharma,specialty_orphan",research,"Urology orphan-adjacent (cystinuria, paediatric urology, OAB)","In-house production discontinued 2019 – partner-manufactured (note: kept for completeness, weak fit)",https://www.apogepha.de/en/company/,,Tier 3,3,industry=2/3 capability=0/2 size=1/2 trigger=0/2,,1.7699115044247788,-1.7094017094017095,29.9469964664311,,,0,,,,,10000000,20000000,,,,1471,82028223
ALK-Abelló Arzneimittel GmbH,DEU,Hamburg,~130,specialty_orphan,research,Allergy immunotherapy / vaccines,,https://www.alk.net/our-company,,Tier 3,3,industry=2/3 capability=0/2 size=1/2 trigger=0/2,,25.0,0.0,0.0,,,,,,,,2500000,5000000,,,,15,25107302
Institut für Virologie und Immunologie (IVI),CHE,Mittelhäusern/Bern,~130,academic_gmp,research,"BSL-4 vet vaccines, reference reagents",,https://www.ivi.admin.ch,,Tier 3,3,industry=1/3 capability=1/2 size=1/2 trigger=0/2,,,,,,,,,,,,,,,,,,
Bremer Pharma GmbH,DEU,Warburg,~120,veterinary_pharma,research,"Vet pharma manufacturer, antibiotics, antiparasitics, CMO",,https://www.bremer-pharma.de,,Tier 3,3,industry=2/3 capability=0/2 size=1/2 trigger=0/2,,,,,,,,,,,,,,,,,,
OmniVision GmbH,DEU,Puchheim (Munich),~120,specialty_orphan,research,Ophthalmology specialty (CH/AT/IT/ES subs),,https://www.omnivision.de/en/company/about-us/,,Tier 3,3,industry=2/3 capability=0/2 size=1/2 trigger=0/2,,8.108108108108109,0.8403361344537815,43.12106918238994,,,0,,,,,10000000,20000000,2003,,,3641,7015561
Schilling Engineering GmbH,DEU,Wutöschingen,~120,bioprocess_vendors,research,Modular cleanrooms (CleanCell),,https://www.schillingengineering.de/,,Excluded,3,industry=0/3 capability=2/2 size=1/2 trigger=0/2,direct_competitor,,,,,,,,,,,,,,,,,
Telstar Deutschland GmbH (Azbil),DEU,Frankfurt,~120 (DE),bioprocess_vendors,research,"Freeze dryers, isolators, sterile process",,https://www.telstar.com/de/,,Excluded,3,industry=0/3 capability=2/2 size=1/2 trigger=0/2,direct_competitor,,,,,,,,,,,,,,,,,
MUCOS Pharma,DEU,Berlin + Geretsried,~110+,originator_pharma,research,Wobenzym (systemic enzyme therapy),Nestlé Health Science divested 2025; ownership transition,https://www.wobenzym.de/uber-uns-mucos-pharma,,Tier 3,3,industry=2/3 capability=0/2 size=1/2 trigger=0/2,,,,,,,,,,,,,,,,,,
LocalStack,CHE,Zurich,99,vaccines,crustdata,"Software Development / At LocalStack, we provide the #1 platform for local cloud development & testing,",33.78378378378378% growth,https://localstack.cloud,,Tier 3,3,industry=2/3 capability=0/2 size=0/2 trigger=1/2,,33.78378378378378,2.0618556701030926,137.82152824922682,series_a,2024-11-12,28200000,,,,,2500000,5000000,2021,,,31528,74027874
KUHNE GROUP,DEU,Sankt Augustin,98,vaccines,crustdata,Machinery Manufacturing / The KUHNE Group is a family-owned business and one of the foremost European engi,3.1578947368421053% growth,http://www.kuhne-group.com,,Tier 3,3,industry=2/3 capability=0/2 size=0/2 trigger=1/2,,3.1578947368421053,4.25531914893617,20.415449529373582,,,0,,,,,20000000,50000000,1949,,,3710,3141464
Motec GmbH,DEU,Hadamar,98,vaccines,crustdata,"Appliances, Electrical, and Electronics Manufacturing / Motec specializes in the development and production of camera-based driver assis",2.083333333333333% growth,https://store.motec-cameras.com/,,Tier 3,3,industry=2/3 capability=0/2 size=0/2 trigger=1/2,,2.083333333333333,1.0309278350515463,19.55537258130918,,,0,,,,,20000000,50000000,1992,acquired,,2904,695991
LINCK Holzverarbeitungstechnik GmbH,DEU,Oberkirch,97,vaccines,crustdata,Industrial Machinery Manufacturing / As Europe’s largest manufacturer of saw lines and a global leader in profiling l,15.476190476190476% growth,http://www.linck.com,,Tier 3,3,industry=2/3 capability=0/2 size=0/2 trigger=1/2,,15.476190476190476,0.0,34.51990632318501,,,0,,,,,20000000,50000000,,,,2872,5492510
AI Engineering,CHE,Zug,95,vaccines,crustdata,"Software Development / AI Engineering is part of Grid Dynamics, digital engineering innovators with ove",-4.040404040404041% growth,https://aie.griddynamics.com/,,Tier 3,3,industry=2/3 capability=0/2 size=0/2 trigger=1/2,,-4.040404040404041,-3.061224489795918,0.0,post_ipo_equity,2024-11-12,124500000,,,,,500000000,1000000000,2006,acquired,2020-03-06,6800,505391
LTG Aktiengesellschaft,DEU,Stuttgart,95,vaccines,crustdata,Machinery Manufacturing / LTG – Das InnovationsunternehmenWir feiern ein Jahrhundert! Seit 1924 gibt die L,-1.0416666666666665% growth,http://www.LTG.de,,Tier 3,3,industry=2/3 capability=0/2 size=0/2 trigger=1/2,,-1.0416666666666665,1.0638297872340425,0.0,,,0,,,,,10000000,20000000,1924,,,998,7149681
Z-LASER,DEU,Freiburg,95,vaccines,crustdata,"Appliances, Electrical, and Electronics Manufacturing / Innovative light for better results. This is Z-LASER’s promise and obligation. L",11.76470588235294% growth,https://www.z-laser.com,,Tier 3,3,industry=2/3 capability=0/2 size=0/2 trigger=1/2,,11.76470588235294,4.395604395604396,12.16361679224973,,,0,,,,,10000000,20000000,1985,,,3126,767929
GMN Paul Müller Industrie GmbH & Co. KG,DEU,Nuremberg,94,vaccines,crustdata,Machinery Manufacturing / Based on many years of experience in the development and production of machine c,1.0752688172043012% growth,https://www.gmn.de,,Tier 3,3,industry=2/3 capability=0/2 size=0/2 trigger=1/2,,1.0752688172043012,-1.0526315789473684,28.4604176784847,,,0,,,,,20000000,50000000,1908,,,2645,65422512
Globe Chemicals GmbH,DEU,Hamburg,92,veterinary_pharma,crustdata,Wholesale Chemical and Allied Products / Globe Chemicals GmbH is a global trading company that specializes in the distrib,6.976744186046512% growth,http://www.globe-chemicals.com/,,Tier 3,3,industry=2/3 capability=0/2 size=0/2 trigger=1/2,,6.976744186046512,4.545454545454546,24.087591240875913,,,0,,,,,2500000,5000000,1972,,,2550,11768883
Machine Learning Reply GmbH,DEU,Munich,92,vaccines,crustdata,IT Services and IT Consulting / Machine Learning Reply delivers tailored end-to-end AI and data-science solution,15.0% growth,https://www.reply.com/machine-learning-reply/de/#,,Tier 3,3,industry=2/3 capability=0/2 size=0/2 trigger=1/2,,15.0,3.3707865168539324,17.718446601941746,,,,,,,,10000000,20000000,,,,6305,37068170
Reich GmbH,DEU,Mellrichstadt,92,vaccines,crustdata,"Motor Vehicle Parts Manufacturing / Reich GmbH, with its production site in Mellrichstadt, sees itself as a leading ",6.976744186046512% growth,https://www.reich-gmbh.com/,,Tier 3,3,industry=2/3 capability=0/2 size=0/2 trigger=1/2,,6.976744186046512,0.0,67.8082191780822,,,0,,,,,500000000,1000000000,1919,,,1225,75867186
bielomatik GmbH,DEU,Römerstein,91,vaccines,crustdata,"Machinery Manufacturing / Hightech with a human touch (""Hightech mit Herz und Hand"")That's how we see ours",-3.1914893617021276% growth,https://www.bielomatik.com,,Tier 3,3,industry=2/3 capability=0/2 size=0/2 trigger=1/2,,-3.1914893617021276,-1.0869565217391304,0.0,,,0,,,,,10000000,20000000,1946,,,2646,151715
Gregor Mendel Institute,AUT,Vienna,91,academic_gmp,crustdata,Research Services / The Gregor Mendel Institute of Molecular Plant Biology (GMI) was founded by the ,-9.0% growth,http://www.gmi.oeaw.ac.at,,Tier 3,3,industry=1/3 capability=1/2 size=0/2 trigger=1/2,,-9.0,-2.1505376344086025,0.0,,,0,,,,,10000000,20000000,2000,,,6161,246622
indurad - part of Hexagon,DEU,Aachen,91,vaccines,crustdata,Automation Machinery Manufacturing / RADAR MACHINE VISION: Our mission lies in implementing robust radar-based automa,-10.784313725490197% growth,http://www.indurad.com,,Tier 3,3,industry=2/3 capability=0/2 size=0/2 trigger=1/2,,-10.784313725490197,-6.185567010309279,13.741875580315691,,,0,,,,,10000000,20000000,2008,acquired,,6125,1683067
Kern Microtechnik GmbH,DEU,Eschenlohe,91,vaccines,crustdata,Machinery Manufacturing / We are your partner for challenging tasks in high-precision machining - for almo,5.813953488372093% growth,http://www.kern-microtechnik.com,,Tier 3,3,industry=2/3 capability=0/2 size=0/2 trigger=1/2,,5.813953488372093,-1.0869565217391304,16.21446330126473,,,0,,,,,20000000,50000000,1962,acquired,,10751,10627793
AO Research Institute Davos (ARI),CHE,Davos,90,academic_gmp,crustdata,"Research Services / Established 1959, AO Research Institute Davos (ARI) aims to:•Contribute to high ",5.88235294117647% growth,https://www.aofoundation.org/what-we-do/research-innovation,,Tier 3,3,industry=1/3 capability=1/2 size=0/2 trigger=1/2,,5.88235294117647,1.1235955056179776,0.0,,,,,,,,10000000,20000000,1959,,,9535,71226634
Pharmpur GmbH,DEU,Königsbrunn,~90,sterile_generics,research,"Ophthalmic sterile fill (silicone oil, intraocular solutions)",,https://www.pharmpur.de,,Tier 3,3,industry=3/3 capability=0/2 size=0/2 trigger=0/2,,13.333333333333334,3.0303030303030303,86.48648648648648,,,0,,,,,10000000,20000000,1992,,,345,37307299
ISW University of Stuttgart,DEU,Stuttgart,89,vaccines,crustdata,Research / The Institute for Control Engineering of Machine Tools and Manufacturing Units (,-10.1010101010101% growth,https://www.isw.uni-stuttgart.de/,,Tier 3,3,industry=2/3 capability=0/2 size=0/2 trigger=1/2,,-10.1010101010101,1.1363636363636365,0.0,,,,,,,,10000000,20000000,1965,,,3157,36319860
Inuvet GmbH,DEU,Lörrach,88,veterinary_pharma,crustdata,Veterinary / Natürlich gesunde Tiere – weltweit.Haustiere sind mehr als nur Tiere – sie sind ,0.0% growth,http://inuvet.com,,Tier 3,3,industry=2/3 capability=0/2 size=0/2 trigger=1/2,,0.0,1.1494252873563218,25.468164794007492,,,0,,,,,10000000,20000000,2011,,,1340,6983240
ibacon GmbH,DEU,Roßdorf,87,veterinary_pharma,crustdata,"Research / ibacon, founded in 1994, is an independent contract research institute serving t",-5.434782608695652% growth,http://www.ibacon.com,,Tier 3,3,industry=2/3 capability=0/2 size=0/2 trigger=1/2,,-5.434782608695652,-2.247191011235955,18.89516635279347,,,0,,,,,10000000,20000000,1994,,,1894,3213160
KUK Coils,CHE,Appenzell,87,vaccines,crustdata,"Electrical Equipment Manufacturing / KUK Group, headquartered in Appenzell, Switzerland, is one of the world's leadin",11.538461538461538% growth,http://www.kukcoils.com,,Tier 3,3,industry=2/3 capability=0/2 size=0/2 trigger=1/2,,11.538461538461538,3.571428571428571,22.083512699095998,,,0,,,,,500000000,1000000000,1990,acquired,,2836,5450251
ADDINOL Lube Oil GmbH,DEU,Leuna,86,vaccines,crustdata,Chemical Manufacturing / ADDINOL is one of the few companies in the German mineral oil industry acting in,6.172839506172839% growth,http://www.addinol.de,,Tier 3,3,industry=2/3 capability=0/2 size=0/2 trigger=1/2,,6.172839506172839,1.1764705882352942,43.447737909516384,,,0,,,,,500000000,1000000000,1936,,,3678,9507910
Delvitech SA,CHE,Mendrisio,86,vaccines,crustdata,"Appliances, Electrical, and Electronics Manufacturing / Delvitech designs, manufactures and supplies a sustainable AI based technologica",24.637681159420293% growth,http://delvi.tech/,,Excluded,3,industry=2/3 capability=0/2 size=0/2 trigger=1/2,industrial_false_positive,24.637681159420293,-1.1494252873563218,90.51808406647116,series_b,2025-11-11,48645419,,,,,10000000,20000000,2018,,,13643,13006177
Fehr Intralogistics & Automation,CHE,Winterthur,86,vaccines,crustdata,"Transportation, Logistics, Supply Chain and Storage / Since 1949, Fehr has been a reliable partner for comprehensive intralogistics so",4.878048780487805% growth,https://www.fehr.net,,Tier 3,3,industry=2/3 capability=0/2 size=0/2 trigger=1/2,,4.878048780487805,-2.272727272727273,29.169054441260744,,,0,,,,,10000000,20000000,1949,,,2254,9373573
Indu-Sol,DEU,Schmölln,86,vaccines,crustdata,"Automation Machinery Manufacturing / Indu-Sol is your partner for maximizing the performance, resilience and producti",-6.521739130434782% growth,https://www.indu-sol.com,,Tier 3,3,industry=2/3 capability=0/2 size=0/2 trigger=1/2,,-6.521739130434782,-4.444444444444445,26.52671755725191,,,0,,,,,10000000,20000000,2002,,,3315,5314403
LAUS Group,DEU,Kirrweiler,85,veterinary_pharma,crustdata,Research Services / LAUS is an internationally recognized GLP certified testing facility (CRO) worki,4.938271604938271% growth,http://www.laus.group,,Tier 3,3,industry=2/3 capability=0/2 size=0/2 trigger=1/2,,4.938271604938271,-2.2988505747126435,9.626274065685164,,,0,,,,,10000000,20000000,1989,,,968,25059728
GEFASOFT Automatisierung und Software GmbH,DEU,Regensburg,83,vaccines,crustdata,"Machinery Manufacturing / GEFASOFT delivers application-specific turn-key solutions for the automotive, se",-1.1904761904761905% growth,http://www.gefasoft.com,,Tier 3,3,industry=2/3 capability=0/2 size=0/2 trigger=1/2,,-1.1904761904761905,-1.1904761904761905,34.386617100371744,,,0,,,,,10000000,20000000,1989,,,1446,10596216
innomatec Leak Test Solutions,DEU,Hünstetten,83,vaccines,crustdata,"Machinery Manufacturing / innomatec verfügt über mehr als 40 Jahre Erfahrung darin, führenden Herstellern ",-2.3529411764705883% growth,http://www.innomatec.de,,Tier 3,3,industry=2/3 capability=0/2 size=0/2 trigger=1/2,,-2.3529411764705883,-1.1904761904761905,13.437057991513438,,,0,,,,,10000000,20000000,1983,,,1604,51658891
BalTec Group,CHE,Pfäffikon,82,vaccines,crustdata,"Machinery Manufacturing / The innovative Swiss company, a technological trendsetter, is the world’s market",12.32876712328767% growth,http://www.baltec.com/en,,Tier 3,3,industry=2/3 capability=0/2 size=0/2 trigger=1/2,,12.32876712328767,0.0,25.553505535055347,,,0,,,,,10000000,20000000,1983,,,1361,6691637
HOLMER Maschinenbau GmbH,DEU,Schierling,82,vaccines,crustdata,Machinery Manufacturing / The HOLMER Maschinenbau GmbH has its headquarters in Eggmühl near Regensburg. We,6.493506493506493% growth,http://www.holmer-maschinenbau.com,,Tier 3,3,industry=2/3 capability=0/2 size=0/2 trigger=1/2,,6.493506493506493,1.2345679012345678,23.33175579744439,,,0,,,,,50000000,100000000,1969,,,2606,5582887
SIEB & MEYER AG,DEU,Lunenburg,82,vaccines,crustdata,"Appliances, Electrical, and Electronics Manufacturing / SIEB & MEYER was founded in 1962 and has been an internationally successful comp",15.492957746478872% growth,http://www.sieb-meyer.de,,Tier 3,3,industry=2/3 capability=0/2 size=0/2 trigger=1/2,,15.492957746478872,2.5,29.347826086956523,,,0,,,,,50000000,100000000,1962,,,4165,3853214
The EWAB Group,CHE,Rothenburg,82,vaccines,crustdata,Automation Machinery Manufacturing / The EWAB Group - a multi-skilled global organization with over 50 years of Indus,-2.380952380952381% growth,http://www.ewab.com,,Tier 3,3,industry=2/3 capability=0/2 size=0/2 trigger=1/2,,-2.380952380952381,-3.5294117647058822,0.0,,,0,,,,,10000000,20000000,,,,5890,211856
VetTrust,CHE,Küssnacht am Rigi,82,veterinary_pharma,crustdata,Veterinary Services / VetTrust AG is the leading animal health group with over 40 locations. As a Swis,-10.869565217391305% growth,http://www.vettrust.ch,,Tier 3,3,industry=2/3 capability=0/2 size=0/2 trigger=1/2,,-10.869565217391305,-1.2048192771084338,6.709511568123393,,,0,,,,,20000000,50000000,2010,,,4151,20274061
WaldrichSiegen,DEU,Siegen,82,vaccines,crustdata,Machinery Manufacturing / WaldrichSiegen has been an expert in the development and production of heavy-dut,3.79746835443038% growth,https://www.waldrichsiegen.com,,Tier 3,3,industry=2/3 capability=0/2 size=0/2 trigger=1/2,,3.79746835443038,-1.2048192771084338,21.833333333333332,,,0,,,,,20000000,50000000,,,,4386,3185351
AMADA Machinery Europe GmbH,DEU,Haan,81,vaccines,crustdata,"Machinery Manufacturing / Competence, efficiency, quality and availability - these are the building blocks",5.194805194805195% growth,https://www.amada-machinery.com,,Tier 3,3,industry=2/3 capability=0/2 size=0/2 trigger=1/2,,5.194805194805195,2.5316455696202533,15.896820635872825,,,0,,,,,10000000,20000000,2009,,,1932,12872637
DEMECAN,DEU,Priestewitz,81,medical_cannabis,crustdata+research+research,Pharmaceutical Manufacturing / DEMECAN is the German market leader for medicinal cannabis. As pioneers in the i,€40M planned; doubled cultivation to 4 t/yr in-house +6–8 t imported processing (2024–25),http://www.demecan.de,,Tier 3,3,industry=2/3 capability=1/2 size=0/2 trigger=0/2,,39.6551724137931,8.0,20.907004993926307,series_unknown,2024-08-07,23604403,,,,,10000000,20000000,2017,,,8958,20350327
Gear Research Center (FZG),DEU,Garching,81,vaccines,crustdata,"Research Services / The Institute of Machine Elements and the Gear Research Center (FZG), features c",-5.813953488372093% growth,https://www.mec.ed.tum.de/fzg,,Tier 3,3,industry=2/3 capability=0/2 size=0/2 trigger=1/2,,-5.813953488372093,0.0,32.08983631518843,,,,,,,,10000000,20000000,1951,,,3470,3199206
Robotic Systems Lab,CHE,Zurich,81,"vaccines,veterinary_pharma",crustdata,Research Services / The Robotic Systems Lab at ETH Zürich investigates the development of machines a,19.11764705882353% growth,http://www.rsl.ethz.ch,,Tier 3,3,industry=2/3 capability=0/2 size=0/2 trigger=1/2,,19.11764705882353,0.0,20.98170564500333,,,,,,,,2500000,5000000,,,,30883,74978566
Aurora Cannabis Deutschland (Pedanios),DEU,Leuna (Saxony-Anhalt),80–120,medical_cannabis,research,Cultivator + GMP packager,"5-yr operational upgrade announced 2025: new grow rooms, irrigation, lighting, hang-dry/dry-trim; expanded research license Jul-24",https://www.stocktitan.net/news/ACB/aurora-announces-investment-into-german-manufacturing-drdw0v82p3j6.html ; https://www.prnewswire.com/news-releases/aurora-receives-expanded-cultivation-and-unique-research-licenses-for-german-facility-302207202.html,,Tier 3,3,industry=2/3 capability=1/2 size=0/2 trigger=0/2,,0.0,0.0,0.0,,,,,,,,0,500000,,,,318,88812854
Egelhof Group,DEU,Fellbach,80,vaccines,crustdata,Motor Vehicle Manufacturing / Since more than 80 years EGELHOF grew into its role as a specialist in the field,6.666666666666667% growth,http://www.egelhof.com,,Tier 3,3,industry=2/3 capability=0/2 size=0/2 trigger=1/2,,6.666666666666667,3.896103896103896,0.0,,,0,,,,,100000000,500000000,1938,,,754,76238139
Four 20 Pharma (Curaleaf),DEU,Paderborn,~80–120,medical_cannabis,research,Vertically integrated: cultivator/extractor/wholesaler,First EU-GMP medical vape; Curaleaf 100% buyout Apr-26,https://www.420pharma.de/en/company ; https://ir.curaleaf.com/2022-09-19-Curaleaf-Completes-Majority-Stake-Acquisition-of-Germanys-Four-20-Pharma,,Tier 3,3,industry=2/3 capability=1/2 size=0/2 trigger=0/2,,15.625,5.714285714285714,34.10801963993453,,,0,,,,,10000000,20000000,2018,acquired,,4097,74845245
Fraunhofer IZI ATMP Contract Manufacturing,DEU,Leipzig,80–120,academic_gmp,research,"CAR-T, AAV, MSC contract dev/mfg",,https://www.izi.fraunhofer.de/,oncology_celltherapy,Tier 3,3,industry=1/3 capability=2/2 size=0/2 trigger=0/2,,,,,,,,,,,,,,,,,,
GAPLAST GmbH,DEU,Saulgrub,80,veterinary_pharma,crustdata,"Packaging and Containers Manufacturing / (German text below)For over 35 years, GAPLAST GmbH has been an owner-managed fam",12.676056338028168% growth,https://www.gaplast.de/en/,,Tier 3,3,industry=2/3 capability=0/2 size=0/2 trigger=1/2,,12.676056338028168,0.0,24.379481522338665,,,0,,,,,50000000,100000000,1969,,,2255,27003709
InflaRx N.V.,DEU,Jena (+ Munich),~80,specialty_orphan,research,"Rare immuno-derm (pyoderma gangrenosum), AAV-renal; anti-C5a vilobelimab (GOHIBIC EUA)",Process dev in Jena; GMP via CMOs,https://www.inflarx.de/,,Tier 3,3,industry=2/3 capability=1/2 size=0/2 trigger=0/2,,-11.29032258064516,-6.779661016949152,23.540349572331724,post_ipo_equity,2026-05-06,437329675,,,,,10000000,20000000,2007,,2017-11-08,3322,40656329
Botnar Institute of Immune Engineering – BIIE,CHE,Basel,79,academic_gmp,crustdata,Research Services / The Botnar Institute of Immune Engineering (BIIE) is a non-profit research organ,192.59259259259258% growth,https://www.immune.engineering/,,Tier 3,3,industry=1/3 capability=1/2 size=0/2 trigger=1/2,,192.59259259259258,9.722222222222223,134.47951012717851,,,0,,,,,500000,1000000,2024,,,4978,104184553
Capsa Camille Piquerez SA,CHE,La Neuveville,79,vaccines,crustdata,Industrial Machinery Manufacturing / THE GIANT OF THE MINIATUREWith 200 employees and a fleet of more than 400 machin,5.333333333333334% growth,https://www.capsa.ch,,Tier 3,3,industry=2/3 capability=0/2 size=0/2 trigger=1/2,,5.333333333333334,1.282051282051282,22.86629769880571,,,0,,,,,20000000,50000000,1951,,,4218,7191845
PLATIT AG,CHE,Selzach,79,vaccines,crustdata,Machinery Manufacturing / PLATIT AG is a Swiss company that manufactures and markets coating equipment for,-5.952380952380952% growth,https://www.platit.com,,Tier 3,3,industry=2/3 capability=0/2 size=0/2 trigger=1/2,,-5.952380952380952,-3.6585365853658534,13.17249029395452,,,0,,,,,10000000,20000000,1993,,,4081,9008824
FRIEDRICH KOCKS GmbH & Co KG,DEU,Hilden,78,vaccines,crustdata,Machinery Manufacturing / We are an independent medium-sized company that makes the world of steel more re,4.0% growth,https://www.kocks.de/en/,,Tier 3,3,industry=2/3 capability=0/2 size=0/2 trigger=1/2,,4.0,0.0,30.181979582778517,,,0,,,,,10000000,20000000,1946,,,2933,68837115
MÄGERLE,CHE,Fehraltorf,78,vaccines,crustdata,Machinery Manufacturing / A member of the UNITED GRINDING GroupKarl Mägerle and his brother Max founded Ge,16.417910447761194% growth,http://www.maegerle.com,,Tier 3,3,industry=2/3 capability=0/2 size=0/2 trigger=1/2,,16.417910447761194,4.0,11.485148514851486,,,0,,,,,10000000,20000000,1929,,,2815,5270166
OpenTAS,DEU,Hamburg,78,vaccines,crustdata,"IT Services and IT Consulting / For over 40 years, we have been a leading provider of digitalized business proce",-3.7037037037037033% growth,https://www.opentas.com,,Tier 3,3,industry=2/3 capability=0/2 size=0/2 trigger=1/2,,-3.7037037037037033,-1.2658227848101267,18.94525652049298,,,0,,,,,0,0,1983,,,4150,105991928
punker GmbH,DEU,Eckernförde,78,vaccines,crustdata,"Machinery Manufacturing / Since 1954, punker has been specializing in the design and manufacture of centri",5.405405405405405% growth,http://www.punker.com,,Tier 3,3,industry=2/3 capability=0/2 size=0/2 trigger=1/2,,5.405405405405405,1.2987012987012987,14.398848092152628,,,0,,,,,20000000,50000000,1954,acquired,,1589,5850514
SANY Europe GmbH,DEU,Bedburg,78,vaccines,crustdata,"Machinery Manufacturing / SANY Europe is a company of SANY Heavy Industry, from Changsha. This is one of t",-8.235294117647058% growth,http://www.sanyeurope.com,,Tier 3,3,industry=2/3 capability=0/2 size=0/2 trigger=1/2,,-8.235294117647058,2.631578947368421,39.181367144432194,,,0,,,,,10000000,20000000,2008,,,20198,3478971
SEMA Machine Tools,AUT,Traunkirchen,78,vaccines,crustdata,"Machinery Manufacturing / SEMA Maschinenbau from Traunkirchen, Austria, has been developing and manufactur",5.405405405405405% growth,http://www.sema-maschinenbau.com,,Tier 3,3,industry=2/3 capability=0/2 size=0/2 trigger=1/2,,5.405405405405405,0.0,32.042661720380245,,,0,,,,,10000000,20000000,1988,,,5695,3736146
Ortner Reinraumtechnik GmbH,AUT,Villach,77,"bioprocess_vendors,veterinary_pharma",crustdata+research,"Machinery Manufacturing / Microorganisms never stand still – viruses, bacteria and spores are constantly c",1.3157894736842104% growth,http://www.ortner-group.com/,,Excluded,3,industry=2/3 capability=0/2 size=0/2 trigger=1/2,direct_competitor,1.3157894736842104,1.3157894736842104,33.57182168409466,,,0,,,,,10000000,20000000,1985,,,2427,10423340
UNIFLEX-Hydraulik GmbH,DEU,Karben,77,vaccines,crustdata,"Machinery Manufacturing / UNIFLIX-Hydraulik GmbH develops, produces and sells machines for the production ",5.47945205479452% growth,http://www.uniflex.de/,,Tier 3,3,industry=2/3 capability=0/2 size=0/2 trigger=1/2,,5.47945205479452,1.3157894736842104,4.816686377808837,,,0,,,,,10000000,20000000,1972,,,9749,10088617
TRAPO,DEU,Gescher,76,vaccines,crustdata,Industrial Automation / TRAPO GmbH is a global partner for automated production and intralogistics. We d,0.0% growth,https://www.trapo.de,,Tier 3,3,industry=2/3 capability=0/2 size=0/2 trigger=1/2,,0.0,0.0,16.339677891654468,,,0,,,,,10000000,20000000,1957,,,3973,8368724
SCHMID GROUP,DEU,Sonnenbühl,75,vaccines,crustdata,Machinery Manufacturing / The internationally active SCHMID GRUPPE is an association of the companies EMIL,10.294117647058822% growth,http://www.schmidgruppe.de,,Tier 3,3,industry=2/3 capability=0/2 size=0/2 trigger=1/2,,10.294117647058822,0.0,61.33560187154402,,,0,,,,,20000000,50000000,1960,,,3793,69825134
German Bionic,DEU,Augsburg,74,vaccines,crustdata,Robotics Engineering / German Bionic is a European robotics firm that develops and manufactures AI-powe,-2.631578947368421% growth,http://www.germanbionic.com/,,Tier 3,3,industry=2/3 capability=0/2 size=0/2 trigger=1/2,,-2.631578947368421,-1.3333333333333335,19.44583751253761,series_a,2023-12-11,64516748,,,,,10000000,20000000,2017,,,9527,18308574
Kaesler Nutrition GmbH,DEU,Cuxhaven,74,veterinary_pharma,crustdata,"Animal Feed Manufacturing / Kaesler Nutrition provides a wide range of safe, high-quality additives for the ",8.823529411764707% growth,https://www.kaesler-nutrition.com/,,Tier 3,3,industry=2/3 capability=0/2 size=0/2 trigger=1/2,,8.823529411764707,8.823529411764707,11.672776384333398,,,0,,,,,10000000,20000000,2014,,,5788,25067324
RISK IDENT,DEU,Hamburg,74,vaccines,crustdata,"Technology, Information and Internet / RISK IDENT is a software development company that offers anti-fraud solutions to",1.36986301369863% growth,http://www.riskident.com,,Tier 3,3,industry=2/3 capability=0/2 size=0/2 trigger=1/2,,1.36986301369863,-1.3333333333333335,11.619718309859154,,,0,,,,,20000000,50000000,2012,,,3804,2965418
"SHW Werkzeugmaschinen GmbH Hersteller von Bearbeitungszentren, Fräsmaschinen, Portalfräsmaschinen",DEU,Aalen,74,vaccines,crustdata,Machinery Manufacturing / SHW Werkzeugmaschinen GmbH is one of the world’s leading manufacturers of travel,10.44776119402985% growth,http://www.shw-wm.de,,Tier 3,3,industry=2/3 capability=0/2 size=0/2 trigger=1/2,,10.44776119402985,-1.3333333333333335,26.441495778045837,,,0,,,,,20000000,50000000,1912,,,10482,3845227
BeamNG GmbH,DEU,Bremen,73,vaccines,crustdata,Software Development / BeamNG GmbH is focused on the continuing development of its state-of-the-art sof,5.797101449275362% growth,https://beamng.gmbh,,Tier 3,3,industry=2/3 capability=0/2 size=0/2 trigger=1/2,,5.797101449275362,4.285714285714286,44.3609022556391,,,0,,,,,10000000,20000000,2013,,,12288,17921033
Dienes Werke,DEU,Overath,73,vaccines,crustdata,"Machinery Manufacturing / Since 1913 DIENES has been market leader in the fields of machine knives, knife ",10.606060606060606% growth,http://dienes.de,,Tier 3,3,industry=2/3 capability=0/2 size=0/2 trigger=1/2,,10.606060606060606,2.8169014084507045,22.409823484267076,,,0,,,,,20000000,50000000,1913,,,4785,7157962
Koch Group,DEU,Leopoldshöhe,73,vaccines,crustdata,Machinery Manufacturing / We are one of the global leading producers of efficient woodworking machinery fo,30.357142857142854% growth,http://www.kochtechnology.de,,Tier 3,3,industry=2/3 capability=0/2 size=0/2 trigger=1/2,,30.357142857142854,4.285714285714286,7.7566380932469166,,,,,,,,10000000,20000000,1958,,,5154,12998074
Berief Food GmbH,DEU,Beckum,72,vaccines,crustdata,Food and Beverage Manufacturing / As a family business with 36 years of experience in the development and producti,-1.36986301369863% growth,https://www.berief-food.de/,,Tier 3,3,industry=2/3 capability=0/2 size=0/2 trigger=1/2,,-1.36986301369863,0.0,25.53062462098241,,,0,,,,,20000000,50000000,1985,,,2070,79690777
BETEK GmbH & Co. KG,DEU,Aichhalden,72,vaccines,crustdata,"Mining / Wherever materials are extracted, quarried and crushed, wherever metal surfaces ",0.0% growth,,,Tier 3,3,industry=2/3 capability=0/2 size=0/2 trigger=1/2,,0.0,-1.36986301369863,35.68627450980392,,,,,,,,20000000,50000000,1981,,,2422,3289805
filu,DEU,Munich,72,veterinary_pharma,crustdata,Veterinary Services / Filu builds technology-enabled veterinary practices for the new generation of pe,28.57142857142857% growth,https://www.filu.vet,,Tier 3,3,industry=2/3 capability=0/2 size=0/2 trigger=1/2,,28.57142857142857,9.090909090909092,28.33408172429277,seed,2023-11-13,7541299,,,,,2500000,5000000,2022,,,2858,81944498
Hunter International GmbH,DEU,Bielefeld,72,"vaccines,veterinary_pharma",crustdata,Wholesale / Our passion lies in crafting uniquely high-quality accessories for dogs and cats,-1.36986301369863% growth,http://www.hunter.de,,Tier 3,3,industry=2/3 capability=0/2 size=0/2 trigger=1/2,,-1.36986301369863,0.0,38.42936802973978,,,,,,,,10000000,20000000,1980,,,2979,7494979
Schaltag AG,CHE,Illnau,72,vaccines,crustdata,"Industrial Machinery Manufacturing / Unique industrial solutions provider since 1961Development, automation and manuf",4.3478260869565215% growth,http://www.schaltag.com,,Tier 3,3,industry=2/3 capability=0/2 size=0/2 trigger=1/2,,4.3478260869565215,2.857142857142857,0.0,,,0,,,,,10000000,20000000,1961,,,1500,3034061
ACSYS Lasertechnik,DEU,Kornwestheim,71,vaccines,crustdata,Machinery Manufacturing / ACSYS is your professional solution provider for industrial laser systems. Wheth,2.898550724637681% growth,https://acsyslaser.com/,,Tier 3,3,industry=2/3 capability=0/2 size=0/2 trigger=1/2,,2.898550724637681,2.898550724637681,41.422834193918526,,,0,,,,,10000000,20000000,2003,,,2465,3690480
Altano Group,DEU,Dülmen,71,veterinary_pharma,crustdata,Veterinary Services / Altano is an international group of leading equine clinics and practices. Togeth,26.785714285714285% growth,https://altano-group.vet/en,,Tier 3,3,industry=2/3 capability=0/2 size=0/2 trigger=1/2,,26.785714285714285,2.898550724637681,0.0,,,0,,,,,500000000,1000000000,2017,,,2795,80318178
imes-icore GmbH,DEU,Eiterfeld,71,vaccines,crustdata,Machinery Manufacturing / imes-icore is a German company founded in 2002. With continuously new innovation,20.33898305084746% growth,http://www.imes-icore.com,,Tier 3,3,industry=2/3 capability=0/2 size=0/2 trigger=1/2,,20.33898305084746,1.4285714285714286,24.443306885078066,,,,,,,,20000000,50000000,2002,,,4862,12427605
SKS Welding Systems GmbH,DEU,Kaiserslautern,71,vaccines,crustdata,"Automation Machinery Manufacturing / For more than 35 years, SKS Welding Systems has been known as a reliable system ",1.4285714285714286% growth,http://www.sks-welding.com,,Tier 3,3,industry=2/3 capability=0/2 size=0/2 trigger=1/2,,1.4285714285714286,0.0,0.0,,,0,,,,,10000000,20000000,1989,,,2528,11788208
TECH5,CHE,Geneva,71,vaccines,crustdata,IT System Operations and Maintenance / TECH5 is an international technology company founded by experts from the biometr,-1.3888888888888888% growth,http://tech5.ai,,Tier 3,3,industry=2/3 capability=0/2 size=0/2 trigger=1/2,,-1.3888888888888888,-1.3888888888888888,28.99716177861873,debt_financing,2026-01-21,20500000,,,,,10000000,20000000,2018,,,5454,11866312
Q-Pharm AG,DEU,Zörbig,~70,sterile_generics,research,"Sterile contract manufacturing (vials, ampoules)",,https://www.q-pharm.de,,Tier 3,3,industry=3/3 capability=0/2 size=0/2 trigger=0/2,,,,,,,,,,,,,,,,,,
FAWEMA GmbH,DEU,Engelskirchen,69,vaccines,crustdata,"Machinery Manufacturing / FAWEMA is a globally recognized brand name for packaging machines, representing ",6.153846153846154% growth,http://www.fawema.com,,Tier 3,3,industry=2/3 capability=0/2 size=0/2 trigger=1/2,,6.153846153846154,0.0,13.418662262592898,,,0,,,,,10000000,20000000,1920,acquired,,2747,6053747
Konzelmann GmbH,DEU,Löchgau,69,vaccines,crustdata,Plastics Manufacturing / We show responsibility - trust us and secure your competitive advantage. Based o,6.153846153846154% growth,https://www.konzelmann.com,,Tier 3,3,industry=2/3 capability=0/2 size=0/2 trigger=1/2,,6.153846153846154,-1.4285714285714286,33.417402269861284,,,0,,,,,20000000,50000000,1960,acquired,,1058,41304426
Vétérinaires Sans Frontières Germany/ Tierärzte ohne Grenzen,DEU,Berlin,69,veterinary_pharma,crustdata,Non-profit Organizations / Healthy Animals - Healthy People - Healthy Environment VSF-Suisse fights hunger ,-6.756756756756757% growth,http://www.vsfg.org,,Tier 3,3,industry=2/3 capability=0/2 size=0/2 trigger=1/2,,-6.756756756756757,1.4705882352941175,20.16741288689897,,,,,,,,20000000,50000000,1991,,,6173,14506148
Hufschmied Zerspanungssysteme GmbH,DEU,Bobingen,68,vaccines,crustdata,Manufacturing / Hufschmied Zerspanungssysteme GmbH has over 30 years of experience in the develo,-4.225352112676056% growth,http://www.hufschmied.net,,Tier 3,3,industry=2/3 capability=0/2 size=0/2 trigger=1/2,,-4.225352112676056,-1.4492753623188406,12.287912319527875,,,0,,,,,10000000,20000000,1991,,,10655,17905698
"Faculty of Veterinary Medicine, Alexandria University",DEU,Germany,67,veterinary_pharma,crustdata,"Higher Education / Faculty of Veterinary Medicine, Alexandria University is a higher education comp",6.349206349206349% growth,http://vetmed.au.alexu.edu.eg,,Tier 3,3,industry=2/3 capability=0/2 size=0/2 trigger=1/2,,6.349206349206349,1.5151515151515151,0.0,,,,,,,,0,0,,,,135,36941138
PRIMES GmbH,DEU,Pfungstadt,67,vaccines,crustdata,Machinery Manufacturing / Competence in Beam DiagnosticsPRIMES develops and produces market leading system,0.0% growth,http://www.primes.de,,Tier 3,3,industry=2/3 capability=0/2 size=0/2 trigger=1/2,,0.0,-1.4705882352941175,23.408924652523773,,,0,,,,,10000000,20000000,1992,,,1687,6112726
BENZ Tooling,DEU,Gengenbach,66,vaccines,crustdata,Machinery Manufacturing / Specialist for CNC Aggregate TechnologyBENZ is a leading manufacturer and provid,0.0% growth,https://www.benztooling.com,,Tier 3,3,industry=2/3 capability=0/2 size=0/2 trigger=1/2,,0.0,1.5384615384615385,0.0,,,0,,,,,20000000,50000000,1946,,,2705,7500114
Institute of Virology and Immunology IVI,CHE,Köniz,66,"vaccines,veterinary_pharma",crustdata,Government Administration / The Institute of Virology and Immunology (IVI) is Switzerland’s reference labora,3.125% growth,https://www.ivi.admin.ch/ivi/de/home.html,,Tier 3,3,industry=2/3 capability=0/2 size=0/2 trigger=1/2,,3.125,1.5384615384615385,43.77967711301044,,,,,,,,0,0,,,,3028,76995208
Kirsch Pharma GmbH,DEU,Salzgitter,66,veterinary_pharma,crustdata,Chemical Raw Materials Manufacturing / Kirsch Pharma has been a supplier of individual products in premium quality for ,15.789473684210526% growth,https://www.kirschpharma.com/,,Tier 3,3,industry=2/3 capability=0/2 size=0/2 trigger=1/2,,15.789473684210526,4.761904761904762,70.79261672095548,,,0,,,,,10000000,20000000,1980,,,1573,83492441
NILES-SIMMONS-HEGENSCHEIDT GROUP,DEU,Chemnitz,66,vaccines,crustdata,Machinery Manufacturing / Quality & Innovation - The NILES-SIMMONS-HEGENSCHEIDT GroupNILES-SIMMONS-HEGENSC,8.19672131147541% growth,https://www.nshgroup.com/,,Tier 3,3,industry=2/3 capability=0/2 size=0/2 trigger=1/2,,8.19672131147541,1.5384615384615385,26.58545324256539,,,0,,,,,500000000,1000000000,2000,,,3533,7416508
MHT Mold & Hotrunner Technology AG,DEU,Hochheim am Main,65,vaccines,crustdata,Machinery Manufacturing / We are specialists for everthing about preforms. As independent tool makers we p,6.557377049180328% growth,http://www.mht-ag.de,,Tier 3,3,industry=2/3 capability=0/2 size=0/2 trigger=1/2,,6.557377049180328,1.5625,32.87635799275737,,,0,,,,,10000000,20000000,1996,acquired,,5137,12793441
Permamed,CHE,Therwil,~65,originator_pharma,research,"Dermatology, rheumatism, vein, sports injuries",Prix SVC Nordschweiz 2025 winner; growth investments,https://permamed.ch/,,Tier 3,3,industry=2/3 capability=0/2 size=0/2 trigger=1/2,,5.263157894736842,-2.4390243902439024,17.543859649122805,,,0,,,,,10000000,20000000,1979,,,871,740160
VetZ GmbH,DEU,Isernhagen Farster Bauerschaft,65,veterinary_pharma,crustdata,"Veterinary Services / Seit Jahren zählen wir zu den führenden Anbietern von Praxismanagementsoftware, ",-1.5151515151515151% growth,https://www.vetz.vet/,,Tier 3,3,industry=2/3 capability=0/2 size=0/2 trigger=1/2,,-1.5151515151515151,0.0,117.73333333333333,,,0,,,,,10000000,20000000,1997,acquired,,3266,1377397
Boom Software,AUT,Austria,64,vaccines,crustdata,"Software Development / Maintenance, a major part of today’s sustainable development of society and a ke",6.666666666666667% growth,https://www.boomsoftware.com/,,Tier 3,3,industry=2/3 capability=0/2 size=0/2 trigger=1/2,,6.666666666666667,1.5873015873015872,19.828641370869033,,,0,,,,,10000000,20000000,1995,,,979,27002190
Lamarr Institute,DEU,Dortmund,64,vaccines,crustdata,"Research / As an international AI center of excellence, the Lamarr Institute for Machine Le",10.344827586206897% growth,https://lamarr-institute.org/,,Tier 3,3,industry=2/3 capability=0/2 size=0/2 trigger=1/2,,10.344827586206897,-4.477611940298507,48.86270211016716,,,0,,,,,10000000,20000000,2018,,,5432,71638592
Spanflug Technologies,DEU,Munich,64,vaccines,crustdata,Machinery Manufacturing / Spanflug Technologies GmbH is a Munich-based technology company and operator of ,28.000000000000004% growth,https://spanflug.de,,Tier 3,3,industry=2/3 capability=0/2 size=0/2 trigger=1/2,,28.000000000000004,1.5873015873015872,22.91154791154791,corporate_round,2021-01-20,0,,,,,2500000,5000000,2018,,,4002,18736993
TWINCORE GmbH,DEU,Hannover,64,academic_gmp,crustdata,"Research Services / In vielen Teilen der Welt konnten Infektionskrankheiten zurückgedrängt werden, b",1.5873015873015872% growth,https://www.twincore.de,,Tier 3,3,industry=1/3 capability=1/2 size=0/2 trigger=1/2,,1.5873015873015872,0.0,45.236051502145926,,,,,,,,0,0,2008,,,1692,80376789
BURKHARDT+WEBER Fertigungssysteme GmbH,DEU,Reutlingen,63,vaccines,crustdata,"Machinery Manufacturing / Flexible machining centres for machining of complex steel, cast and titanium par",8.620689655172415% growth,http://burkhardt-weber.de,,Tier 3,3,industry=2/3 capability=0/2 size=0/2 trigger=1/2,,8.620689655172415,1.6129032258064515,14.247221286628495,,,0,,,,,50000000,100000000,,,,3392,27010263
CONEC Elektronische Bauelemente GmbH,DEU,Lippstadt,63,vaccines,crustdata,"Appliances, Electrical, and Electronics Manufacturing / Die CONEC Elektronische Bauelemente GmbH ist ein leistungsfähiger Hersteller von",8.620689655172415% growth,http://www.conec.com,,Tier 3,3,industry=2/3 capability=0/2 size=0/2 trigger=1/2,,8.620689655172415,3.278688524590164,0.0,,,,,,,,500000000,1000000000,1978,,,1594,3795091
Laubscher Precision AG,CHE,Täuffelen,63,vaccines,crustdata,"Fabricated Metal Products / Laubscher Precision AG, the leading manufacturer for turning parts with highest ",-3.076923076923077% growth,http://www.laubscher.swiss,,Tier 3,3,industry=2/3 capability=0/2 size=0/2 trigger=1/2,,-3.076923076923077,5.0,20.697954271961493,,,0,,,,,20000000,50000000,,,,2006,11100917
Codewerk,DEU,Karlsruhe,62,vaccines,crustdata,Software Development / Codewerk combines state-of-the-art technologies with in-depth industry knowledge,8.771929824561402% growth,https://www.codewerk.de,,Tier 3,3,industry=2/3 capability=0/2 size=0/2 trigger=1/2,,8.771929824561402,3.3333333333333335,34.66757123473541,,,0,,,,,10000000,20000000,2014,,,1985,9333563
DN Solutions Europe,DEU,Dormagen,62,vaccines,crustdata,"Machinery Manufacturing / Since its founding in 1976, DN Solutions has established itself as a leading glo",29.166666666666668% growth,https://www.dn-solutions.com,,Tier 3,3,industry=2/3 capability=0/2 size=0/2 trigger=1/2,,29.166666666666668,5.084745762711865,0.0,,,,,,,,10000000,20000000,1976,,,8939,72103333
EXAMION GmbH Human medicine,DEU,Fellbach,62,veterinary_pharma,crustdata,"Medical Equipment Manufacturing / Based in Germany, EXAMION is a specialised provider of solutions for digital rad",6.896551724137931% growth,https://www.examion.com,,Tier 3,3,industry=2/3 capability=0/2 size=0/2 trigger=1/2,,6.896551724137931,0.0,20.29988465974625,,,,,,,,10000000,20000000,1989,,,1043,12494207
fruitcore robotics,DEU,Constance,62,vaccines,crustdata,"Automation Machinery Manufacturing / With the Industrial Robot Platform, fruitcore robotics offers all the building b",-3.125% growth,https://www.fruitcore-robotics.com/,,Tier 3,3,industry=2/3 capability=0/2 size=0/2 trigger=1/2,,-3.125,0.0,16.95273631840796,series_b,2022-12-14,44306477,,,,,10000000,20000000,2017,,,9403,11687577
SwissFactory.Group AG,CHE,Neuenegg,62,vaccines,crustdata,Industrial Machinery Manufacturing / The SwissFactory.Group is an association of around ten innovative SMEs with comp,-7.462686567164178% growth,https://swissfactory.group,,Tier 3,3,industry=2/3 capability=0/2 size=0/2 trigger=1/2,,-7.462686567164178,0.0,0.0,,,0,,,,,20000000,50000000,2020,,,6618,67999716
"Department of Clinical Research (DCR), University of Bern",CHE,Bern,61,academic_gmp,crustdata,Research Services / The Department of Clinical Research is your first point of contact when it comes,24.489795918367346% growth,https://www.dcr.unibe.ch,,Tier 3,3,industry=1/3 capability=1/2 size=0/2 trigger=1/2,,24.489795918367346,0.0,0.0,,,,,,,,10000000,20000000,2019,,,3940,92482132
Leifeld Metal Spinning,DEU,Ahlen,61,vaccines,crustdata,"Machinery Manufacturing / Leifeld Metal Spinning GmbH develops, produces and distribute tooling machines f",10.909090909090908% growth,https://leifeldms.com,,Tier 3,3,industry=2/3 capability=0/2 size=0/2 trigger=1/2,,10.909090909090908,1.6666666666666667,22.06870799103809,,,0,,,,,100000000,500000000,,,,3269,12284987
TVARIT,DEU,Frankfurt,61,vaccines,crustdata,"Software Development / We are a specialized Deep Tech company based in Frankfurt, Germany, and a provid",22.0% growth,http://www.tvarit.com,,Tier 3,3,industry=2/3 capability=0/2 size=0/2 trigger=1/2,,22.0,3.389830508474576,11.88777006550005,series_a,2023-10-31,15432992,,,,,10000000,20000000,2019,,,11445,13015039
4th-IR,CHE,Lucerne,60,vaccines,crustdata,IT Services and IT Consulting / Fourth-IR was established in 2016 to lead the cognitive revolution with experts ,5.263157894736842% growth,http://4th-ir.com,,Tier 3,3,industry=2/3 capability=0/2 size=0/2 trigger=1/2,,5.263157894736842,-10.44776119402985,91.49054505005562,,,0,,,,,1000000,2500000,2016,,,3443,22344581
EMS-CHEMIE (Business Unit EMS-GRILTECH),CHE,Domat,59,vaccines,crustdata,"Plastics Manufacturing / We manufacture and sell Grilon, Nexylon and Nexylene fibers, Griltex hotmelt adh",-1.6666666666666667% growth,http://www.emsgriltech.com,,Tier 3,3,industry=2/3 capability=0/2 size=0/2 trigger=1/2,,-1.6666666666666667,3.508771929824561,11.316725978647685,,,0,,,,,50000000,100000000,1936,,,1564,5081944
Max Planck Foundation for International Peace and the Rule of Law,DEU,Heidelberg,59,academic_gmp,crustdata,Research Services / The Max Planck Foundation for International Peace and the Rule of Law provides a,-21.333333333333336% growth,https://www.mpfpr.de/,,Tier 3,3,industry=1/3 capability=1/2 size=0/2 trigger=1/2,,-21.333333333333336,0.0,11.720316430316066,,,0,,,,,10000000,20000000,2013,,,30646,18194618
Nuproxa Group,CHE,Étoy,59,veterinary_pharma,crustdata,"Veterinary Services / Nuproxa is a Swiss company founded in 2007, supplying high-quality solutions to ",-3.278688524590164% growth,http://www.nuproxa.ch,,Tier 3,3,industry=2/3 capability=0/2 size=0/2 trigger=1/2,,-3.278688524590164,-3.278688524590164,70.28790786948177,,,0,,,,,2500000,5000000,2007,,,17744,5219444
Symanto,DEU,Nuremberg,59,vaccines,crustdata,"Software Development / Symanto is a pioneer in Human AI technology, specialising in psychology-based ar",-10.606060606060606% growth,http://www.symanto.com,,Tier 3,3,industry=2/3 capability=0/2 size=0/2 trigger=1/2,,-10.606060606060606,1.7241379310344827,19.957264957264957,,,0,,,,,10000000,20000000,2010,,,2807,1220760
Tampoprint GmbH,DEU,Korntal,59,vaccines,crustdata,"Machinery Manufacturing / TAMPOPRINT GmbH, as German medium-sized mechanical engineering company, is an in",-7.8125% growth,http://www.tampoprint.com,,Tier 3,3,industry=2/3 capability=0/2 size=0/2 trigger=1/2,,-7.8125,-1.6666666666666667,0.0,,,0,,,,,10000000,20000000,1956,,,2093,8428084
ADS-TEC Industrial IT,DEU,Nurtingen,58,vaccines,crustdata,Computers and Electronics Manufacturing / We believe that a connected future can succeed when humans and machines interact,-7.936507936507936% growth,https://www.ads-tec-iit.com/,,Tier 3,3,industry=2/3 capability=0/2 size=0/2 trigger=1/2,,-7.936507936507936,-3.3333333333333335,23.30754352030948,,,,,,,,10000000,20000000,1980,,,2550,79768129
Data Reply DE,DEU,Munich,58,vaccines,crustdata,"Information Technology & Services / Data Reply, as part of the Reply Group, offers a wide range of services to help ",-1.694915254237288% growth,https://www.reply.com/data-reply/de/,,Tier 3,3,industry=2/3 capability=0/2 size=0/2 trigger=1/2,,-1.694915254237288,1.7543859649122806,12.389380530973451,,,,,,,,10000000,20000000,,,,2540,10475608
IDEAL-Werk C.+E. Jungeblodt GmbH + Co.KG,DEU,Lippstadt,58,vaccines,crustdata,"Machinery Manufacturing / Since its foundation in 1923, the name IDEAL has stood for continuous innovation",13.725490196078432% growth,http://www.ideal-werk.com,,Tier 3,3,industry=2/3 capability=0/2 size=0/2 trigger=1/2,,13.725490196078432,3.571428571428571,23.599439775910362,,,0,,,,,10000000,20000000,1923,,,1765,12837490
LAYERTEC,DEU,Frankendorf,58,vaccines,crustdata,Nanotechnology Research / LAYERTEC is your reliable partner for high-quality optical components and custom,-1.694915254237288% growth,https://www.layertec.de/,,Tier 3,3,industry=2/3 capability=0/2 size=0/2 trigger=1/2,,-1.694915254237288,0.0,44.58281444582815,,,0,,,,,20000000,50000000,1990,,,1161,12534261
MAE. Group,DEU,Erkrath,58,vaccines,crustdata,"Machinery Manufacturing / With machine solutions for manual straightening, automatic straightening, and pr",1.7543859649122806% growth,https://mae-group.com/,,Tier 3,3,industry=2/3 capability=0/2 size=0/2 trigger=1/2,,1.7543859649122806,0.0,19.419237749546276,,,0,,,,,10000000,20000000,1931,,,1316,36844675
Pulsar Photonics GmbH,DEU,Aachen,58,vaccines,crustdata,Machinery Manufacturing / Pulsar Photonics - a schunk company The high-technology company Pulsar Photonics,1.7543859649122806% growth,https://www.pulsar-photonics.de,,Tier 3,3,industry=2/3 capability=0/2 size=0/2 trigger=1/2,,1.7543859649122806,-1.694915254237288,30.047694753577108,seed,2016-03-03,0,,,,,10000000,20000000,2013,,,4908,9276447
TVI Entwicklung und Produktion GmbH,DEU,Bruckmühl,58,vaccines,crustdata,"Machinery Manufacturing / TVI - A strong brand. From the very beginning.Whether it is steaks, cutlets, rou",0.0% growth,https://tvi-gmbh.de/en/we-are-tvi/,,Tier 3,3,industry=2/3 capability=0/2 size=0/2 trigger=1/2,,0.0,1.7543859649122806,19.171974522292995,,,0,,,,,10000000,20000000,2004,,,3742,27223200
Baobab,DEU,Berlin,57,vaccines,crustdata,Insurance / Baobab Insurance protects small and medium businesses from cyber attacks through,58.333333333333336% growth,http://www.baobab.io,,Tier 3,3,industry=2/3 capability=0/2 size=0/2 trigger=1/2,,58.333333333333336,5.555555555555555,63.24091778202677,seed,2023-01-30,23092572,,,,,2500000,5000000,2021,,,3415,76254042
Daetwyler Graphics,CHE,Oftringen,57,vaccines,crustdata,"Mechanical Or Industrial Engineering / Since 1965, the name Daetwyler has stood for innovative process solutions and si",0.0% growth,http://www.daetwyler-graphics.ch,,Tier 3,3,industry=2/3 capability=0/2 size=0/2 trigger=1/2,,0.0,1.7857142857142856,16.955684007707127,,,0,,,,,10000000,20000000,1965,,,1214,7097192
SmartStep Consulting GmbH,DEU,Hamburg,57,vaccines,crustdata,"Business Consulting and Services / With over 15 years of proven expertise in Market Access, SmartStep provides high",0.0% growth,https://www.smartstep-consulting.de/en,,Tier 3,3,industry=2/3 capability=0/2 size=0/2 trigger=1/2,,0.0,0.0,47.90486976217441,,,0,,,,,2500000,5000000,2010,,,1306,2176416
Terra One,DEU,Berlin,57,vaccines,crustdata,"Services for Renewable Energy / At Terra One, we are pioneers in driving Europe's transition to climate neutrali",32.55813953488372% growth,https://www.terra.one,,Tier 3,3,industry=2/3 capability=0/2 size=0/2 trigger=1/2,,32.55813953488372,0.0,91.79054054054055,debt_financing,2025-09-17,184876585,,,,,2500000,5000000,2023,,,5677,86630574
Carl Zeiss MES Solutions GmbH,DEU,Ulm,56,vaccines,crustdata,"Software Development / Whether building components for ""oneworld"" or ""Quality is Job 1"", GUARDUS MES is",-1.7543859649122806% growth,http://www.guardus-solutions.de,,Tier 3,3,industry=2/3 capability=0/2 size=0/2 trigger=1/2,,-1.7543859649122806,-1.7543859649122806,21.001926782273603,,,,,,,,2500000,5000000,1987,,,628,223971
Frequenz,DEU,Berlin,56,vaccines,crustdata,"Renewable Energy Semiconductor Manufacturing / Frequenz' autonomous mind platform revolutionizes the way the world manages, sto",-11.11111111111111% growth,https://www.frequenz.com,,Tier 3,3,industry=2/3 capability=0/2 size=0/2 trigger=1/2,,-11.11111111111111,0.0,23.24503311258278,series_a,2022-09-19,23530923,,,,,2500000,5000000,2019,,,1861,51632786
Seal Maker,AUT,Pöttelsdorf,56,vaccines,crustdata,Machinery Manufacturing / Seal Maker is a global manufacturer of high-quality plastic and elastomer semi-f,0.0% growth,http://www.seal-maker.com,,Tier 3,3,industry=2/3 capability=0/2 size=0/2 trigger=1/2,,0.0,1.8181818181818181,0.0,,,0,,,,,10000000,20000000,1997,,,2334,18858817
Chromasens GmbH,DEU,Constance,55,vaccines,crustdata,Automation Machinery Manufacturing / Chromasens - The line scan experts.Chromasens is a global leader in high-perform,1.8518518518518516% growth,http://www.chromasens.de,,Tier 3,3,industry=2/3 capability=0/2 size=0/2 trigger=1/2,,1.8518518518518516,1.8518518518518516,21.987951807228914,,,0,,,,,10000000,20000000,2004,,,2430,7087709
FMD - Forschungsfabrik Mikroelektronik Deutschland,DEU,Berlin,55,academic_gmp,crustdata,Research Services / The Research Fab Microelectronics Germany (Forschungsfabrik Mikroelektronik Deut,22.22222222222222% growth,https://www.forschungsfabrik-mikroelektronik.de/,,Tier 3,3,industry=1/3 capability=1/2 size=0/2 trigger=1/2,,22.22222222222222,3.7735849056603774,27.502812148481443,,,0,,,,,500000000,1000000000,2017,,,6801,14022030
FS animal health,DEU,Wiehl,55,veterinary_pharma,crustdata,"Wholesale / FS Animal Health - We enable horses to live healthier, longer lives.Our portfoli",5.769230769230769% growth,http://www.fsah.com,,Tier 3,3,industry=2/3 capability=0/2 size=0/2 trigger=1/2,,5.769230769230769,5.769230769230769,46.50499286733238,,,0,,,,,2500000,5000000,1975,,,2054,10265574
InnoNature,DEU,Hamburg,55,veterinary_pharma,crustdata,Wellness and Fitness Services / Natural - Holistic - Pure 🌱✨InnoNature was launched in 2016 by our founding coup,-8.333333333333332% growth,http://innonature.eu,,Tier 3,3,industry=2/3 capability=0/2 size=0/2 trigger=1/2,,-8.333333333333332,-1.7857142857142856,37.07386363636363,,,0,,,,,10000000,20000000,2016,,,2895,37441228
Institute of Textile Machinery and High Performance Material Technology (ITM) at TU Dresden,DEU,Dresden,55,vaccines,crustdata,Research Services / The Institute of Textile Machinery and High Performance Material Technology (ITM,-15.384615384615385% growth,https://tu-dresden.de/ing/maschinenwesen/itm,,Tier 3,3,industry=2/3 capability=0/2 size=0/2 trigger=1/2,,-15.384615384615385,-1.7857142857142856,0.0,,,,,,,,20000000,50000000,1925,,,2727,67283894
Stölzle Lausitz,DEU,Weisswasser,55,vaccines,crustdata,"Glass Product Manufacturing / We are a German glassware brand, which can trace our roots back more than 130 ye",27.906976744186046% growth,http://www.stoelzle-lausitz.com,,Tier 3,3,industry=2/3 capability=0/2 size=0/2 trigger=1/2,,27.906976744186046,0.0,22.513321492007105,,,0,,,,,100000000,500000000,,,,2759,8519665
Dr. Eckel Animal Nutrition GmbH & Co. KG,DEU,Brenk,54,veterinary_pharma,crustdata,Farming / Dr. Eckel Animal Nutrition is all about innovative feed additives made in German,0.0% growth,http://www.dr-eckel.com,,Tier 3,3,industry=2/3 capability=0/2 size=0/2 trigger=1/2,,0.0,-6.896551724137931,15.708587517597373,,,0,,,,,10000000,20000000,1994,,,9863,1141598
INVENT GmbH,DEU,Brunswick,54,vaccines,crustdata,Aviation and Aerospace Component Manufacturing / Shaping a sustainable future will call for hi-tech fibre composite products whic,-1.8181818181818181% growth,http://www.invent-gmbh.de,adc,Tier 3,3,industry=2/3 capability=0/2 size=0/2 trigger=1/2,,-1.8181818181818181,0.0,47.080979284369114,,,0,,,,,10000000,20000000,1996,,,2343,10838479
TriLite Technologies,AUT,Vienna,54,vaccines,crustdata,Computers and Electronics Manufacturing / TriLite designs and builds the world’s smallest projection displays and ensures ,10.204081632653061% growth,http://www.trilite-tech.com,,Tier 3,3,industry=2/3 capability=0/2 size=0/2 trigger=1/2,,10.204081632653061,0.0,27.618069815195074,series_a,2024-09-11,31325840,,,,,2500000,5000000,2011,,,3729,9251210
Vogelsang Service Group,DEU,Bochum,54,vaccines,crustdata,"Machinery Manufacturing / WE KNOW WHAT YOU ARE TALKING ABOUTFor decades, maintenance, inspection and repai",5.88235294117647% growth,https://www.vogelsang.com,,Tier 3,3,industry=2/3 capability=0/2 size=0/2 trigger=1/2,,5.88235294117647,1.8867924528301887,0.0,,,0,,,,,20000000,50000000,1918,,,5949,11791105
ROTHENBERGER Group,DEU,Kelkheim,53,vaccines,crustdata,Machinery Manufacturing / The ROTHENBERGER Group unites leading developers and manufacturers of pipe tools,10.416666666666668% growth,https://rothenberger.com/de-de/rothenberger-gruppe,,Tier 3,3,industry=2/3 capability=0/2 size=0/2 trigger=1/2,,10.416666666666668,0.0,0.0,,,,,,,,500000000,1000000000,1949,,,1738,69007855
sileno,CHE,Beringen,53,vaccines,crustdata,Automation Machinery Manufacturing / We are the specialists which convert the result of the complex connection betwee,12.76595744680851% growth,https://www.sileno.com,,Tier 3,3,industry=2/3 capability=0/2 size=0/2 trigger=1/2,,12.76595744680851,0.0,42.35294117647059,,,0,,,,,2500000,5000000,1997,,,605,10977817
BIG DAISHOWA-Europe,CHE,Rümlang,52,vaccines,crustdata,"Machinery Manufacturing / BIG DAISHOWA Europe is part of the BIG DAISHOWA Group. Headquartered in Osaka, J",0.0% growth,https://www.bigdaishowa.eu,,Tier 3,3,industry=2/3 capability=0/2 size=0/2 trigger=1/2,,0.0,0.0,16.25841709768713,,,,,,,,10000000,20000000,,,,11913,1210888
Institute of Machine Tools and Production Technology (IWF),DEU,Brunswick,52,vaccines,crustdata,Education / We are the Institute of Machine Tools and Production Technology (Institut für We,0.0% growth,https://www.tu-braunschweig.de/en/iwf,,Tier 3,3,industry=2/3 capability=0/2 size=0/2 trigger=1/2,,0.0,0.0,0.0,,,,,,,,10000000,20000000,,,,1654,74877660
ventopay gmbh,AUT,Hagenberg im Mühlkreis,52,vaccines,crustdata,"Software Development / As a leading manufacturer of complete digital solutions, ventopay inspires guest",8.333333333333332% growth,https://www.ventopay.com,,Tier 3,3,industry=2/3 capability=0/2 size=0/2 trigger=1/2,,8.333333333333332,4.0,24.137931034482758,,,0,,,,,10000000,20000000,2012,,,1512,6283337
RWTH Institute for Technology and Innovation Management (TIM),DEU,Aachen,51,vaccines,crustdata,Research Services / The Institute for Technology and Innovation Management at RWTH Aachen University,8.51063829787234% growth,http://time.rwth-aachen.de/tim,,Tier 3,3,industry=2/3 capability=0/2 size=0/2 trigger=1/2,,8.51063829787234,-1.9230769230769231,0.0,,,,,,,,10000000,20000000,1990,,,3742,18107777
Söhner Kunststofftechnik GmbH,DEU,Schwaigern,51,vaccines,crustdata,Packaging & Containers / Söhner Kunststofftechnik is the specialist for plastic deep-drawing technology. ,6.25% growth,https://www.soehner.de,,Tier 3,3,industry=2/3 capability=0/2 size=0/2 trigger=1/2,,6.25,4.081632653061225,18.53720050441362,,,0,,,,,20000000,50000000,1968,,,940,1220684
Avextra Pharma,DEU,Bensheim (Hesse),~50–80,medical_cannabis,research,Extractor + API/dronabinol manufacturer,"10 000 m² EU-GMP plant; expanded exports CH, AT, IT, UK 2023–25",https://avextra.com/en/ueber-avextra/ ; https://drug-dev.com/avextra-signs-distribution-agreements-with-pharmaceutical-partners…,,Tier 3,3,industry=2/3 capability=1/2 size=0/2 trigger=0/2,,-25.423728813559322,-2.2222222222222223,24.036173250832938,grant,2024-12-12,46347718,,,,,10000000,20000000,2019,,,2606,67549612
consider it GmbH,DEU,Hamburg,50,vaccines,crustdata,Business Consulting and Services / consider it GmbH was founded in 2010 as a technology and service company with tw,6.382978723404255% growth,https://www.consider-it.de/,,Tier 3,3,industry=2/3 capability=0/2 size=0/2 trigger=1/2,,6.382978723404255,0.0,26.33121641426478,,,0,,,,,10000000,20000000,2010,,,2586,15789002
"C³ Cannabinoid Compound Co. (Canopy Growth, ex-Bionorica)",DEU,Frankfurt + Neumarkt,~50–80,medical_cannabis,research,Extractor + synthetic cannabinoid API (THC/CBD),Two GMP plants: natural extraction + synthetic dronabinol/CBD APIs,https://www.canopygrowth.com/investors/news-releases/canopy-growth-acquires-germanys-c3-cannabinoid-compound-company/,,Tier 3,3,industry=2/3 capability=1/2 size=0/2 trigger=0/2,,14.285714285714285,0.0,0.0,,,,,,,,1000000,2500000,,,,621,11503236
DALOG Diagnosesysteme GmbH,DEU,Neuses,50,vaccines,crustdata,Mechanical Or Industrial Engineering / DALOG Diagnosesysteme GmbH provides online condition monitoring solutions for pr,11.11111111111111% growth,http://www.dalog.net,,Tier 3,3,industry=2/3 capability=0/2 size=0/2 trigger=1/2,,11.11111111111111,2.0408163265306123,43.44323716747846,,,0,,,,,2500000,5000000,1998,,,7657,10334676
Department Artificial Intelligence in Biomedical Engineering - AIBE@FAU,DEU,Erlangen,50,vaccines,crustdata,Research Services / The Department Artificial Intelligence in Biomedical Engineering (AIBE) was esta,11.11111111111111% growth,http://www.aibe.tf.fau.de,,Tier 3,3,industry=2/3 capability=0/2 size=0/2 trigger=1/2,,11.11111111111111,-1.9607843137254901,0.0,,,,,,,,10000000,20000000,2020,,,1534,79724807
Endoca BV / DE ops,DEU,Berlin (logistics),~50,medical_cannabis,research,"Formulation (CBD oils, suppositories, GMP extracts)",,https://www.endoca.com,,Tier 3,3,industry=2/3 capability=1/2 size=0/2 trigger=0/2,,0.0,0.0,2.161808057648215,,,0,,,,,10000000,20000000,2013,,,3119,10801228
EVYTRA GmbH,DEU,Villingen,50,vaccines,crustdata,"Appliances, Electrical, and Electronics Manufacturing / EVYTRA is your reliable partner for human-machine interfaces (HMIs) & printed ci",2.0408163265306123% growth,http://www.evytra.com,,Tier 3,3,industry=2/3 capability=0/2 size=0/2 trigger=1/2,,2.0408163265306123,2.0408163265306123,29.832402234636874,,,0,,,,,10000000,20000000,1969,,,1162,3226461
SABO Mobile IT GmbH,DEU,Bühl,50,vaccines,crustdata,IT Services and IT Consulting / SABO Mobile IT GmbH stands for over 25 years of experience in leading competent ,19.047619047619047% growth,http://www.saboit.de,,Tier 3,3,industry=2/3 capability=0/2 size=0/2 trigger=1/2,,19.047619047619047,2.0408163265306123,36.91860465116279,,,0,,,,,2500000,5000000,2001,,,1884,3233969
Diction AG,CHE,Buchs (SG),49,vaccines,crustdata,Translation and Localization / Diction is a leading provider of multilingual content services. We combine AI‐dr,-14.035087719298245% growth,http://www.diction.ch,,Tier 3,3,industry=2/3 capability=0/2 size=0/2 trigger=1/2,,-14.035087719298245,-3.9215686274509802,0.0,,,0,,,,,10000000,20000000,2004,,,1978,6905467
IPR Intelligente Peripherien für Roboter GmbH,DEU,Eppingen,49,vaccines,crustdata,"Automation Machinery Manufacturing / We develop, manufacture and sell automation components for assembly and handling",16.666666666666664% growth,https://www.iprworldwide.com,,Tier 3,3,industry=2/3 capability=0/2 size=0/2 trigger=1/2,,16.666666666666664,2.083333333333333,24.304267161410017,,,,,,,,10000000,20000000,1989,,,2010,18824253
Kemiex,CHE,Zurich,49,veterinary_pharma,crustdata,"Information Services / Kemiex, founded in Zurich in 2017, is an all-in-one market information, purchasi",8.88888888888889% growth,https://www.kemiex.com,,Tier 3,3,industry=2/3 capability=0/2 size=0/2 trigger=1/2,,8.88888888888889,6.521739130434782,13.634474158237495,series_unknown,2023-02-24,0,,,,,2500000,5000000,2017,,,8201,11273492
SAUTER Feinmechanik GmbH – the leading manufacturer of tool turrets and equipping of machine tools,DEU,Metzingen,49,vaccines,crustdata,Machinery Manufacturing / SAUTER FEINMECHANIK ist der international führende Hersteller von Werkzeugrevolv,-9.25925925925926% growth,https://www.sauter-feinmechanik.com,,Tier 3,3,industry=2/3 capability=0/2 size=0/2 trigger=1/2,,-9.25925925925926,0.0,19.62524654832347,,,0,,,,,20000000,50000000,1946,,,1213,8769216
anvajo,DEU,Dresden,48,veterinary_pharma,crustdata,"Medical Equipment Manufacturing / Anvajo GmbH, a spin-off diagnostic company from Dresden University of Technology",-17.24137931034483% growth,https://anvajo.com/,,Tier 3,3,industry=2/3 capability=0/2 size=0/2 trigger=1/2,,-17.24137931034483,0.0,14.704614057783527,series_a,2022-10-19,17285207,,,,,10000000,20000000,2016,,,2660,10413909
Bilz Werkzeugfabrik GmbH & Co. KG,DEU,Ruit,48,vaccines,crustdata,Machinery Manufacturing / BILZ WERKZEUGFABRIK GmbH & Co. KGBilz tool clamping systems are used worldwide i,-5.88235294117647% growth,https://www.bilz.com/,,Tier 3,3,industry=2/3 capability=0/2 size=0/2 trigger=1/2,,-5.88235294117647,2.127659574468085,22.283813747228383,,,0,,,,,20000000,50000000,1919,,,5515,5976265
FASTEC GmbH,DEU,Paderborn,48,vaccines,crustdata,"Information Technology & Services / FASTEC GmbH, based in Paderborn, employs more than 90 people. The leading provid",4.3478260869565215% growth,https://www.fastec.de/,,Tier 3,3,industry=2/3 capability=0/2 size=0/2 trigger=1/2,,4.3478260869565215,4.3478260869565215,11.913357400722022,,,0,,,,,10000000,20000000,1995,,,1240,6962992
Granzer Regulatory Consulting & Services GmbH,DEU,Munich,48,vaccines,crustdata,Business Consulting and Services / Granzer Regulatory Consulting & Services offers support in all phases of drug an,9.090909090909092% growth,http://www.granzer.biz,,Tier 3,3,industry=2/3 capability=0/2 size=0/2 trigger=1/2,,9.090909090909092,6.666666666666667,40.71550255536627,,,,,,,,2500000,5000000,2002,,,826,805722
PetCom Tierernährung GmbH & Co. KG,DEU,Minden,48,veterinary_pharma,crustdata,Food and Beverage Manufacturing / Die PetCom ist ein leistungsstarker Produzent von Heimtierfutter im Private-Labe,2.127659574468085% growth,http://petcom.de,,Tier 3,3,industry=2/3 capability=0/2 size=0/2 trigger=1/2,,2.127659574468085,2.127659574468085,24.010554089709764,,,0,,,,,10000000,20000000,2006,,,470,7302470
A.R.C. Laser GmbH,DEU,Nuremberg,47,veterinary_pharma,crustdata,"Medical Device / Founded in 1996, A.R.C. Laser GmbH is a family-owned business committed to advan",27.027027027027028% growth,https://www.arclaser.de,,Tier 3,3,industry=2/3 capability=0/2 size=0/2 trigger=1/2,,27.027027027027028,2.1739130434782608,125.8937198067633,,,0,,,,,10000000,20000000,1996,,,2338,5711820
Camozzi Automation GmbH,DEU,Albershausen,47,vaccines,crustdata,Automation Machinery Manufacturing / We - Camozzi Automation GmbH - are the German subsidiary of the internationally ,9.30232558139535% growth,https://de.automation.camozzi.com/,,Tier 3,3,industry=2/3 capability=0/2 size=0/2 trigger=1/2,,9.30232558139535,-2.083333333333333,0.0,,,,,,,,10000000,20000000,1980,,,2636,9010434
LNS GROUP - LNS MANAGEMENT,CHE,Orvin,47,vaccines,crustdata,Machinery Manufacturing / LNS brings over 45 years of proven experience to its role as your One-Stop-Shop ,6.8181818181818175% growth,http://www.lns-group.com/,,Tier 3,3,industry=2/3 capability=0/2 size=0/2 trigger=1/2,,6.8181818181818175,0.0,12.049861495844876,,,0,,,,,100000000,500000000,1973,acquired,,809,10653690
Sarix SA,CHE,Sant'Antonino,47,vaccines,crustdata,Machinery Manufacturing / At SARIX SA our mission is to deliver machining solutions for high precision and,0.0% growth,,,Tier 3,3,industry=2/3 capability=0/2 size=0/2 trigger=1/2,,0.0,0.0,63.61940298507462,,,,,,,,10000000,20000000,1993,,,877,89612331
CNC24,DEU,Berlin,46,vaccines,crustdata,Machinery Manufacturing / CNC24 is your partner for all metal and plastic components. Your advantages at a,-6.122448979591836% growth,https://www.cnc24.com?utm_source=linkedin&utm_medium=social&utm_campaign=linkedin-profil,,Tier 3,3,industry=2/3 capability=0/2 size=0/2 trigger=1/2,,-6.122448979591836,0.0,0.0,series_a,2022-08-04,8454567,,,,,2500000,5000000,2019,,,1949,11827857
Erwin Halder KG,DEU,Achstetten,46,vaccines,crustdata,"Mechanical Or Industrial Engineering / Our hearts beat for the little things – things often unseen, but always indispen",6.976744186046512% growth,https://www.halder.de,,Tier 3,3,industry=2/3 capability=0/2 size=0/2 trigger=1/2,,6.976744186046512,0.0,23.506493506493506,,,,,,,,20000000,50000000,1938,,,1902,18604628
Marry Jane AG,CHE,Breitenbach,46,medical_cannabis,crustdata,Alternative Medicine / Marry Jane is one of the first and leading players in the emerging European cann,27.77777777777778% growth,https://marryjane.com,,Tier 3,3,industry=2/3 capability=0/2 size=0/2 trigger=1/2,,27.77777777777778,-2.127659574468085,14.231136580706782,,,0,,,,,10000000,20000000,2017,acquired,,2392,50313809
Sinto AGTOS GmbH,DEU,Emsdetten,46,vaccines,crustdata,Machinery Manufacturing / AGTOS was founded in 2001 à Emsdetten by experienced specialists from the shot b,12.195121951219512% growth,http://www.agtos.de,,Tier 3,3,industry=2/3 capability=0/2 size=0/2 trigger=1/2,,12.195121951219512,9.523809523809524,28.771155261221487,,,0,,,,,10000000,20000000,2001,,,3500,12261688
VDW (German Machine Tool Builders' Association),DEU,Frankfurt,46,vaccines,crustdata,"Machinery Manufacturing / The VDW, headquartered in Frankfurt am Main, Germany, speaks for the German mach",2.2222222222222223% growth,http://www.vdw.de,,Tier 3,3,industry=2/3 capability=0/2 size=0/2 trigger=1/2,,2.2222222222222223,2.2222222222222223,12.05523101433882,,,0,,,,,2500000,5000000,,,,6330,2047563
CVUA Freiburg,DEU,Freiburg,45,veterinary_pharma,crustdata,Government Administration / Beim CVUA Freiburg sind über 200 Mitarbeiter und Mitarbeiterinnen beschäftigt.,0.0% growth,www.cvua-freiburg.de,,Tier 3,3,industry=2/3 capability=0/2 size=0/2 trigger=1/2,,0.0,0.0,0.0,,,,,,,,0,0,,,,215,86890012
EW Group GmbH,DEU,Visbek,45,veterinary_pharma,crustdata, / EW Group is a global family owned holding with subsidaries and participations in,12.5% growth,http://www.ew-group.de,,Tier 3,3,industry=2/3 capability=0/2 size=0/2 trigger=1/2,,12.5,0.0,64.32062561094818,,,0,,,,,0,0,1999,,,3362,6998975
POG Precision Optics Gera,DEU,Schmölln,45,vaccines,crustdata,"Appliances, Electrical, and Electronics Manufacturing / We as POG are specialized in the production of customized optics and accompany y",15.384615384615385% growth,http://www.pog.eu,,Tier 3,3,industry=2/3 capability=0/2 size=0/2 trigger=1/2,,15.384615384615385,0.0,23.281452658884564,,,0,,,,,20000000,50000000,1991,,,1901,1988881
Spectra GmbH & Co. KG,DEU,Reutlingen,45,vaccines,crustdata,Computer Hardware Manufacturing / Spectra is an owner-managed company in the field of industrial PC and automation,12.5% growth,https://www.spectra.de,,Tier 3,3,industry=2/3 capability=0/2 size=0/2 trigger=1/2,,12.5,2.272727272727273,26.880222841225628,,,0,,,,,10000000,20000000,1982,,,911,401374
E. DOLD & Söhne GmbH & Co. KG,DEU,Furtwangen,44,vaccines,crustdata,"Appliances, Electrical, and Electronics Manufacturing / E. Dold & Söhne GmbH & Co. KG - Solutions for safe automationDOLD is an internat",4.761904761904762% growth,https://www.dold.com,,Tier 3,3,industry=2/3 capability=0/2 size=0/2 trigger=1/2,,4.761904761904762,-2.2222222222222223,15.454545454545453,,,0,,,,,20000000,50000000,1928,,,1143,8666881
Hugo Beck Maschinenbau GmbH & Co. KG,DEU,Dettingen an der Erms,44,vaccines,crustdata,"Packaging and Containers Manufacturing / Founded in Dettingen/Erms near Stuttgart in 1955, Hugo Beck is a world leading s",4.761904761904762% growth,https://www.hugobeck.com,,Tier 3,3,industry=2/3 capability=0/2 size=0/2 trigger=1/2,,4.761904761904762,4.761904761904762,19.62663975782038,,,0,,,,,10000000,20000000,1955,,,2371,18016600
KERN LIEBERS SMART TEXTILE ELEMENTS,DEU,Schramberg,44,vaccines,crustdata,"Mechanical Or Industrial Engineering / Under the umbrella brand KERN LIEBERS SMART TEXTILE ELEMENTS, you will find a co",10.0% growth,http://www.kern-liebers-textile.com,,Tier 3,3,industry=2/3 capability=0/2 size=0/2 trigger=1/2,,10.0,2.3255813953488373,18.26086956521739,,,0,,,,,100000000,500000000,1947,,,544,78757980
Strautmann Umwelttechnik GmbH,DEU,Glandorf,44,vaccines,crustdata,Machinery Manufacturing / Since 1994 Strautmann has developed and produced exceptional innovations in the ,18.91891891891892% growth,http://www.strautmann-umwelt.com,,Tier 3,3,industry=2/3 capability=0/2 size=0/2 trigger=1/2,,18.91891891891892,0.0,0.0,,,0,,,,,10000000,20000000,1994,,,1990,10603703
WATERROWER | NOHRD,DEU,Germany,44,vaccines,crustdata,Sporting Goods Manufacturing / Innovative exercise equipment made of wood.WaterRower Ltd. has been in Germany s,12.82051282051282% growth,https://www.nohrd.com,,Tier 3,3,industry=2/3 capability=0/2 size=0/2 trigger=1/2,,12.82051282051282,2.3255813953488373,45.478489903424055,,,,,,,,10000000,20000000,1994,,,1657,18064320
A+F Automation + Fördertechnik GmbH,DEU,Kirchlengern,43,vaccines,crustdata,"Machinery Manufacturing / A+F was founded in 1974 and, as a leading supplier of end-of-line packaging mach",-2.272727272727273% growth,http://www.af-gmbh.de,,Tier 3,3,industry=2/3 capability=0/2 size=0/2 trigger=1/2,,-2.272727272727273,-2.272727272727273,8.333333333333332,,,0,,,,,10000000,20000000,1974,,,1404,10596018
ARCOLOR AG,CHE,Waldstatt,43,vaccines,crustdata,Chemical Manufacturing / Water-based printing inks for the highest standards.ARCOLOR develops innovative ,-6.521739130434782% growth,http://www.arcolor.ch,,Tier 3,3,industry=2/3 capability=0/2 size=0/2 trigger=1/2,,-6.521739130434782,2.380952380952381,25.587467362924283,,,0,,,,,10000000,20000000,1996,,,962,9151256
FactoryPal,DEU,Berlin,43,vaccines,crustdata,IT Services and IT Consulting / FactoryPal revolutionizes manufacturing to improve shopfloor performance by syne,-10.416666666666668% growth,https://www.factorypal.com,,Tier 3,3,industry=2/3 capability=0/2 size=0/2 trigger=1/2,,-10.416666666666668,0.0,5.860612460401267,,,0,,,,,10000000,20000000,2020,acquired,,6015,68529169
LANG Technik GmbH,DEU,Holzmaden,43,vaccines,crustdata,"Machinery Manufacturing / LANG Technik, a family-owned company from Stuttgart/ Germany, is regarded as one",2.380952380952381% growth,http://www.lang-technik.de,,Tier 3,3,industry=2/3 capability=0/2 size=0/2 trigger=1/2,,2.380952380952381,2.380952380952381,22.997127353973827,,,0,,,,,10000000,20000000,1982,,,15414,18176434
Schröder Group,DEU,Wessobrunn,43,vaccines,crustdata,Machinery Manufacturing / Die Schröder Group besteht aus der Hans Schröder Maschinenbau GmbH mit Sitz in W,22.857142857142858% growth,http://www.schroedergroup.eu,,Tier 3,3,industry=2/3 capability=0/2 size=0/2 trigger=1/2,,22.857142857142858,-2.272727272727273,36.58536585365854,,,0,,,,,20000000,50000000,1949,,,1456,12358050
Candera,AUT,Linz,42,vaccines,crustdata,Software Development / Candera was founded with one clear goal: transforming technology interactions th,7.6923076923076925% growth,http://www.cgistudio.at,,Tier 3,3,industry=2/3 capability=0/2 size=0/2 trigger=1/2,,7.6923076923076925,2.4390243902439024,15.909090909090908,,,0,,,,,2500000,5000000,2000,,,2244,18079345
GETT.GERMANY,DEU,Treuen,42,vaccines,crustdata,"Computer Hardware Manufacturing / Intelligent Operating Solutions – ""Made in Germany""GETT.GERMANY is part of the G",-4.545454545454546% growth,http://www.gett-group.com,,Tier 3,3,industry=2/3 capability=0/2 size=0/2 trigger=1/2,,-4.545454545454546,2.4390243902439024,0.0,,,0,,,,,10000000,20000000,1996,,,2165,9442551
HighTec EDV-Systeme GmbH,DEU,Saarbrücken,42,vaccines,crustdata,Embedded Software Products / HighTec EDV-Systeme is the world’s largest commercial provider of compilers usin,13.513513513513514% growth,https://hightec-rt.com/,,Tier 3,3,industry=2/3 capability=0/2 size=0/2 trigger=1/2,,13.513513513513514,2.4390243902439024,40.25604551920342,,,0,,,,,10000000,20000000,1982,,,986,33229333
Speedmaster GmbH,AUT,Eberstallzell,42,vaccines,crustdata,"Furniture / Today, Speedmaster is a state-of-the-art producer of furniture parts. We supply ",0.0% growth,https://www.speedmaster.at,,Tier 3,3,industry=2/3 capability=0/2 size=0/2 trigger=1/2,,0.0,2.4390243902439024,12.217194570135746,,,,,,,,20000000,50000000,2001,,,744,43293560
"Test & Measurement Systems, Kleinknecht",DEU,Siegen,42,vaccines,crustdata,"Machinery Manufacturing / Creating InnovationsKleinknecht is a general supplier for testing technology, ma",-4.545454545454546% growth,http://www.kleinknecht.de,,Tier 3,3,industry=2/3 capability=0/2 size=0/2 trigger=1/2,,-4.545454545454546,-2.3255813953488373,0.0,,,0,,,,,10000000,20000000,1948,,,896,37755716
Andersen Europe,DEU,Berlin,41,vaccines,crustdata,IT Services and IT Consulting / Andersen – your reliable software development partner in Europe Andersen is a gl,32.25806451612903% growth,https://andersenlab.com,,Tier 3,3,industry=2/3 capability=0/2 size=0/2 trigger=1/2,,32.25806451612903,-2.380952380952381,0.0,,,,,,,,100000000,500000000,2007,,,3108,104264137
ELB-KEHREN GmbH,DEU,Aschaffenburg,41,vaccines,crustdata,"Machinery Manufacturing / ELB-KEHREN GmbH specialize in the development, manufacture, and distribution of ",-14.583333333333334% growth,https://www.elb-schliff.de/,,Tier 3,3,industry=2/3 capability=0/2 size=0/2 trigger=1/2,,-14.583333333333334,-6.8181818181818175,20.341614906832298,,,0,,,,,10000000,20000000,,,,775,16181324
Hänsel Processing GmbH,DEU,Hannover,41,vaccines,crustdata,"Machinery Manufacturing / Hänsel Processing – to make your sweet dreams come trueFor over 100 years, Hänse",5.128205128205128% growth,https://www.haensel-processing.de/,,Tier 3,3,industry=2/3 capability=0/2 size=0/2 trigger=1/2,,5.128205128205128,2.5,46.705882352941174,,,0,,,,,10000000,20000000,2018,,,1247,7283933
OTT-JAKOB Spanntechnik GmbH,DEU,Lengenwang,41,vaccines,crustdata,Machinery Manufacturing / OTT-JAKOB Spanntechnik GmbH has specialised in the manufacture of tool clamping ,5.128205128205128% growth,http://www.ott-jakob.de/,,Tier 3,3,industry=2/3 capability=0/2 size=0/2 trigger=1/2,,5.128205128205128,0.0,0.0,,,0,,,,,20000000,50000000,,,,1270,7096977
HighPots,CHE,Basel,40,vaccines,crustdata,IT Services and IT Consulting / HighPots is a high-performant consulting company with extraordinary skilled peop,0.0% growth,https://highpots.com,,Tier 3,3,industry=2/3 capability=0/2 size=0/2 trigger=1/2,,0.0,0.0,6.666666666666667,,,0,,,,,10000000,20000000,1988,,,336,2708659
ILI.DIGITAL GmbH,DEU,Karlsruhe,40,vaccines,crustdata,"Software Development / 🚀 We make corporates entrepreneurs again 🚀 At ILI.DIGITAL, we aren't just a soft",2.564102564102564% growth,https://ili.digital,,Tier 3,3,industry=2/3 capability=0/2 size=0/2 trigger=1/2,,2.564102564102564,-2.4390243902439024,0.0,,,0,,,,,20000000,50000000,2010,,,15600,9999775
NCT Heidelberg / DKFZ GMP & T-Cell Manufacturing Unit,DEU,Heidelberg,40–60,academic_gmp,research,"CAR-T, TCR-T, autologous cell therapy",,https://www.nct-heidelberg.de/,oncology_celltherapy,Tier 3,3,industry=1/3 capability=2/2 size=0/2 trigger=0/2,,4.022988505747127,1.1173184357541899,27.202705241405223,,,0,,,,,50000000,100000000,2004,,,6771,5570599
Scanbot SDK,DEU,Bonn,40,vaccines,crustdata,IT Services and IT Consulting / Bringing the power of computer vision and machine learning into the hands of eve,-37.5% growth,https://scanbot.io/,,Tier 3,3,industry=2/3 capability=0/2 size=0/2 trigger=1/2,,-37.5,-11.11111111111111,6.875797920846252,series_a,2012-06-01,0,,,,,10000000,20000000,2011,acquired,,5860,10507725
SETEX Schermuly textile computer GmbH,DEU,Mengerskirchen,40,vaccines,crustdata,Automation Machinery Manufacturing / We help machine builders and textile finishers to realize production efficiently,11.11111111111111% growth,https://www.setex-germany.com,,Tier 3,3,industry=2/3 capability=0/2 size=0/2 trigger=1/2,,11.11111111111111,2.564102564102564,19.654320987654323,,,0,,,,,10000000,20000000,1993,,,2423,2510814
SKET Verseilmaschinenbau GmbH,DEU,Magdeburg,40,vaccines,crustdata,Machinery Manufacturing / The services and products provides by the stranding machinery company SKET Verse,14.285714285714285% growth,http://sketvmb.de,,Tier 3,3,industry=2/3 capability=0/2 size=0/2 trigger=1/2,,14.285714285714285,2.564102564102564,58.94568690095847,,,0,,,,,10000000,20000000,1997,,,995,6836804
WASSERMANN TECHNOLOGIE GmbH,DEU,Eichenzell,40,vaccines,crustdata,Automation Machinery Manufacturing / WASSERMANN TECHNOLOGIE – End-to-End Automation and ManufacturingAutomation solut,8.108108108108109% growth,http://www.wassermann-group.com,,Tier 3,3,industry=2/3 capability=0/2 size=0/2 trigger=1/2,,8.108108108108109,0.0,74.56181904310753,,,0,,,,,20000000,50000000,1969,,,3685,10085409
Helmholtz AI,DEU,Oberschleißheim,39,vaccines,crustdata,Research Services / We are a research-driven hub for applied AI that aims to enable the efficient an,-13.333333333333334% growth,http://www.helmholtz.ai,,Tier 3,3,industry=2/3 capability=0/2 size=0/2 trigger=1/2,,-13.333333333333334,-2.5,32.78798744957418,,,0,,,,,10000000,20000000,2019,,,5925,30083643
HILGER & KERN GROUP,DEU,Mannheim,39,vaccines,crustdata,Machinery Manufacturing / Three powerful brands and more than 90 years of experience determine what we are,-7.142857142857142% growth,http://www.hilger-kern-group.com,,Tier 3,3,industry=2/3 capability=0/2 size=0/2 trigger=1/2,,-7.142857142857142,0.0,9.287925696594428,,,0,,,,,20000000,50000000,1927,,,1059,7491435
SLF Oberflächentechnik GmbH,DEU,Emsdetten,39,vaccines,crustdata,"Machinery Manufacturing / We are a Germany-based, familiy-owned company and one of the leading suppliers o",-2.5% growth,http://www.slf.eu,,Tier 3,3,industry=2/3 capability=0/2 size=0/2 trigger=1/2,,-2.5,2.631578947368421,17.632850241545896,,,0,,,,,10000000,20000000,1990,,,1461,5921852
Smart Steel Technologies,DEU,Berlin,39,vaccines,crustdata,Software Development / Smart Steel Technologies builds the AI-based process control system for steel an,-2.5% growth,http://www.smart-steel-technologies.com,,Tier 3,3,industry=2/3 capability=0/2 size=0/2 trigger=1/2,,-2.5,0.0,14.125753660637383,series_unknown,2023-02-14,2324732,,,,,10000000,20000000,2019,,,2650,13997863
tiergesundheitsdienst bayern e.V.,DEU,Poing,39,veterinary_pharma,crustdata,Veterinary Services / The mission of the Bavarian Animal Health Services is to support and ensure anim,5.405405405405405% growth,http://www.tgd-bayern.de/,,Tier 3,3,industry=2/3 capability=0/2 size=0/2 trigger=1/2,,5.405405405405405,2.631578947368421,38.46153846153847,,,,,,,,20000000,50000000,1949,,,126,8358822
XRAY-LAB,DEU,Sternenfels,39,vaccines,crustdata,Industrial Machinery Manufacturing / Stuttgart I Wolfsburg I Detroit I Tuscaloosa I Bratislava I Pilsen3D-CT Computed,14.705882352941178% growth,https://xray-lab.com,,Tier 3,3,industry=2/3 capability=0/2 size=0/2 trigger=1/2,,14.705882352941178,5.405405405405405,13.467424573677306,,,0,,,,,20000000,50000000,1998,,,2595,17885353
Aalen University - Materials Research Institute Aalen (IMFAA),DEU,Aalen,38,vaccines,crustdata,Higher Education / The Materials Research Institute (Institut für Materialforschung Aalen IMFAA) is,-11.627906976744185% growth,https://www.hs-aalen.de/de/facilities/90,,Tier 3,3,industry=2/3 capability=0/2 size=0/2 trigger=1/2,,-11.627906976744185,-5.0,0.0,,,,,,,,10000000,20000000,2010,,,4948,73437451
MAFAC - E. Schwarz GmbH & Co. KG,DEU,Alpirsbach,38,vaccines,crustdata,Machinery Manufacturing / MAFAC is the pioneer and technology leader in the field of industrial parts clea,11.76470588235294% growth,https://www.mafac.de/de/,,Tier 3,3,industry=2/3 capability=0/2 size=0/2 trigger=1/2,,11.76470588235294,0.0,26.89295039164491,,,0,,,,,10000000,20000000,1968,,,1944,18497613
Avanco GmbH,DEU,Herford,37,vaccines,crustdata,"Machinery Manufacturing / The AVANCO Group is a globally leading company engaged in the development, manuf",0.0% growth,https://www.avanco.de,,Tier 3,3,industry=2/3 capability=0/2 size=0/2 trigger=1/2,,0.0,0.0,37.43455497382199,,,0,,,,,20000000,50000000,1981,,,525,6561098
Cantourage,DEU,Berlin,37,medical_cannabis,crustdata+research,Pharmaceutical Manufacturing / Cantourage is a leading European medical cannabis provider. The Berlin-based com,Active Bavaria GMP processing site; growing capacity post-2024 legalization,http://www.cantourage.com,,Tier 3,3,industry=2/3 capability=1/2 size=0/2 trigger=0/2,,2.7777777777777777,-5.128205128205128,12.23083548664944,,,0,,,,,1000000,2500000,2019,,,5212,65368510
EMF Motor,DEU,Worms,37,vaccines,crustdata,"Engines and Power Transmission Equipment Manufacturing / EMF Motor is a multinational torque motor producer, supporting the machine produ",-5.128205128205128% growth,http://www.emfmotor.com,,Tier 3,3,industry=2/3 capability=0/2 size=0/2 trigger=1/2,,-5.128205128205128,-2.631578947368421,22.32179226069246,,,0,,,,,10000000,20000000,2005,,,3003,3243579
IMI Bahr,DEU,Luhden,37,vaccines,crustdata,"Automation Machinery Manufacturing / We create solutions for our customers which enable smarter, safer, more producti",2.7777777777777777% growth,http://www.bahr-modultechnik.de,,Tier 3,3,industry=2/3 capability=0/2 size=0/2 trigger=1/2,,2.7777777777777777,-2.631578947368421,19.208715596330276,,,0,,,,,0,0,1990,acquired,,2079,12502351
LOOPING GROUP,DEU,Munich,37,vaccines,crustdata,"Advertising Services / LOOPING GROUP represent a new breed of companies embracing digital, data analyti",-7.5% growth,http://looping.group,,Tier 3,3,industry=2/3 capability=0/2 size=0/2 trigger=1/2,,-7.5,-2.631578947368421,2.4529197657857256,,,0,,,,,20000000,50000000,2016,,,6474,18054605
pro4dynamix GmbH,DEU,Tettnang,37,vaccines,crustdata,Software Development / pro4dynamix GmbH from Tettnang (Germany) is specialized in implementing and deve,12.121212121212121% growth,http://pro4dynamix.com,,Tier 3,3,industry=2/3 capability=0/2 size=0/2 trigger=1/2,,12.121212121212121,2.7777777777777777,14.76510067114094,,,0,,,,,1000000,2500000,2012,,,342,3047756
SIG allCap AG,CHE,Neuhausen,37,vaccines,crustdata,Packaging and Containers Manufacturing / The core competencies of SIG allCap are the injection molding of spouts for beve,0.0% growth,http://www.sig.biz,,Tier 3,3,industry=2/3 capability=0/2 size=0/2 trigger=1/2,,0.0,0.0,0.0,,,,,,,,10000000,20000000,2001,,,369,6282975
TEXPA,DEU,Saal an der Saale,37,vaccines,crustdata,Machinery Manufacturing / With more than 70 years of expertise in machine manufacturing and a focus on hom,15.625% growth,https://www.texpa.de,,Tier 3,3,industry=2/3 capability=0/2 size=0/2 trigger=1/2,,15.625,0.0,117.91530944625408,,,0,,,,,10000000,20000000,1954,,,669,88278924
AXEPTA SA,CHE,Geneva,36,veterinary_pharma,crustdata,Staffing and Recruiting / The Axepta Group is specialised in project management and recruitment of profess,2.857142857142857% growth,http://www.axepta-group.com,,Tier 3,3,industry=2/3 capability=0/2 size=0/2 trigger=1/2,,2.857142857142857,0.0,12.288786482334869,,,0,,,,,10000000,20000000,2009,,,10965,3037785
Ballerina-Küchen Heinz-Erwin Ellersiek GmbH,DEU,Rödinghausen,36,vaccines,crustdata,"Furniture and Home Furnishings Manufacturing / PhilosophyIndividual, uncomplicated, for everyday useA kitchen should be a pleas",16.129032258064516% growth,http://www.ballerina.de,,Tier 3,3,industry=2/3 capability=0/2 size=0/2 trigger=1/2,,16.129032258064516,0.0,23.932271923174124,,,0,,,,,20000000,50000000,1978,,,4904,53429407
Brother Central and Eastern Europe GmbH,AUT,Vienna,36,vaccines,crustdata,"IT Services and IT Consulting / The Brother Group of Nagoya, Japan is a truly multinational company with manufac",16.129032258064516% growth,http://www.brother.eu,,Tier 3,3,industry=2/3 capability=0/2 size=0/2 trigger=1/2,,16.129032258064516,2.857142857142857,0.0,,,,,,,,10000000,20000000,1971,,,4222,6380781
EUROBEND,DEU,Stein bei Nürnberg,36,vaccines,crustdata,Industrial Machinery Manufacturing / EUROBEND has been involved for more than three decades in the manufacturing of a,0.0% growth,http://www.eurobend.com,,Tier 3,3,industry=2/3 capability=0/2 size=0/2 trigger=1/2,,0.0,-2.7027027027027026,43.333333333333336,,,0,,,,,10000000,20000000,,,,2107,8112175
European Vaccine Initiative (EVI),DEU,Heidelberg,36,vaccines,crustdata,Non-profit Organizations / EVI seeks to support disease of poverty vaccine candidates. We act as a force to,24.137931034482758% growth,http://www.euvaccine.eu,,Tier 3,3,industry=2/3 capability=0/2 size=0/2 trigger=1/2,,24.137931034482758,2.857142857142857,27.113107390771745,,,0,,,,,1000000,2500000,1998,,,9339,1145205
FerRobotics,AUT,Lichtenberg,36,vaccines,crustdata,Industrial Machinery Manufacturing / FerRobotics Compliant Robot Technology is a world leader in the development and ,-5.263157894736842% growth,http://www.ferrobotics.com,,Tier 3,3,industry=2/3 capability=0/2 size=0/2 trigger=1/2,,-5.263157894736842,0.0,4.617604617604617,series_unknown,2005-01-01,0,,,,,20000000,50000000,2006,,,15950,7059904
Health Angels,DEU,Hamburg,36,veterinary_pharma,crustdata,Marketing Services / health angels ist die Agentur für Gesundheitskommunikation. Wir übersetzen Wisse,28.57142857142857% growth,https://health-angels.agency,oncology_general,Tier 3,3,industry=2/3 capability=0/2 size=0/2 trigger=1/2,,28.57142857142857,9.090909090909092,28.222996515679444,,,,,,,,100000000,500000000,2018,,,736,71219565
Medropharm GmbH,CHE,Kradolf,~35,medical_cannabis,research,Extraction + formulation (Swiss EU-GMP cannabis API/extracts),,https://medropharm.ch,,Tier 3,3,industry=2/3 capability=1/2 size=0/2 trigger=0/2,,-22.22222222222222,0.0,0.0,,,0,,,,,1000000,2500000,2014,,,807,9409192
MHH Hannover IFB-Tx GMP-Einrichtung,DEU,Hannover,35–55,academic_gmp,research,"CAR-T, hepatic / paediatric ATMP",,https://www.mhh.de/ifb-tx,oncology_celltherapy,Tier 3,3,industry=1/3 capability=2/2 size=0/2 trigger=0/2,,-33.33333333333333,0.0,0.0,,,,,,,,5000000,10000000,2007,,,956,76086630
Charite BCRT / BIH ATMP-Suite,DEU,Berlin,30–50,academic_gmp,research,"CAR-T, MSC, gene therapy translational",,https://bihealth.org/,oncology_celltherapy,Tier 3,3,industry=1/3 capability=2/2 size=0/2 trigger=0/2,,0.0,0.0,0.0,,,,,,,,100000000,500000000,,,,57,103460552
Goethe Universitaet GMP Cell Therapy / Wolfgang-Goethe-Uniklinik,DEU,Frankfurt,30–45,academic_gmp,research,"CAR-NK, allogeneic, paediatric oncology",,https://www.kgu.de/,"oncology_celltherapy,oncology_general",Tier 3,3,industry=1/3 capability=2/2 size=0/2 trigger=0/2,,24.390243902439025,4.081632653061225,0.0,,,,,,,,500000,1000000,,,,131,37294857
Nimbus Health (Dr. Reddy's),DEU,Berlin,~30–50,medical_cannabis,research,Manufacturer + wholesaler,Acquired by Dr. Reddy's 2022; ongoing scale-up under Indian pharma parent,https://www.businesswire.com/news/home/20220202005632/en ; https://nimbus.health/,,Tier 3,3,industry=2/3 capability=0/2 size=0/2 trigger=1/2,,,,,,,,,,,,,,,,,,
Swisscann Tec AG,CHE,Steffisburg / Bern region,~30–60,medical_cannabis,research,Cultivator + EU-GMP producer + wholesaler,Swissmedic GMP cert Dec-2023; high-THC cultivation + EU-GMP pharma manufacturing license,https://swisscanntec.ch/en/,,Tier 3,3,industry=2/3 capability=1/2 size=0/2 trigger=0/2,,14.285714285714285,-11.11111111111111,0.0,,,,,,,,1000000,2500000,2017,,,442,86653969
Universitaetsklinikum Mainz / TRON ATMP,DEU,Mainz,30–50,academic_gmp,research,"mRNA, neoantigen, CAR-T",,https://www.tron-mainz.de/,oncology_celltherapy,Tier 3,3,industry=1/3 capability=2/2 size=0/2 trigger=0/2,,5.670103092783505,0.9852216748768473,30.464091262639357,,,0,,,,,10000000,20000000,2010,,,10064,1284674
CHUV Lausanne — Center for Experimental Therapeutics (CTE/LICR),CHE,Lausanne,25–40,academic_gmp,research,"TIL, TCR-T, neoantigen ATMP",,https://www.chuv.ch/,oncology_celltherapy,Tier 3,3,industry=1/3 capability=2/2 size=0/2 trigger=0/2,,40.0,0.0,0.0,,,,,,,,0,0,,,,1802,76474085
FAU Erlangen / Uniklinikum Erlangen ATMP-Herstellung,DEU,Erlangen,25–40,academic_gmp,research,"CAR-T (autoimmune SLE), DC vaccines",,https://www.uk-erlangen.de/,oncology_celltherapy,Tier 3,3,industry=1/3 capability=2/2 size=0/2 trigger=0/2,,0.0,0.0,0.0,,,,,,,,0,0,,,,1,91275096
Helmholtz Munich (HMGU) Cell Programming & ATMP,DEU,Munich/Neuherberg,25–40,academic_gmp,research,"iPSC, gene therapy, regenerative",,https://www.helmholtz-munich.de/,,Tier 3,3,industry=1/3 capability=2/2 size=0/2 trigger=0/2,,-50.0,0.0,0.0,,,,,,,,5000000,10000000,2007,,,1205,80351601
Inselspital Bern Center for Cell & Gene Therapy,CHE,Bern,25–40,academic_gmp,research,"CAR-T, gene therapy, MSC",,https://www.insel.ch/,oncology_celltherapy,Tier 3,3,industry=1/3 capability=2/2 size=0/2 trigger=0/2,,0.0,0.0,,,,,,,,,0,0,,,,,96762419
Dermapharm Holding SE,DEU,Grünwald,21,"medical_cannabis,originator_pharma",crustdata+research,Pharmaceutical Manufacturing / Dermapharm is a rapidly growing manufacturer of branded pharmaceuticals. Founded,EUR 60M Brehna sterile + solid-dose 2024–2025,https://ir.dermapharm.de,,Tier 3,3,industry=2/3 capability=1/2 size=0/2 trigger=0/2,,-12.5,-4.545454545454546,21.820117083555083,,,0,,,,,500000000,1000000000,1991,,,2289,71273683
MDC Berlin-Buch / BIH Cell Therapy Platform,DEU,Berlin-Buch,20–35,academic_gmp,research,"iPSC, gene-edited T cells",,https://www.mdc-berlin.de/,,Tier 3,3,industry=1/3 capability=2/2 size=0/2 trigger=0/2,,0.0,0.0,0.0,,,,,,,,500000,1000000,,,,555,104941114
mediproCan Pharma,DEU,NRW region,~20–30,medical_cannabis,research,Wholesaler + processor (small),EU import + GMP-finishing partnerships,https://mediprocan.com/en/,,Tier 3,3,industry=2/3 capability=1/2 size=0/2 trigger=0/2,,25.0,0.0,0.0,,,,,,,,1000000,2500000,,,,438,93836337
SwissExtract,CHE,Northern CH,~20–40,medical_cannabis,research,Cultivator (organic) + GMP processor,GMP-compliant cultivation focus; supplies Swiss pharmacies,https://swissextract.ch/en/pages/medizinisches-cannabis-aus-der-schweiz,,Tier 3,3,industry=2/3 capability=1/2 size=0/2 trigger=0/2,,0.0,0.0,0.0,grant,2021-06-10,0,,,,,1000000,2500000,2016,,,638,76081543
TUM / Klinikum rechts der Isar GMP ATMP,DEU,Munich,20–30,academic_gmp,research,"CAR-T, paediatric, translational",,https://www.mri.tum.de/,oncology_celltherapy,Tier 3,3,industry=1/3 capability=2/2 size=0/2 trigger=0/2,,,,,,,,,,,,,,,,,,
UKE Hamburg GMP Cell & Gene Therapy,DEU,Hamburg,20–35,academic_gmp,research,"CAR-T, allogeneic, gene therapy translational",,https://www.uke.de/,oncology_celltherapy,Tier 3,3,industry=1/3 capability=2/2 size=0/2 trigger=0/2,,-12.5,0.0,0.0,,,,,,,,500000,1000000,,,,9,36060157
Uniklinik Koeln Cell Therapy Centre (CIO),DEU,Cologne,20–30,academic_gmp,research,"CAR-T, lymphoma, paediatric",,https://cio.uk-koeln.de/,oncology_celltherapy,Tier 3,3,industry=1/3 capability=2/2 size=0/2 trigger=0/2,,,,,,,,,,,,,,,,,,
Universitaetsklinikum Freiburg GMP Cell Therapy,DEU,Freiburg,20–30,academic_gmp,research,"CAR-T, allo HSCT, gene therapy",,https://www.uniklinik-freiburg.de/,oncology_celltherapy,Tier 3,3,industry=1/3 capability=2/2 size=0/2 trigger=0/2,,,,0.0,,,,,,,,0,0,,,,12,40950369
Universitaetsklinikum Ulm Cellular Therapy,DEU,Ulm,20–30,academic_gmp,research,"Stem cell / haemato ATMP, CAR-T",,https://www.uniklinik-ulm.de/,oncology_celltherapy,Tier 3,3,industry=1/3 capability=2/2 size=0/2 trigger=0/2,,0.0,0.0,0.0,,,,,,,,0,0,,,,579,40948889
Universitaetsspital Zuerich (USZ) Cell Therapy,CHE,Zurich,20–35,academic_gmp,research,"CAR-T, allogeneic, gene therapy",,https://www.usz.ch/,oncology_celltherapy,Tier 3,3,industry=1/3 capability=2/2 size=0/2 trigger=0/2,,0.0,0.0,0.0,,,,,,,,0,0,,,,7,12780633
ETH Zurich — Wyss Zurich Translational Center / Bioengineering,CHE,Zurich,15–30,academic_gmp,research,"iPSC, organoid, regenerative ATMP translation",,https://wysszurich.uzh.ch/,,Tier 3,3,industry=1/3 capability=2/2 size=0/2 trigger=0/2,,,,,,,,,,,,,,,,,,
LMU Klinikum Muenchen GMP Cell Therapy,DEU,Munich,15–25,academic_gmp,research,"CAR-T, dendritic cell vaccines",,https://www.lmu-klinikum.de/,oncology_celltherapy,Tier 3,3,industry=1/3 capability=2/2 size=0/2 trigger=0/2,,,,0.0,,,,,,,,0,0,,,,171,108864089
Medizinische Universitaet Wien — CCRI / St. Anna CCRI GMP,AUT,Vienna,15–25,academic_gmp,research,"Paediatric CAR-T, neuroblastoma ATMP",,https://www.ccri.at/,oncology_celltherapy,Tier 3,3,industry=1/3 capability=2/2 size=0/2 trigger=0/2,,-1.1111111111111112,2.2988505747126435,31.468646864686466,,,0,,,,,10000000,20000000,1988,,,7967,1123579
Universitaetsklinikum Dresden NCT/UCC GMP,DEU,Dresden,15–25,academic_gmp,research,"CAR-T, paediatric ATMP",,https://www.uniklinikum-dresden.de/,oncology_celltherapy,Tier 3,3,industry=1/3 capability=2/2 size=0/2 trigger=0/2,,100.0,0.0,0.0,,,,,,,,0,0,,,,14,73145293
Universitaetsklinikum Duesseldorf ITZ Cell Therapy,DEU,Duesseldorf,15–25,academic_gmp,research,"CAR-T, allo HSCT ATMP",,https://www.uniklinik-duesseldorf.de/,oncology_celltherapy,Tier 3,3,industry=1/3 capability=2/2 size=0/2 trigger=0/2,,0.0,0.0,0.0,,,,,,,,1000000,2500000,1965,,,570,79065777
Universitaetsklinikum Heidelberg Paediatric ATMP (KiTZ),DEU,Heidelberg,15–25,academic_gmp,research,"Paediatric CAR-T, neuroblastoma",,https://www.kitz-heidelberg.de/,oncology_celltherapy,Tier 3,3,industry=1/3 capability=2/2 size=0/2 trigger=0/2,,34.090909090909086,5.357142857142857,112.59786476868328,,,0,,,,,10000000,20000000,,,,2987,105486949
Universitaetsklinikum Leipzig GMP Cell Therapy,DEU,Leipzig,15–25,academic_gmp,research,"CAR-T (joint with IZI), allogeneic",,https://www.uniklinikum-leipzig.de/,oncology_celltherapy,Tier 3,3,industry=1/3 capability=2/2 size=0/2 trigger=0/2,,0.0,0.0,0.0,,,,,,,,0,0,,,,1,12510007
Universitaetsklinikum Regensburg GMP Cell Therapy,DEU,Regensburg,15–25,academic_gmp,research,"DLI, MSC, CAR-T",,https://www.ukr.de/,oncology_celltherapy,Tier 3,3,industry=1/3 capability=2/2 size=0/2 trigger=0/2,,5.851063829787234,1.4012738853503186,32.015723957195895,,,0,,,,,1000000000,1000000000000,1978,,,6045,25024964
Universitaetsspital Basel — Stem Cell Lab / DBM ATMP,CHE,Basel,15–25,academic_gmp,research,"MSC, cartilage tissue engineering, CAR-T",,https://www.unispital-basel.ch/,oncology_celltherapy,Tier 3,3,industry=1/3 capability=2/2 size=0/2 trigger=0/2,,0.0,0.0,0.0,,,,,,,,100000000,500000000,,,,233,90649792
Medizinische Universitaet Graz GMP Cell Therapy,AUT,Graz,10–20,academic_gmp,research,"MSC, regenerative ATMP",,https://www.medunigraz.at/,,Tier 3,3,industry=1/3 capability=2/2 size=0/2 trigger=0/2,,0.0,0.0,0.0,,,,,,,,0,0,,,,2,96703274
Medizinische Universitaet Innsbruck Cell Therapy Unit,AUT,Innsbruck,10–20,academic_gmp,research,"DC vaccines, MSC, CAR-T",,https://www.i-med.ac.at/,oncology_celltherapy,Tier 3,3,industry=1/3 capability=2/2 size=0/2 trigger=0/2,,0.0,0.0,0.0,,,,,,,,0,0,,,,95,108342613
Universitaetsklinikum Muenster GMP Cell Therapy,DEU,Muenster,10–20,academic_gmp,research,"MSC, paediatric ATMP",,https://www.ukm.de/,,Tier 3,3,industry=1/3 capability=2/2 size=0/2 trigger=0/2,,4.444444444444445,-2.083333333333333,0.0,,,,,,,,500000000,1000000000,,,,92,82119942
AGES (Austrian Agency for Health and Food Safety),AUT,Vienna,~1 500 (group),medical_cannabis,research,State monopoly cultivator (only AT body legally permitted to grow medical cannabis),EU-GMP cultivation; sole AT licensor — any private mfg must be ≥75% AGES-owned,https://cms.law/en/int/expert-guides/cms-expert-guide-to-a-legal-roadmap-to-cannabis/austria,,Tier 3,3,industry=2/3 capability=1/2 size=0/2 trigger=0/2,,,,0.0,,,,,,,,0,0,,,,174,112069081
Berna Biotech / Crucell Switzerland AG,CHE,Bern,,vaccines,research,(historical),wind-down,excluded,,Tier 3,3,industry=2/3 capability=1/2 size=0/2 trigger=0/2,,,,,,,,,,,,,,,,,,
BioLife Plasma Services (Takeda),DEU,multiple,n/a,plasma_fractionation,research,Collection,,https://www.biolifeplasma.com/locations,,Tier 3,3,industry=3/3 capability=0/2 size=0/2 trigger=0/2,,200.0,0.0,0.0,,,,,,,,1000000,2500000,,,,11,6146907
GlaxoSmithKline GmbH (GSK Vaccines DE),DEU,Marburg (Behringwerke; legacy Chiron/Novartis),,vaccines,research,"Recombinant (Shingrix antigen), adjuvants AS01",ongoing AS01 adjuvant scale-up; Shingrix capacity doubling globally incl. DE,https://de.gsk.com/de-de/unternehmen/standorte/marburg/,,Tier 3,3,industry=2/3 capability=0/2 size=0/2 trigger=1/2,,,,,,,,,,,,,,,,,,
Grifols Deutschland (ex-Aton centers),DEU,nationwide,n/a,plasma_fractionation,research,Collection,,https://www.grifols.com/en/view-news/-/news/grifols-expands-and-diversifies-its-plasma-collection-network-with-the-acquisition-of-35-donation-centers-in-germany-from-aton,,Tier 3,3,industry=3/3 capability=0/2 size=0/2 trigger=0/2,,0.0,0.0,0.0,,,,,,,,0,0,,,,9,97552587
"Universitätsklinik Blutspendezentralen (e.g. Charité, UKE, LMU, Heidelberg)",DEU,nationwide university hospitals,per-site varies,plasma_fractionation,research,Collection / processing (small-scale),,https://www.pei.de/EN/newsroom/hp-news/2025/251208-paul-ehrlich-institut-report-supply-blood-2024.html,,Tier 3,3,industry=3/3 capability=0/2 size=0/2 trigger=0/2,,-4.700854700854701,-1.762114537444934,17.98472793293106,,,0,,,,,0,0,,,,22095,2187303
Tecan Group,CHE,Maennedorf (+ Crailsheim DE),"~2,400",bioprocess_vendors,research,"Liquid handling (Fluent, Freedom EVO), Cavro OEM, cell-line dev",,https://www.tecan.com/about-tecan/locations,,Tier 4,2,industry=0/3 capability=0/2 size=2/2 trigger=0/2,,93.33333333333333,11.538461538461538,0.0,,,,,,,,0,0,2025,,,347,107494407
Pall Corporation (Danaher),DEU,Dreieich + Bad Kreuznach (Pall Filtersystems),"~1,400",bioprocess_vendors,research,"Allegro single-use, Stax depth filters, Cadence acoustic, Iscon",,https://www.pall.com/en/about-pall/locations.html,,Tier 4,2,industry=0/3 capability=0/2 size=2/2 trigger=0/2,,0.0,0.0,0.0,,,,,,,,0,0,1946,,,2422,15257925
Romaco Group,DEU,Karlsruhe,~700,bioprocess_vendors,research,"Tablet press, blister, sterile filling",,https://www.romaco.com/,,Excluded,2,industry=0/3 capability=0/2 size=2/2 trigger=0/2,direct_competitor,,,,,,,,,,,,,,,,,
Bio-Rad Laboratories DE,DEU,Feldkirchen (Munich),~600,bioprocess_vendors,research,"Process chromatography (NGC), ddPCR, Western, QC/QA assays",,https://www.bio-rad.com/de-de/corporate/locations,,Tier 4,2,industry=0/3 capability=0/2 size=2/2 trigger=0/2,,0.0,0.0,0.0,,,,,,,,0,0,,,,5,93536879
Repligen Corp. (DE office),DEU,Ravensburg + Marburg (Polymem/C-Tech sites),~250,bioprocess_vendors,research,"XCell ATF, KrosFlo TFF, OPUS chromatography, Spectrum hollow fiber",,https://www.repligen.com/about/locations,,Tier 4,2,industry=0/3 capability=0/2 size=2/2 trigger=0/2,,-24.074074074074073,-21.153846153846153,0.0,,,,,,,,10000000,20000000,1981,,,1379,11143314
Watson-Marlow Fluid Technology Group,DEU,Roedermark (Spirax-Sarco group),~250,bioprocess_vendors,research,"Quantum / Bredel / Qdos peristaltic pumps, single-use assemblies",,https://www.wmftg.com/de-de/about-us/locations/,,Tier 4,2,industry=0/3 capability=0/2 size=2/2 trigger=0/2,,100.0,0.0,0.0,,,,,,,,1000000,2500000,2019,,,305,71532185
Dallmeier electronic,DEU,Regensburg,153,bioprocess_vendors,crustdata,Security and Investigations / Dallmeier is the only manufacturer of video security technology and video survei,3.3783783783783785% growth,https://www.dallmeier.com/en,,Tier 4,2,industry=0/3 capability=0/2 size=1/2 trigger=1/2,,3.3783783783783785,0.6578947368421052,18.326800919043116,,,0,,,,,50000000,100000000,1984,,,8755,135444
Bodystreet Global Headquarters,DEU,Karlsfeld,144,bioprocess_vendors,crustdata,Wellness and Fitness Services / Bodystreet: the revolutionary new way of shaping upGone are the days of spending,-3.3557046979865772% growth,https://www.bodystreet.de/company/franchise,,Tier 4,2,industry=0/3 capability=0/2 size=1/2 trigger=1/2,,-3.3557046979865772,1.4084507042253522,0.0,,,,,,,,2500000,5000000,2007,,,1323,18288045
DESCH Group,DEU,Arnsberg,118,bioprocess_vendors,crustdata,"Industrial Machinery Manufacturing / DESCH was founded in 1906 and from the beginning, the company was managed by the",9.25925925925926% growth,https://www.desch.com/en/,,Tier 4,2,industry=0/3 capability=0/2 size=1/2 trigger=1/2,,9.25925925925926,2.608695652173913,15.549506634909832,,,0,,,,,50000000,100000000,1906,,,3396,11720063
AFI Solutions GmbH,DEU,Stuttgart,114,bioprocess_vendors,crustdata,Software Development / AFI is a solution provider and a leading manufacturer of software for the optimi,-21.91780821917808% growth,https://www.doxis.com/de/,,Tier 4,2,industry=0/3 capability=0/2 size=1/2 trigger=1/2,,-21.91780821917808,-21.91780821917808,21.838584376348727,,,0,,,,,10000000,20000000,1976,acquired,,2823,2710954
AEMtec GmbH,DEU,Berlin,102,bioprocess_vendors,crustdata,Computers and Electronics Manufacturing / AEMtec is one of the global acting specialists for the development and productio,7.368421052631578% growth,http://www.aemtec.com,,Tier 4,2,industry=0/3 capability=0/2 size=1/2 trigger=1/2,,7.368421052631578,-0.9708737864077669,21.75253192426244,,,0,,,,,50000000,100000000,2000,acquired,,2765,541634
digatus,DEU,Munich,102,bioprocess_vendors,crustdata,"IT Services and IT Consulting / We are digatus!As an IT services group, we offer all core elements of the digita",-6.422018348623854% growth,https://digatus.com,,Tier 4,2,industry=0/3 capability=0/2 size=1/2 trigger=1/2,,-6.422018348623854,0.0,10.98186794389326,,,0,,,,,10000000,20000000,2015,,,3244,10949771
SIHI Pumps,DEU,Germany,102,bioprocess_vendors,crustdata,"Machinery Manufacturing / SIHI Pumps is one of the world leaders in liquid ring vacuum pumps, liquid ring ",3.0303030303030303% growth,http://www.sihi-pumps.com,,Tier 4,2,industry=0/3 capability=0/2 size=1/2 trigger=1/2,,3.0303030303030303,0.0,3.158872716011149,,,,,,,,10000000,20000000,1920,,,3331,1107639
SANUM-Kehlbeck,DEU,Hoya (Niedersachsen),~95,originator_pharma,research,Microbial homeopathic remedies + herbal,Family-owned >50 yrs; ongoing Hoya plant,https://sanum.com/en/,,Tier 4,2,industry=2/3 capability=0/2 size=0/2 trigger=0/2,,30.76923076923077,6.25,0.0,,,0,,,,,0,0,1973,,,12,12385664
Bencard Allergie GmbH (Allergy Therapeutics),DEU,München,~90,specialty_orphan,research,Allergy immunotherapy / adjuvants,,https://leadiq.com/c/bencard-allergie-gmbh/5a1d7e25240000240058013f,,Tier 4,2,industry=2/3 capability=0/2 size=0/2 trigger=0/2,,,,0.0,,,,,,,,0,0,,,,2,22054621
Recordati Pharma DE,DEU,Ulm,~90,originator_pharma,research,Rare disease + speciality,Italian parent ongoing site investments,https://www.recordati.com/en/international_presence/germany,,Tier 4,2,industry=2/3 capability=0/2 size=0/2 trigger=0/2,,0.0,0.0,0.0,,,,,,,,1000000,2500000,2004,,,453,81506109
HAL Allergie GmbH (Droege/HAL Allergy Group),DEU,Düsseldorf,~84 (DE); ~300 group,specialty_orphan,research,Allergy immunotherapy,,https://www.hal-allergy.com/hal-allergy-international/,,Tier 4,2,industry=2/3 capability=0/2 size=0/2 trigger=0/2,,-14.285714285714285,-14.285714285714285,0.0,,,,,,,,10000000,20000000,,,,63,25100123
CL Cleanroom GmbH,AUT,Wiener Neudorf,~80,bioprocess_vendors,research,"Cleanroom build, GMP qualification",,https://www.cl-cleanroom.at/,,Tier 4,2,industry=0/3 capability=2/2 size=0/2 trigger=0/2,,,,,,,,,,,,,,,,,,
CP-Pharma Handelsgesellschaft mbH,DEU,Burgdorf,~80,veterinary_pharma,research,"Vet generics (anaesthetics, antibiotics, hormones), small + large animals",,https://www.cp-pharma.de,,Tier 4,2,industry=2/3 capability=0/2 size=0/2 trigger=0/2,,11.11111111111111,5.263157894736842,97.8021978021978,,,0,,,,,0,0,1977,,,180,7354665
Dr. Schaette GmbH,DEU,Bad Waldsee,~80,veterinary_pharma,research,"Phyto-veterinary, complementary vet medicine, livestock",,https://www.schaette.de,,Tier 4,2,industry=2/3 capability=0/2 size=0/2 trigger=0/2,,0.0,0.0,0.0,,,,,,,,0,0,,,,3,7190672
Heel Vet (Biologische Heilmittel Heel — vet line),DEU,Baden-Baden,~80 (vet unit),veterinary_pharma,research,Homeopathic vet medicines,,https://www.heel-vet.de,,Tier 4,2,industry=2/3 capability=0/2 size=0/2 trigger=0/2,,,,,,,,,,,,,,,,,,
Drossapharm,CHE,Basel + Arlesheim,~75,originator_pharma,research,"Rheumatology, sports, derm, gynecology",Vietnam API site + Swiss formulation,https://drossapharm.ch/,,Tier 4,2,industry=2/3 capability=0/2 size=0/2 trigger=0/2,,5.797101449275362,0.0,0.0,,,0,,,,,20000000,50000000,1976,,,903,1353756
Storz & Bickel GmbH,DEU,Tuttlingen,73,medical_cannabis,crustdata+research+research,Medical Equipment Manufacturing / STORZ & BICKEL ist Pionier und Marktführer im Bereich Vaporizer. Mit dem Alleins,Production ~1 500 devices/day; new MD David Männer Apr-26,http://storz-bickel.com,,Tier 4,2,industry=2/3 capability=0/2 size=0/2 trigger=0/2,,12.307692307692308,5.797101449275362,27.020014825796885,,,0,,,,,10000000,20000000,2002,acquired,,3427,7480823
Zentrallaboratorium Deutscher Apotheker (ZL),DEU,Eschborn,~70,academic_gmp,research,GMP/Ph. Eur. quality testing for pharmacies,,https://www.zentrallabor.com,,Tier 4,2,industry=1/3 capability=1/2 size=0/2 trigger=0/2,,,,,,,,,,,,,,,,,,
Krewel Meuselbach,DEU,Eitorf,~61,originator_pharma,research,OTC herbal cough/cold,$47m revenue 2025; Eitorf own production,https://www.krewelmeuselbach.de/,,Tier 4,2,industry=2/3 capability=0/2 size=0/2 trigger=0/2,,-26.0,0.0,0.37735849056603776,,,0,,,,,20000000,50000000,1996,,,266,8836213
Chevita Tierarzneimittel GmbH,DEU,Pfaffenhofen,~60,veterinary_pharma,research,"Poultry + livestock pharma, vitamins, antiparasitics",,https://www.chevita.com,,Tier 4,2,industry=2/3 capability=0/2 size=0/2 trigger=0/2,,0.0,0.0,-2.564102564102564,,,,,,,,0,0,,,,38,7375075
"Ecuphar GmbH (Animedica sister, now Animalcare DE)",DEU,Greifswald,~60,veterinary_pharma,research,Companion + equine pharma,,https://www.ecuphar.de,,Tier 4,2,industry=2/3 capability=0/2 size=0/2 trigger=0/2,,5.0,-4.545454545454546,21.468926553672315,,,,,,,,2500000,5000000,2011,,,860,12650492
MS Schippers (DACH ops),NL,Bocholt (DE office),~60 (DACH),bioprocess_vendors,research,"Hygiene, biosecurity, cleanroom consumables",,https://www.msschippers.com/de,,Excluded,2,industry=0/3 capability=2/2 size=0/2 trigger=0/2,non_target_country,,,,,,,,,,,,,,,,,
aluvia pharma GmbH,DEU,Lehrte,~50,veterinary_pharma,research,"Vet specialty pharma, contract manufacturing",,https://www.aluviapharma.com,,Tier 4,2,industry=2/3 capability=0/2 size=0/2 trigger=0/2,,,,,,,,,,,,,,,,,,
Bracco Imaging Deutschland (Singen plant),DEU,Singen / Konstanz,~50–500,originator_pharma,research,Sterile contrast media (largest Bracco site for sterile contrast),Singen is most important sterile contrast site for group,https://www.bracco.com/braccoimagingd-16112022pressemitteilung,,Tier 4,2,industry=2/3 capability=0/2 size=0/2 trigger=0/2,,100.0,0.0,0.0,,,,,,,,5000000,10000000,1990,,,6,64325954
Orphalan SA (DACH commercialization),FR HQ; CH,Paris HQ; CH mkt,~50,specialty_orphan,research,"Wilson disease — Cuprior (trientine tetrahydrochloride), DACH commercial via Cuprior",Mfg via European partners; not own,https://www.orphalan.com/,,Excluded,2,industry=2/3 capability=0/2 size=0/2 trigger=0/2,non_target_country,,,,,,,,,,,,,,,,,
Recordati Rare Diseases Germany GmbH,DEU,Ulm,"~50 (DE), ~650 group RRD",specialty_orphan,research,"Endocrine rare (Cushing's – Isturisa, Signifor), urea cycle disorders, Wilson's",Group owns mfg incl. Aulnay (FR); Ulm = DACH commercial,https://recordatirarediseases.de/,,Tier 4,2,industry=2/3 capability=0/2 size=0/2 trigger=0/2,,,,,,,,,,,,,,,,,,
Stallergenes GmbH (Stallergenes Greer),DEU,Kamp-Lintfort,~50,specialty_orphan,research,Allergy immunotherapy,,https://www.stallergenesgreer.com/germany,,Tier 4,2,industry=2/3 capability=0/2 size=0/2 trigger=0/2,,0.0,0.0,0.0,,,,,,,,0,0,,,,44,21407515
Steierl-Pharma,DEU,Herrsching am Ammersee,~50–80,originator_pharma,research,"Homeopathic drops, ampoules, tablets","Family-owned, Pasing/Herrsching site",https://www.steierl.de/,,Tier 4,2,industry=2/3 capability=0/2 size=0/2 trigger=0/2,,20.0,0.0,0.0,,,0,,,,,1000000,2500000,1949,,,106,12290178
Cesra Arzneimittel,DEU,Baden-Baden,~45,originator_pharma,research,Phytopharma + cosmeceuticals (Redel-Stiftung owned),Charitable foundation reinvests profits,https://www.cesra.com/en/,,Tier 4,2,industry=2/3 capability=0/2 size=0/2 trigger=0/2,,0.0,0.0,0.0,,,,,,,,1000000,2500000,1929,,,44,10030056
RIPAC-Labor GmbH,DEU,Potsdam,~45,veterinary_pharma,research,"Autogenous (stall-specific) vaccines, poultry, pig, cattle diagnostics",,https://www.ripac-labor.de,,Tier 4,2,industry=2/3 capability=0/2 size=0/2 trigger=0/2,,21.428571428571427,0.0,0.0,,,,,,,,1000000,2500000,,,,343,85080225
Fedegari Deutschland,DEU,Cologne,~40 (DE),bioprocess_vendors,research,"Steam sterilizers, decon, isolators",,https://www.fedegari.com/,,Excluded,2,industry=0/3 capability=2/2 size=0/2 trigger=0/2,direct_competitor,,,,,,,,,,,,,,,,,
aniMedis / Dr. Rieger Tierpharma,DEU,Berlin,~35,veterinary_pharma,research,"Niche vet specialties, equine ophthalmology",,n/a (Tierärzteblatt advertiser),,Tier 4,2,industry=2/3 capability=0/2 size=0/2 trigger=0/2,,,,,,,,,,,,,,,,,,
PlantaVet GmbH,DEU,Bad Waldsee,~35,veterinary_pharma,research,Phytotherapy + homeopathic vet remedies,,https://www.plantavet.de,,Tier 4,2,industry=2/3 capability=0/2 size=0/2 trigger=0/2,,,,0.0,,,,,,,,0,0,,,,3,12266138
aniMed Tierarzneimittel GmbH,DEU,Schwarzenborn,~30,veterinary_pharma,research,Niche vet specialties,,https://www.animed.de,,Tier 4,2,industry=2/3 capability=0/2 size=0/2 trigger=0/2,,,,,,,,,,,,,,,,,,
Biochemie Lechner GmbH,AUT,Mondsee,~30,veterinary_pharma,research,"Niche vet biologicals, equine + bee",,https://www.lechner-biochemie.at,,Tier 4,2,industry=2/3 capability=0/2 size=0/2 trigger=0/2,,,,,,,,,,,,,,,,,,
Bionorica research site Innsbruck (AT),AUT,Innsbruck,~30–50,medical_cannabis,research,R&D / cannabinoid research (no THC commercial cultivation),Long-running R&D site; aligns with C³ (DE) extraction know-how,https://www.bionorica.com/,,Tier 4,2,industry=2/3 capability=0/2 size=0/2 trigger=0/2,,0.0,20.0,0.0,,,,,,,,0,0,,,,206,108904279
Galepharm,CHE,Küsnacht (ZH),~30–60,originator_pharma,research,Niche Rx (irreplaceable preparations),Boutique originator; ongoing licensing model,https://www.galepharm.ch/en/,,Tier 4,2,industry=2/3 capability=0/2 size=0/2 trigger=0/2,,16.666666666666664,0.0,0.0,,,0,,,,,500000,1000000,1959,,,101,65211912
GOC NEXUS Operations (SynBiotic JV),DEU,NRW region,~30–50,medical_cannabis,research,Pharma contract manufacturer + cold-plasma decontamination,Gold-standard plasma-decontam launch w/ SynBiotic 2024,https://www.synbiotic.com/corporate-news/trend-setting-decontamination-synbiotic-and-goc-nexus-set-the-gold-standard-for-cannabis,,Tier 4,2,industry=2/3 capability=0/2 size=0/2 trigger=0/2,,0.0,25.0,8.730691739422431,post_ipo_equity,2023-08-22,5718156,,,,,500000,1000000,1982,,2021-01-06,1619,69230309
Kadia / DARA Pharma DACH,ES,Reutlingen office,~30 (DACH),bioprocess_vendors,research,Aseptic vial/syringe filling,,https://www.darapharma.com/en/,,Excluded,2,industry=0/3 capability=2/2 size=0/2 trigger=0/2,non_target_country,,,,,,,,,,,,,,,,,
Mauermann Arzneimittel KG,DEU,Munich (Bayern),~30,specialty_orphan,research,Niche/orphan small-molecule specialty pharma (urology/CNS niche),Own German batch mfg via partner network,https://www.gelbe-liste.de/,,Tier 4,2,industry=2/3 capability=0/2 size=0/2 trigger=0/2,,,,,,,,,,,,,,,,,,
Pharming Technologies DE,DE (SUBSIDIARY,Berlin,~30,specialty_orphan,research,"Subsidiary of Pharming Group — rare immunology (HAE, leniolisib for APDS)",Berlin = R&D / commercial DACH; mfg in NL,https://www.pharming.com/,,Excluded,2,industry=2/3 capability=0/2 size=0/2 trigger=0/2,non_target_country,,,,,,,,,,,,,,,,,
Rositron Pharma GmbH,DEU,Hamburg,~30,medical_cannabis,research,Formulation/distribution (medical cannabis flower & extract repackaging),,https://rositron-pharma.de,,Tier 4,2,industry=2/3 capability=0/2 size=0/2 trigger=0/2,,,,,,,,,,,,,,,,,,
Spexis AG (ex-Polyphor),CHE,Allschwil,~30,specialty_orphan,research,"CF (ColiFin orphan), oncology macrocycles, CXCR4 hematology",Own pilot; commercial mfg via partners,https://www.cbinsights.com/company/polyphor-ag,oncology_general,Tier 4,2,industry=2/3 capability=0/2 size=0/2 trigger=0/2,,-1.8315018315018317,-1.8315018315018317,3.9984560479890656,series_a,2015-09-01,11650000,,,,,50000000,100000000,2009,,,164355,1140722
Universitaetsklinikum Tuebingen GMP / Cellular Therapeutics,DEU,Tuebingen,30–45,academic_gmp,research,"TCR-T, peptide vaccines, paediatric",,https://www.medizin.uni-tuebingen.de/,oncology_celltherapy,Tier 4,2,industry=1/3 capability=1/2 size=0/2 trigger=0/2,,,,,,,,,,,,,,,,,,
Vivo Cannabis / Canntec EU (DE arm),DEU,Berlin,~30,medical_cannabis,research,Importer + oil formulation (Beacon Medical brand),,https://vivocannabis.com,,Tier 4,2,industry=2/3 capability=0/2 size=0/2 trigger=0/2,,0.0,0.0,-0.6873749238667014,post_ipo_equity,2021-02-26,8000000,,,,,50000000,100000000,2007,acquired,2018-08-07,11414,11809057
Vétoquinol Schweiz / Belphar Suisse,CHE,Ittigen,~30,veterinary_pharma,research,"Vet specialties, equine + companion",,https://www.vetoquinol.ch,,Tier 4,2,industry=2/3 capability=0/2 size=0/2 trigger=0/2,,0.0,0.0,0.0,,,,,,,,0,0,,,,23,12510592
aniSALT / equiMed AG,CHE,Olten,~25,veterinary_pharma,research,Equine pharmacy + nutraceuticals,,https://www.equimed.ch,,Tier 4,2,industry=2/3 capability=0/2 size=0/2 trigger=0/2,,,,,,,,,,,,,,,,,,
Iromedica (Hedoga),CHE,St. Gallen,~25–50,originator_pharma,research,"OTC, supplements, cosmetics",Hedoga AT/CH family group; small scale,"https://www.northdata.com/Iromedica+AG,+St.+Gallen/CHE-102.051.368",,Tier 4,2,industry=2/3 capability=0/2 size=0/2 trigger=0/2,,0.0,0.0,0.0,,,,,,,,0,500000,,,,1,79386000
Königsegger Tierarzneimittel,AUT,Innsbruck,~25,veterinary_pharma,research,Equine + cattle specialty pharma,,n/a (BVL/AGES register),,Tier 4,2,industry=2/3 capability=0/2 size=0/2 trigger=0/2,,,,,,,,,,,,,,,,,,
Loraintec GmbH,DEU,Aulendorf,~25,veterinary_pharma,research,"Vet diagnostics + pharma logistics, small-batch specialties",,https://www.loraintec.de,,Tier 4,2,industry=2/3 capability=0/2 size=0/2 trigger=0/2,,,,,,,,,,,,,,,,,,
Pharmadrug Inc. (DE ops),DEU,Cologne,~25,medical_cannabis,research,Specialty pharma (psychedelic + cannabinoid CDMO partnerships),,https://pharmadrug.co,,Tier 4,2,industry=2/3 capability=0/2 size=0/2 trigger=0/2,,,,,,,,,,,,,,,,,,
Cannprisma AG,CHE,Zug,~20,medical_cannabis,research,"Formulation (Swissmedic CBD/THC oils, topicals)",,https://cannprisma.com,,Tier 4,2,industry=2/3 capability=0/2 size=0/2 trigger=0/2,,6.382978723404255,0.0,17.920829644618692,,,0,,,,,10000000,20000000,2018,,,9324,14004205
THC Pharm GmbH (C³ subsidiary),DEU,Frankfurt,~20–40,medical_cannabis,research,Synthetic cannabinoid API (Dronabinol),Operates under C³ / Canopy umbrella; long-running dronabinol API supplier,https://www.canopygrowth.com/investors/news-releases/canopy-growth-acquires-germanys-c3-cannabinoid-compound-company/,,Tier 4,2,industry=2/3 capability=0/2 size=0/2 trigger=0/2,,14.285714285714285,0.0,0.0,,,,,,,,1000000,2500000,,,,621,11503236
Universitaetsklinikum Wuerzburg / NCT WERA CAR-T,DEU,Wuerzburg,20–30,academic_gmp,research,CAR-T myeloma & solid tumour,,https://www.ukw.de/,oncology_celltherapy,Tier 4,2,industry=1/3 capability=1/2 size=0/2 trigger=0/2,,0.0,0.0,0.0,,,,,,,,0,0,,,,3,12450143
Curatis AG,CHE,Liestal,~15,specialty_orphan,research,Specialty/orphan drug commercialization (CH),,https://curatis.com/,,Tier 4,2,industry=2/3 capability=0/2 size=0/2 trigger=0/2,,42.857142857142854,11.11111111111111,20.19386106623586,,,0,,,,,1000000,2500000,2002,,,744,2858527
GSK Vaccines (Wavre/Rixensart linked CH ops) — **excluded** primary BE,—,—,,vaccines,research,—,—,—,,Excluded,2,industry=2/3 capability=0/2 size=0/2 trigger=0/2,non_target_country,,,,,,,,,,,,,,,,,
Hennig (post-acquisition) — see #43,DEU,Flörsheim,—,originator_pharma,research,—,—,—,,Tier 4,2,industry=2/3 capability=0/2 size=0/2 trigger=0/2,,,,,,,,,,,,,,,,,,
Janssen Vaccines AG,CHE,"Bern (legacy Crucell/Berna Biotech, now closed/sold to Pharvaris/site repurposed 2023)",,vaccines,research,"Historically live attenuated typhoid, cholera",site wind-down completed 2024,https://www.janssen.com/switzerland,,Tier 4,2,industry=2/3 capability=0/2 size=0/2 trigger=0/2,,-14.035087719298245,-3.9215686274509802,0.0,,,,,,,,0,0,,,,115,65220153
Klinge Pharma / Astellas Munich,DEU,München,counted under Astellas,originator_pharma,research,—,—,—,,Tier 4,2,industry=2/3 capability=0/2 size=0/2 trigger=0/2,,,,,,,,,,,,,,,,,,
MSD (Merck Sharp & Dohme) Animal & Human Health Vaccines AT,AUT,Vienna (legacy Baxter / Nanotherapeutics site sold; current MSD presence office),,vaccines,research,n/a (commercial only),—,excluded — no GMP human-vaccine plant in AT,,Tier 4,2,industry=2/3 capability=0/2 size=0/2 trigger=0/2,,,,,,,,,,,,,,,,,,
"Octapharma AG (CH HQ) — **excluded** plasma, not vaccines",—,—,,vaccines,research,—,—,—,,Excluded,2,industry=2/3 capability=0/2 size=0/2 trigger=0/2,non_target_country,,,,,,,,,,,,,,,,,
Valneva SE — Solna site,SE,Solna,,vaccines,research,—,—,excluded,,Excluded,2,industry=2/3 capability=0/2 size=0/2 trigger=0/2,non_target_country,,,,,,,,,,,,,,,,,
Merck KGaA — Process Solutions,DEU,Darmstadt,"~10,000 (DE PS)",bioprocess_vendors,research,"Single-use, filtration, chromatography",,https://www.merckmillipore.com/DE/en/20140212_145002,,Tier 4,1,industry=0/3 capability=0/2 size=1/2 trigger=0/2,,2.857142857142857,0.0,0.0,,,,,,,,500000000,1000000000,,,,257,13672795
Mettler-Toledo (incl. Ingold),CHE,Greifensee (+ Urdorf),"~3,500",bioprocess_vendors,research,"InPro pH/DO sensors, AutoChem, PAT (FBRM, ReactIR)",,https://www.mt.com/ch/en/home/site_content/aboutus/locations.html,,Tier 4,1,industry=0/3 capability=0/2 size=1/2 trigger=0/2,,,,0.0,,,,,,,,0,500000,,,,2,6763205
Steelco Germany GmbH (Miele Group),DEU,Ennepetal,~150,bioprocess_vendors,research,"Lab/pharma washers, sterilizers",,https://www.steelcospa.com/de,,Excluded,1,industry=0/3 capability=0/2 size=1/2 trigger=0/2,direct_competitor,,,,,,,,,,,,,,,,,
GMP Service & Engineering GmbH,DEU,Mannheim,~80,bioprocess_vendors,research,"GMP qualification, validation services",,https://www.gmp-service.com/,,Tier 4,1,industry=0/3 capability=1/2 size=0/2 trigger=0/2,,,,,,,,,,,,,,,,,,
Briem Steuerungstechnik,DEU,Tübingen,~80,bioprocess_vendors,research,"Pharma automation, MES integration",,https://www.briem.de/,,Tier 4,0,industry=0/3 capability=0/2 size=0/2 trigger=0/2,,-5.88235294117647,0.0,46.325878594249204,,,0,,,,,2500000,5000000,1977,,,916,14071742
Sentronic GmbH,DEU,Dresden,~80,bioprocess_vendors,research,"SentroPAT FO inline NIR/Raman, optical PAT for bioprocess",,https://www.sentronic.com/en/company/,,Tier 4,0,industry=0/3 capability=0/2 size=0/2 trigger=0/2,,0.0,0.0,9.298780487804878,,,,,,,,500000,1000000,1987,,,717,30105290
Bioassay GmbH,DEU,Heidelberg,~70,bioprocess_vendors,research,Bio/QC analytical lab services,,https://www.bioassay.de/,,Tier 4,0,industry=0/3 capability=0/2 size=0/2 trigger=0/2,,4.3478260869565215,0.0,28.640776699029125,,,0,,,,,2500000,5000000,2002,acquired,,795,5447746
KEYENCE / VAI Pharma Sensors (skip — not bioprocess),—,—,—,bioprocess_vendors,research,—,,—,,Excluded,0,industry=0/3 capability=0/2 size=0/2 trigger=0/2,non_target_country,,,,,,,,,,,,,,,,,
Rommelag CDMO,DEU,Sulzbach-Laufen,600,"cdmo_classic,sterile_generics",research,"Pharmaceutical CDMO / Aseptic blow-fill-seal (BFS) contract manufacturing for liquid pharmaceuticals, ophthalmics, injectables and biopharmaceuticals via bottelpack technology",Sulzbach-Laufen BFS capacity expansion; FDA-registered (FEI 3002808845); CDMO arm of Rommelag Group,https://www.rommelag-cmo.com,,Tier 1,8,industry=3/3 capability=2/2 size=2/2 trigger=1/2,,,,,,,,,,,,,,1972,,,,
Holopack Verpackungstechnik,DEU,Sulzbach-Laufen,720,"cdmo_classic,sterile_generics",research,"Pharmaceutical CDMO / Blow-Fill-Seal (BFS) aseptic filling and blister packaging contract manufacturer for liquid and semi-solid pharmaceuticals (injectables, eye drops, biopharma); CDMO subsidiary of Rommelag Group since 1975",BFS capacity at Sulzbach-Laufen + Untergröningen sites; Rommelag CDMO division,https://www.holopack.de,,Tier 1,8,industry=3/3 capability=2/2 size=2/2 trigger=1/2,,,,,,,,,,,,,,1975,,,,
Simtra BioPharma Solutions,DEU,Halle (Westfalen),1700,"cdmo_classic,sterile_generics",research,"Pharmaceutical CDMO / Sterile fill-finish CDMO carved out from Baxter BioPharma Solutions in 2023; specializes in high-quality sterile injectables (vials, prefilled syringes, lyophilization) for pharma and biotech partners",Halle/Westfalen DE + Bloomington IN sterile capacity; independent CDMO since 2023 Baxter divestiture (Advent + Warburg Pincus),https://www.simtrabiopharma.com,,Tier 1,9,industry=3/3 capability=2/2 size=2/2 trigger=2/2,,,,,,,,,,,,,,2023,,,,
