name,country,city,employees,bucket,source,specialty,build_signal,source_url,oncology_tags,score,score_breakdown,exclusion_reason,tier
AbbVie Deutschland GmbH,DEU,Ludwigshafen am Rhein,"~2,800","originator_pharma,sterile_generics",research,"Immunology (Humira/adalimumab biologics), neuroscience",EUR 200M Ludwigshafen biologic + sterile fill expansion 2024–26,https://www.abbvie.de/newsroom.html,,9,industry=3/3 capability=2/2 size=2/2 trigger=2/2,,Tier 1
Siegfried,CHE,Zofingen,2187,"cdmo_classic,originator_pharma,sterile_generics,vaccines",crustdata+research+research+research,Pharmaceutical Manufacturing / Siegfried is a leading CDMO with 13 production sites on three continents. With o,CHF 110M Hameln sterile capacity expansion 2024–26; Zofingen API + fill-finish,http://www.siegfried.ch,,9,industry=3/3 capability=2/2 size=2/2 trigger=2/2,,Tier 1
NovaSep (now Axplora) Leverkusen,DEU,Leverkusen,~700,atmp_cell_gene,research,"Plasmid DNA, viral vector chromatography",Leverkusen pDNA capacity expansion 2024,https://www.axplora.com/news,,9,industry=3/3 capability=2/2 size=2/2 trigger=2/2,,Tier 1
Sintetica,CHE,Mendrisio + Couvet,~300,"originator_pharma,sterile_generics",research,"Sterile injectables (anaesthesia, pain, ICU)",CHF 80M Mendrisio Pod-2 sterile expansion 2024–25; Couvet BFS line,https://sintetica.com/sintetica,,9,industry=3/3 capability=2/2 size=2/2 trigger=2/2,,Tier 1
Richter-Helm BioLogics,DEU,"Hamburg, Bovenau",~250,"atmp_cell_gene,sterile_generics",research,"Plasmid DNA, microbial, mRNA inputs",Bovenau pDNA expansion (EUR 70M) commissioning 2025,https://www.richter-helm.eu/en/news,,9,industry=3/3 capability=2/2 size=2/2 trigger=2/2,,Tier 1
Vienna BioCenter / Marinomed-aligned mRNA pilot (ACIB),AUT,Vienna/Graz,~250 (network),atmp_cell_gene,research,"mRNA process dev, viral vector PD",ACIB mRNA pilot line operational 2024; viral-vector PD expansion 2025,https://www.acib.at/news,,9,industry=3/3 capability=2/2 size=2/2 trigger=2/2,,Tier 1
CSL Behring GmbH,DEU,"Marburg, Hattersheim","~3,800 (Marburg)","atmp_cell_gene,originator_pharma,plasma_fractionation",research,"Plasma-derived therapies (immunoglobulins, albumin, factor VIII)","""Protinus"" CHF 250 M (2 IgG lines, 90 k patients/yr extra capacity); 2025 announced Swiss workforce reduction shifting some volume; FY24 group capex USD 849 M",https://www.cslbehring.com/newsroom,,8,industry=3/3 capability=2/2 size=1/2 trigger=2/2,,Tier 1
Octapharma,CHE,Lachen,2925,"originator_pharma,plasma_fractionation,specialty_orphan,sterile_generics",crustdata+research+research+research+research+research,"Pharmaceutical Manufacturing / Family-owned since 1983, Octapharma is a global healthcare company headquartered",EUR 400M Vienna plasma-fractionation + sterile-fill expansion 2024–26 (largest in EU),http://www.octapharma.com,,8,industry=3/3 capability=1/2 size=2/2 trigger=2/2,,Tier 1
Bachem,CHE,Bubendorf,2006,"atmp_cell_gene,originator_pharma,vaccines",crustdata+research+research+research,"Pharmaceutical Manufacturing / The Swiss-based Bachem Group is a public, innovation-driven company specializing",Sisseln (CH) and Vista (US) oligonucleotide expansions 2024–25 supporting mRNA caps,https://bit.ly/2WiI0YG,,8,industry=3/3 capability=2/2 size=2/2 trigger=1/2,,Tier 1
"Hexal AG (Sandoz Group, originator-adjacent)",DEU,"Holzkirchen, Barleben","~2,000",originator_pharma,research,Generics + originator fill-finish for Sandoz biosimilars,EUR 100M Barleben sterile expansion 2024,https://www.hexal.de/presse,,8,industry=2/3 capability=2/2 size=2/2 trigger=2/2,,Tier 1
Lonza Cell & Gene Therapy,CHE,Visp + Basel,"~2,000 (CGT div)",atmp_cell_gene,research,"CAR-T, TCR-T, iPSC, viral vector CDMO",Visp Ibex Solutions pDNA + mRNA expansion (CHF 500M) ongoing 2024–26; Geneva viral-vector buildout,https://www.lonza.com,oncology_celltherapy,8,industry=3/3 capability=2/2 size=2/2 trigger=1/2,,Tier 1
Corden Pharma - A Full-Service CDMO,CHE,Basel,1863,"cdmo_classic,oncology_hpapi,originator_pharma",crustdata,Pharmaceutical Manufacturing / CordenPharma is your full-service partner in the Contract Development & Manufact,7.315668202764977% growth,https://www.cordenpharma.com,"cytostatika_hpapi,oncology_general",8,industry=3/3 capability=2/2 size=2/2 trigger=1/2,,Tier 1
Boehringer Ingelheim BioXcellence,AUT,Vienna,"~1,800 (Vienna)",atmp_cell_gene,research,"Viral vector (lentivirus, AAV), microbial, mAb",Vienna viral-vector ATMP facility (EUR 700M biotech expansion incl. mRNA pilot) operational 2024,https://www.boehringer-ingelheim.com/biopharmaceuticals,,8,industry=3/3 capability=2/2 size=2/2 trigger=1/2 [manual override],,Tier 1
SCHOTT Pharma,DEU,Mainz,1195,"cdmo_classic,oncology_hpapi,originator_pharma,vaccines",crustdata+research,Pharmaceutical Manufacturing / Human health matters. That is why SCHOTT Pharma designs solutions grounded in sc,7.949412827461607% growth,https://www.schott-pharma.com,cytostatika_hpapi,8,industry=3/3 capability=2/2 size=2/2 trigger=1/2,,Tier 1
Biotest GmbH & Co. KGaA,DEU,Dreieich,1060,"oncology_hpapi,originator_pharma,plasma_fractionation,specialty_orphan",crustdata+research,"Pharmaceutical Manufacturing / At Biotest, we develop and produce life-saving medicines for seriously ill peopl",9.165808444902163% growth,http://www.biotest.de,,8,industry=3/3 capability=2/2 size=2/2 trigger=1/2,,Tier 1
Takeda Linz,AUT,Linz,"~1,000",plasma_fractionation,research,"Biologics (oncology + plasma-derived fill/finish), prefilled syringe filling",beePFS Prefilled Syringe project — 2024 ISPE FOYA Operations winner; ongoing biologics line expansion,https://ispe.org/facility-year-awards/winners/2024/operations,oncology_general,8,industry=3/3 capability=2/2 size=2/2 trigger=1/2,,Tier 1
Rentschler Biopharma,DEU,Laupheim,898,"cdmo_classic,sterile_generics,vaccines",crustdata+research+research+research,Biotechnology Research / Rentschler Biopharma is a leading contract development and manufacturing organiz,€150M Laupheim expansion + Milford US 2024,http://www.rentschler-biopharma.com,,8,industry=3/3 capability=2/2 size=2/2 trigger=1/2,,Tier 1
Pfizer Illertissen (BioNTech-comirnaty + injectables),DEU,Illertissen,800,sterile_generics,research,,Cytotoxic line expansion EUR 40M,pfizer.de,cytostatika_hpapi,8,industry=3/3 capability=2/2 size=2/2 trigger=1/2,,Tier 1
CARBOGEN AMCIS,CHE,Bubendorf,735,"oncology_hpapi,originator_pharma",crustdata,Pharmaceutical Manufacturing / CARBOGEN AMCIS leverages its world-class chemistry skills to provide seamless dr,2.083333333333333% growth,https://www.carbogen-amcis.com,"adc,cytostatika_hpapi",8,industry=3/3 capability=2/2 size=2/2 trigger=1/2,,Tier 1
Wacker Biotech,DEU,Halle / Jena / Amsterdam,~700 (biotech div.),"atmp_cell_gene,vaccines",research,"Live viral vaccines, pDNA for mRNA backbones; CordenPharma group",Halle mRNA suite operational 2024; pDNA capacity scale-up at Jena 2025,https://www.wacker.com/cms/en-us/about-wacker/wacker-facts/businesses/biosolutions/biosolutions.html,,8,industry=3/3 capability=2/2 size=2/2 trigger=1/2,,Tier 1
Kite Pharma EU (Gilead),DEU,Hochstadt (Bavaria),~600,atmp_cell_gene,research,"Autologous CAR-T (Yescarta, Tecartus) commercial",2024 vector facility expansion; 2025 capacity doubling,https://www.kitepharma.com,oncology_celltherapy,8,industry=3/3 capability=2/2 size=2/2 trigger=1/2,,Tier 1
Richter Pharma AG,AUT,Wels,~520 (Wels site),veterinary_pharma,research,"Vet sterile injectables (CDMO global #1 in horse + small animal sterile), generics",Wels mega-expansion 2023-2026 EUR 80 m (new sterile suite + warehouse),https://www.richter-pharma.at,,8,industry=2/3 capability=2/2 size=2/2 trigger=2/2,,Tier 1
Polpharma Biologics,CHE,Zug,517,cdmo_classic,crustdata,Biotechnology Research / Polpharma Biologics is a biopharmaceutical company headquartered in Switzerland ,-50.808753568030454% growth,https://www.polpharmabiologics.com/,,8,industry=3/3 capability=2/2 size=2/2 trigger=1/2,,Tier 1
IDT Biologika,DEU,Dessau,495,"atmp_cell_gene,cdmo_classic,vaccines",crustdata+research+research+research,"Pharmaceutical Manufacturing / IDT Biologika is your full-service CDMO for viral vaccines, cell & gene therapeu",EUR 100M+ Dessau viral-vector expansion completed 2024; mRNA drug-product line online 2025,https://idt-biologika.com,,8,industry=3/3 capability=2/2 size=2/2 trigger=1/2,,Tier 1
Biosynth,CHE,Thal,410,"oncology_hpapi,vaccines",crustdata,"Pharmaceutical Manufacturing / Critical Raw Materials and Services for Diagnostics, Vaccines and Pharmaceutical",-5.092592592592593% growth,https://www.biosynth.com,adc,8,industry=3/3 capability=2/2 size=2/2 trigger=1/2,,Tier 1
Minaris Regenerative Medicine (ex-Eufets),DEU,Idar-Oberstein,~350,atmp_cell_gene,research,"CAR-T, TCR-T, MSC, dendritic cell CDMO",2024 expansion of fill/finish + cryostorage; serving Adaptimmune/Medigene,https://www.minaris-rm.com,oncology_celltherapy,8,industry=3/3 capability=2/2 size=2/2 trigger=1/2,,Tier 1
Celonic Group,CHE,Basel,344,cdmo_classic,crustdata,Pharmaceutical Manufacturing / Celonic is a “Pure Play” Biologics Contract Development Manufacturing Organizati,6.5015479876160995% growth,http://www.celonic.com,,8,industry=3/3 capability=2/2 size=2/2 trigger=1/2,,Tier 1
ADC Therapeutics,CHE,Lausanne,282,"atmp_cell_gene,late_stage_biotech,oncology_hpapi",crustdata,Biotechnology Research / ADC Therapeutics is a commercial-stage global pioneer in the field of antibody d,-11.598746081504702% growth,http://www.adctherapeutics.com,"adc,oncology_general,radiopharma",8,industry=3/3 capability=2/2 size=2/2 trigger=1/2,,Tier 1
BioNTech IMFS,DEU,Idar-Oberstein,243,"atmp_cell_gene,cdmo_classic",crustdata,Biotechnology / BioNTech Innovative Manufacturing Services (IMFS) is a subsidary of BioNTech SE.,-6.896551724137931% growth,http://www.biontech-imfs.de,,8,industry=3/3 capability=2/2 size=2/2 trigger=1/2,,Tier 1
Cellex Cell Professionals,DEU,Cologne,224,"atmp_cell_gene,cdmo_classic",crustdata+research,Biotechnology Research / Cellex Cell Professionals is a full-service CDMO for cell therapyCellex supports,2024 expansion; spin-off Glycostem partnership,http://www.cellex.me,oncology_celltherapy,8,industry=3/3 capability=2/2 size=2/2 trigger=1/2,,Tier 1
Bavarian Nordic,DK,Martinsried (R&D),~200 (DE),"late_stage_biotech,specialty_orphan,vaccines",research,"Rare/serious infectious disease vaccines (mpox, smallpox – Imvanex/Jynneos)",Mfg in Kvistgård (DK) + Thörishaus (CH); fill/finish capex ongoing,https://www.bavarian-nordic.com/locations/martinsried.aspx,,8,industry=3/3 capability=1/2 size=2/2 trigger=2/2,non_target_country,Excluded
Aldevron (Danaher) Halle/Saale,DEU,Halle (former Polymun-aligned site via Cytiva),~150 (DE),atmp_cell_gene,research,"pDNA, mRNA inputs",DE pDNA satellite expansion 2024 (Aldevron Fargo HQ),https://www.aldevron.com/news,,8,industry=3/3 capability=2/2 size=1/2 trigger=2/2,,Tier 1
Polymun Scientific,AUT,Klosterneuburg,~140,"atmp_cell_gene,late_stage_biotech,vaccines",research,LNP manufacturing for mRNA vaccines (BioNTech partner),"Operational LNP/lipo GMP — supports BioNTech, Curevac historically; capex ongoing",https://www.polymun.com/,,8,industry=3/3 capability=2/2 size=1/2 trigger=2/2,,Tier 1
Fresenius Kabi,DEU,Bad Homburg,24186,"atmp_cell_gene,originator_pharma,specialty_orphan,sterile_generics",crustdata+research+research+research,"Pharmaceutical Manufacturing / As a global healthcare company, Fresenius Kabi is Committed to Life. The company",EUR 250M Friedberg sterile-fill expansion 2024–25; biosimilar fill-finish line,http://www.fresenius-kabi.com,oncology_general,7,industry=3/3 capability=2/2 size=0/2 trigger=2/2,,Tier 1
Roche Diagnostics / Roche Pharma,DEU,"Penzberg, Mannheim","~8,500",originator_pharma,research,"Biologics (Avastin, Herceptin, MabThera), diagnostics reagents",EUR 700M Penzberg new biologics & fill-finish facility (commissioning 2024–2026),https://www.roche.com/media/releases/med-cor-2022-04-25,,7,industry=2/3 capability=2/2 size=1/2 trigger=2/2 [manual override],,Tier 1
Sartorius,DEU,Göttingen,6826,"bioprocess_vendors,late_stage_biotech,vaccines",crustdata,Biotechnology Research / Sartorius is a leading international partner of biopharma research and manufactu,7.040928336208248% growth,http://www.sartorius.com,,7,industry=3/3 capability=2/2 size=1/2 trigger=1/2,direct_competitor,Excluded
Vetter Pharma-Fertigung (originator-owned where exclusive),DEU,"Ravensburg, Langenargen","~6,500","bioprocess_vendors,originator_pharma,sterile_generics",research,NOTE: borderline CDMO; included only because of originator-owned biologics fill-finish JV,EUR 200M Ravensburg Schützenstrasse expansion + USA but DACH HQ; Langenargen lyo new build 2025,https://www.vetter-pharma.com/en/news,,7,industry=3/3 capability=2/2 size=1/2 trigger=1/2,,Tier 1
Ferring Pharmaceuticals,CHE,Saint-Prex,6217,"atmp_cell_gene,originator_pharma,specialty_orphan",crustdata,"Pharmaceutical Manufacturing / Ferring Pharmaceuticals is a privately owned, research-driven, specialty biophar",1.0729962607706063% growth,http://www.ferring.com,oncology_general,7,industry=3/3 capability=2/2 size=1/2 trigger=1/2,,Tier 1
Miltenyi Biotec,DEU,Bergisch Gladbach (HQ) + Teterow,"~5,000",atmp_cell_gene,research,"Autologous CAR-T, NK, gene-modified TILs (CliniMACS Prodigy platform)",2024: Teterow site expansion; 2025: new viral vector + cell therapy lines,https://www.miltenyibiotec.com,oncology_celltherapy,7,industry=3/3 capability=2/2 size=1/2 trigger=1/2,,Tier 1
Janssen-Cilag (Johnson & Johnson Innovative Medicine),DEU,"Schaffhausen (CH), Neuss (DE)","~3,800 (DACH)","originator_pharma,vaccines",research,"Oncology (Darzalex, Imbruvica), immunology, neuroscience",CHF 250M Schaffhausen biologics + Neuss expansion 2024–2026,https://www.jnj.com/innovative-medicine/manufacturing,oncology_general,7,industry=2/3 capability=2/2 size=1/2 trigger=2/2,,Tier 1
Galenica,CHE,Bern,3163,"originator_pharma,sterile_generics",crustdata+research+research,Pharmaceutical Manufacturing / Galenica is the leading fully-integrated healthcare provider in Switzerland. Wit,Verfora + Padma + Glycine; capex on logistics,http://www.galenica.com,,7,industry=3/3 capability=1/2 size=1/2 trigger=2/2,,Tier 1
PSI CRO,CHE,Zug,2811,originator_pharma,crustdata,Pharmaceutical Manufacturing / PSI is a leading full-service global Contract Research Organization whose key st,12.26038338658147% growth,http://www.psi-cro.com,"oncology_general,radiopharma",7,industry=2/3 capability=2/2 size=2/2 trigger=1/2,industrial_false_positive,Excluded
Vetter Pharma,DEU,Ravensburg,2436,"cdmo_classic,originator_pharma,vaccines",crustdata+research,Pharmaceutical Manufacturing / We turn active ingredients into medicine. As one of the leading pharmaceutical s,8.170515097690942% growth,https://www.vetter-pharma.com,oncology_general,7,industry=3/3 capability=1/2 size=2/2 trigger=1/2,,Tier 1
Pfizer Manufacturing Deutschland GmbH,DEU,"Freiburg im Breisgau, Illertissen, Karlsruhe","~2,400 (DE mfg)","originator_pharma,sterile_generics,vaccines",research,Sterile injectables incl. Comirnaty fill-finish (BioNTech partnership 2021–),USD 120M Freiburg sterile-fill modernization 2024–26 (post-Hospira integration),https://www.pfizer.de/freiburg-investment,oncology_general,7,industry=3/3 capability=2/2 size=2/2 trigger=0/2,,Tier 1
Berlin-Chemie AG (Menarini Group),DEU,Berlin (Adlershof),"1,900",sterile_generics,research,,EUR 130M Adlershof sterile-fill new plant on-stream 2025; lyo capacity +60%,berlin-chemie.de,,7,industry=3/3 capability=0/2 size=2/2 trigger=2/2,,Tier 1
Vifor Pharma / CSL Vifor,CHE,"Villars-sur-Glâne, St. Gallen, Ittigen","1,800",sterile_generics,research,,CHF 150M St. Gallen sterile expansion 2024–26 post-CSL acquisition,cslvifor.com,,7,industry=3/3 capability=0/2 size=2/2 trigger=2/2,,Tier 1
Octapharma Springe,DEU,Springe (Hannover),"~1,500",plasma_fractionation,research,"Base fractionation, purification, pharmaceutical production for octagam/Albunorm/Nuwiq",Continuous capex (state-of-the-art base fractionation line upgrades); part of Octapharma EUR ~200 M+/yr group plant capex,https://www.octapharma.de/karriere/produktionsstandort,,7,industry=3/3 capability=0/2 size=2/2 trigger=2/2,,Tier 1
Swixx BioPharma,CHE,Baar,1473,originator_pharma,crustdata,"Pharmaceutical Manufacturing / Swixx BioPharma is designed to fully replace biopharma, OTC and medical device m",16.442687747035574% growth,http://www.swixxbiopharma.com,,7,industry=2/3 capability=2/2 size=2/2 trigger=1/2,industrial_false_positive,Excluded
PolyPeptide Group,CHE,Baar,1408,"cdmo_classic,originator_pharma,specialty_orphan",crustdata,Pharmaceutical Manufacturing / PolyPeptide Group AG with its consolidated subsidiaries (“PolyPeptide”) is a foc,4.684014869888476% growth,http://www.polypeptide.com,,7,industry=3/3 capability=1/2 size=2/2 trigger=1/2,,Tier 1
ZETA,AUT,Lieboch,1356,"bioprocess_vendors,cdmo_classic,originator_pharma",crustdata+research,Pharmaceutical Manufacturing / The ZETA Group is an end-to-end solution provider operating globally and special,9.26672038678485% growth,https://www.zeta.com/,,7,industry=3/3 capability=1/2 size=2/2 trigger=1/2,,Tier 1
Salutas Pharma GmbH (Sandoz),DEU,Barleben (Magdeburg),"1,250",sterile_generics,research,,EUR 70M Barleben aseptic line 2025,sandoz.com,,7,industry=3/3 capability=2/2 size=2/2 trigger=0/2,,Tier 1
Stallergenes Greer,CHE,Baar,1147,"originator_pharma,specialty_orphan",crustdata+research,Pharmaceutical Manufacturing / Stallergenes Greer is a global biopharmaceutical company specialising in allergy,4.557885141294439% growth,https://www.stallergenesgreer.com,,7,industry=2/3 capability=2/2 size=2/2 trigger=1/2,,Tier 1
Roehm,DEU,Darmstadt,967,oncology_hpapi,crustdata,chemical manufacturing / Röhm is one of the world's leading manufacturers in the field of methacrylate ch,,https://www.roehm.com/,,7,industry=3/3 capability=2/2 size=2/2 trigger=0/2,industrial_false_positive,Excluded
EVER Pharma cell arm,AUT,Unterach,~900 (group),atmp_cell_gene,research,Cell-therapy fill/finish CDMO,2024 cell therapy fill/finish line,https://everpharma.com,,7,industry=3/3 capability=2/2 size=2/2 trigger=0/2,,Tier 1
University of Heidelberg,DEU,Heidelberg,858,oncology_hpapi,crustdata,research services / Heidelberg University is one of the top-ranking locations in the world of intern,,http://www.uni-heidelberg.de,,7,industry=3/3 capability=2/2 size=2/2 trigger=0/2,industrial_false_positive,Excluded
medac group,DEU,Wedel,830,"originator_pharma,sterile_generics",crustdata+research,"Pharmaceutical Manufacturing / At medac Group, we believe that health is humanity’s most valuable resource. Sin",5.597964376590331% growth,http://www.medac-group.com,oncology_general,7,industry=3/3 capability=1/2 size=2/2 trigger=1/2,,Tier 1
Axplora,DEU,Raubling,809,"cdmo_classic,originator_pharma",crustdata,"Pharmaceutical Manufacturing / We are Axplora, a company bringing together Farmabios, Novasep and PharmaZell. A",5.751633986928105% growth,http://www.axplora.com,,7,industry=3/3 capability=1/2 size=2/2 trigger=1/2,,Tier 1
G.L. Pharma GmbH,AUT,Lannach,750,sterile_generics,research,,EUR 60M Lannach sterile-fill + lyo expansion 2024–26,gl-pharma.at,,7,industry=3/3 capability=0/2 size=2/2 trigger=2/2,,Tier 1
Idorsia Pharmaceuticals Ltd,CHE,Allschwil,718,"late_stage_biotech,originator_pharma,specialty_orphan",crustdata+research+research+research,"Pharmaceutical Manufacturing / The purpose of Idorsia is to discover, develop, and commercialize innovative med",FDA approved Mar 2024; US commercial launch Oct 2024 — first commercial product,http://www.idorsia.com,,7,industry=3/3 capability=1/2 size=2/2 trigger=1/2,,Tier 1
Teva ratiopharm Werk Weiler,DEU,Weiler im Allgäu,700,sterile_generics,research,,EUR 60M PFS line expansion 2025,teva.com,,7,industry=3/3 capability=0/2 size=2/2 trigger=2/2,,Tier 1
CureVac,DEU,Tübingen,646,"atmp_cell_gene,late_stage_biotech,vaccines",crustdata+research+research,Biotechnology Research / CureVac (Nasdaq: CVAC) is a pioneering multinational biotech company founded in ,"GSK acquisition completed 2025; Tübingen mRNA line retained, LNP R&D continues",http://curevac.com,oncology_general,7,industry=3/3 capability=2/2 size=2/2 trigger=0/2,,Tier 1
ITM Isotope Technologies Munich SE,DEU,Garching,637,"late_stage_biotech,oncology_hpapi,originator_pharma",crustdata+research,"Pharmaceutical Manufacturing / PASSION FOR PRECISION.ITM, a leading radiopharmaceutical biotech company, is ded","New 5,000 m² Neufahrn GMP plant operational (9 mfg lines); Actineer JV for Ac-225",http://www.itm-radiopharma.com,"oncology_general,radiopharma",7,industry=3/3 capability=2/2 size=2/2 trigger=0/2,,Tier 1
Nuvisan,DEU,Neu Ulm,634,cdmo_classic,crustdata,"Biotechnology Research / Your partner of choice in bringing therapeutics to life, Nuvisan is the unique C",-1.5527950310559007% growth,http://www.nuvisan.com,,7,industry=3/3 capability=1/2 size=2/2 trigger=1/2,,Tier 1
Immatics,DEU,Tübingen,617,"atmp_cell_gene,late_stage_biotech",crustdata+research+research+research,Biotechnology Research / Immatics is committed to making a meaningful impact on the lives of patients wit,Ph3 SUPRAME initiated Dec 2024; interim/final PFS 2026; planned BLA H1 2027,http://www.immatics.com,"oncology_celltherapy,oncology_general",7,industry=3/3 capability=2/2 size=2/2 trigger=0/2,,Tier 1
Novartis CAR-T Stein (Kymriah),CHE,Stein (AG),~600,atmp_cell_gene,research,Autologous CAR-T commercial (Kymriah),2024 capacity ramp post-EMA Europe-only manufacturing approval,https://www.novartis.com,oncology_celltherapy,7,industry=3/3 capability=2/2 size=2/2 trigger=0/2 [manual override],,Tier 1
DFE Pharma,DEU,Goch,574,"originator_pharma,sterile_generics",crustdata,Pharmaceutical Manufacturing / DFE Pharma is a global leader in pharmaceutical excipient solutions. We  develop,10.81081081081081% growth,http://www.dfepharma.com,,7,industry=3/3 capability=1/2 size=2/2 trigger=1/2,,Tier 1
ratiopharm,DEU,Ulm,574,"oncology_hpapi,originator_pharma,sterile_generics",crustdata+research,Pharmaceutical Manufacturing / About ratiopharmratiopharm became known as the first generics company in Europe.,EUR 50M Ulm packaging + sterile QC upgrade 2024,https://www.ratiopharm.de,,7,industry=3/3 capability=2/2 size=2/2 trigger=0/2,,Tier 1
EVER Pharma,AUT,Unterach am Attersee,559,"specialty_orphan,sterile_generics",crustdata+research,Pharmaceutical Manufacturing / EVER Pharma is a fully integrated specialty pharmaceuticals company focused on t,3.5185185185185186% growth,http://www.everpharma.com,oncology_general,7,industry=3/3 capability=1/2 size=2/2 trigger=1/2,,Tier 1
SOLEVO Group,CHE,Le Grand-Saconnex,559,oncology_hpapi,crustdata,chemical manufacturing / SOLEVO is a leading specialty chemicals distribution platform and partner to far,,http://www.solevogroup.com,,7,industry=3/3 capability=2/2 size=2/2 trigger=0/2,industrial_false_positive,Excluded
Gebro Pharma GmbH,AUT,Fieberbrunn,550,sterile_generics,research,"Sterile ampoules, hospital products",EUR 30M Fieberbrunn aseptic upgrade 2025,gebro.com,,7,industry=3/3 capability=2/2 size=2/2 trigger=0/2,,Tier 1
Nordmark Pharma,DEU,Uetersen,~550,originator_pharma,research,"Pancreatin, collagenase (biopharma)",Biotech expansion ongoing; novel microbial lipase pipeline,https://www.nordmark-pharma.de/en/,,7,industry=2/3 capability=2/2 size=2/2 trigger=1/2,,Tier 1
Pierre Fabre Pharma GmbH,DEU,Freiburg,550,sterile_generics,research,,EUR 30M Freiburg cytotoxic line 2024,pierre-fabre.com,cytostatika_hpapi,7,industry=3/3 capability=2/2 size=2/2 trigger=0/2,,Tier 1
SOPHiA GENETICS,CHE,Tartegnin,522,late_stage_biotech,crustdata,Biotechnology Research / SOPHiA GENETICS was founded in 2011 by biologists who had a vision to create a t,5.668016194331984% growth,http://www.sophiagenetics.com/,oncology_general,7,industry=3/3 capability=1/2 size=2/2 trigger=1/2,industrial_false_positive,Excluded
Cheplapharm Greifswald,DEU,Greifswald,~500,sterile_generics,research,"Legacy sterile injectables (oncology, niche hospital)",,https://www.cheplapharm.com,oncology_general,7,industry=3/3 capability=2/2 size=2/2 trigger=0/2,,Tier 1
Cilag AG (J&J) Schaffhausen,CHE,Schaffhausen,~500,sterile_generics,research,Sterile biologics & injectables (cap at scope edge),,https://www.cilag.ch,,7,industry=3/3 capability=2/2 size=2/2 trigger=0/2,,Tier 1
Fresenius Kabi Friedberg site,DEU,Friedberg (Hessen),~500,sterile_generics,research,"Oncology sterile injectables, hospital admixtures",,https://www.fresenius-kabi.com,oncology_general,7,industry=3/3 capability=2/2 size=2/2 trigger=0/2,,Tier 1
Vetter Pharma Ravensburg (small site),DEU,Ravensburg,~500 (site),sterile_generics,research,"Aseptic prefilled syringes, cartridges (CDMO)",,https://www.vetter-pharma.com,,7,industry=3/3 capability=2/2 size=2/2 trigger=0/2,,Tier 1
Debiopharm,CHE,Lausanne,473,oncology_hpapi,crustdata,pharmaceutical manufacturing / Bridging the gap between disruptive discovery products and real-world patient re,,http://www.debiopharm.com,"adc,cytostatika_hpapi,oncology_general,radiopharma",7,industry=3/3 capability=2/2 size=2/2 trigger=0/2,,Tier 1
CENTOGENE,DEU,Rostock,458,"late_stage_biotech,specialty_orphan",crustdata,Biotechnology Research / CENTOGENE is a leading company in the field of genetic diagnostics and precision,13.086419753086421% growth,https://www.centogene.com/,,7,industry=3/3 capability=1/2 size=2/2 trigger=1/2,industrial_false_positive,Excluded
Haupt Pharma Wolfratshausen (Aenova),DEU,Wolfratshausen,~400,sterile_generics,research,"Aseptic small-volume parenterals, cytotoxics",,https://www.aenova-group.com,,7,industry=3/3 capability=2/2 size=2/2 trigger=0/2,,Tier 1
Octapharma HQ Lachen,CHE,Lachen SZ,"~400 (HQ; 12,000 group)",plasma_fractionation,research,"Group HQ, R&D, regulatory; fractionation in AT/DE/FR/SE",Funds group-wide capex; Vienna EUR 200 M and Springe expansions are HQ-driven; FY24 group revenues EUR 3.6 B,https://en.wikipedia.org/wiki/Octapharma,,7,industry=3/3 capability=0/2 size=2/2 trigger=2/2,,Tier 1
Takeda Orth a.d. Donau,AUT,Orth an der Donau,~400,plasma_fractionation,research,Global QC laboratory — 40+ biologics/plasma products tested,QC lab capacity build-out supporting Vienna/Linz throughput,https://jobs.takeda.com/austria,,7,industry=3/3 capability=2/2 size=2/2 trigger=0/2,,Tier 1
Dottikon Exclusive Synthesis AG,CHE,Dottikon,391,oncology_hpapi,crustdata,"chemical manufacturing / DOTTIKON manufactures high-quality performance chemicals, intermediates, and exc",,http://www.dottikon.com,,7,industry=3/3 capability=2/2 size=2/2 trigger=0/2,,Tier 1
Heraeus Precious Metals,DEU,Hanau am Main,385,oncology_hpapi,crustdata,chemical manufacturing / Heraeus Precious Metals is globally leading in the precious metals industry. The,,http://www.heraeus-precious-metals.com,"cytostatika_hpapi,oncology_general",7,industry=3/3 capability=2/2 size=2/2 trigger=0/2,,Tier 1
Dr. Falk Pharma,DEU,Freiburg,380,"originator_pharma,specialty_orphan",crustdata+research,Pharmaceutical Manufacturing / Dr. Falk Pharma GmbH has been developing and marketing innovative medicines to t,EUR 40M Freiburg solid-dose expansion 2025,http://www.drfalkpharma.de,,7,industry=2/3 capability=1/2 size=2/2 trigger=2/2,,Tier 1
Rottendorf Pharma,DEU,Ennigerloh,375,cdmo_classic,crustdata,"Pharmaceutical Manufacturing / A first-class contract development and manufacturing organization (CDMO), Rotten",7.4498567335243555% growth,https://rottendorf.com/contact,,7,industry=3/3 capability=1/2 size=2/2 trigger=1/2,,Tier 1
SOTAX Group,CHE,Aesch,374,cdmo_classic,crustdata,"Pharmaceutical Manufacturing / Since 1973, SOTAX is at the forefront of pharmaceutical testing innovation suppo",2.185792349726776% growth,http://www.sotax.com,,7,industry=3/3 capability=1/2 size=2/2 trigger=1/2,direct_competitor,Excluded
Eurofins BioPharma Product Testing Germany,DEU,Krailling,339,"bioprocess_vendors,veterinary_pharma",crustdata+research,Pharmaceutical Manufacturing / Welcome to the corporate page of the Eurofins BioPharma Product Testing (BPT) la,-8.130081300813007% growth,https://www.eurofins.de/biopharma-product-testing/,,7,industry=2/3 capability=2/2 size=2/2 trigger=1/2,industrial_false_positive,Excluded
BioSpring GmbH,DEU,Frankfurt,338,cdmo_classic,crustdata,"Pharmaceutical Manufacturing / BioSpring GmbH is one of the pioneers in the oligonucleotide CDMO industry, with",-14.430379746835442% growth,https://www.biospring.net,,7,industry=3/3 capability=1/2 size=2/2 trigger=1/2,,Tier 1
Henry Schein Animal Health Deutschland GmbH,DEU,Hamburg + Munich logistics,~330 (DACH distribution + repack),veterinary_pharma,research,"Distribution + private-label vet pharma, repackaging GMP",Hamburg GMP repack expansion 2024 (EUR 6 m),https://www.henryschein.de,,7,industry=2/3 capability=1/2 size=2/2 trigger=2/2,industrial_false_positive,Excluded
Saltigo,DEU,Germany,329,oncology_hpapi,crustdata,chemical manufacturing / Saltigo is a 100% subsidiary and business unit of the specialty chemicals compan,,http://www.saltigo.com,,7,industry=3/3 capability=2/2 size=2/2 trigger=0/2,,Tier 1
Pharmalys Laboratories,CHE,Hochdorf,327,cdmo_classic,crustdata,"Pharmaceutical Manufacturing / At Pharmalys Laboratories, we take pride in our Swiss heritage and our commitmen",7.213114754098362% growth,https://www.pharmalyslabs.com,,7,industry=3/3 capability=1/2 size=2/2 trigger=1/2,industrial_false_positive,Excluded
KD Pharma Group,CHE,Bioggio,326,cdmo_classic,crustdata,Pharmaceutical Manufacturing / KD Pharma Group | Creating Health SolutionsThe KD Pharma Group is a CDMO that de,-0.911854103343465% growth,https://www.kdpharmagroup.com,,7,industry=3/3 capability=1/2 size=2/2 trigger=1/2,industrial_false_positive,Excluded
LTS Lohmann Therapie-Systeme AG,DEU,Andernach,324,cdmo_classic,crustdata,"Pharmaceutical Manufacturing / At LTS, our purpose drives everything we do: We CARE for patients, our partners ",5.88235294117647% growth,http://www.ltslohmann.com,,7,industry=3/3 capability=1/2 size=2/2 trigger=1/2,,Tier 1
Adragos Pharma,DEU,Munich,304,"cdmo_classic,medical_cannabis,vaccines",crustdata+research+research,Pharmaceutical Manufacturing / Adragos Pharma is an internationally operating contract development and manufact,11.355311355311356% growth,https://www.adragos-pharma.com/,,7,industry=3/3 capability=1/2 size=2/2 trigger=1/2,,Tier 1
Zentiva Pharma GmbH (DE site),DEU,Frankfurt am Main,~300,sterile_generics,research,"Generic sterile injectables, hospital products",,https://www.zentiva.com,,7,industry=3/3 capability=2/2 size=2/2 trigger=0/2,,Tier 1
Friedrich-Loeffler-Institut,DEU,Greifswald,296,"academic_gmp,veterinary_pharma",crustdata+research+research,"Research Services / As Federal Research Institute for Animal Health, the Friedrich-Loeffler-Institut",EUR 300 m BSL-4 expansion 2024-2027 (federal),http://www.fli.de,,7,industry=2/3 capability=1/2 size=2/2 trigger=2/2,industrial_false_positive,Excluded
nilo,DEU,Berlin,276,oncology_hpapi,crustdata,mental health care / nilo delivers high-quality mental health support that creates real impact – for ,,https://nilohealth.com,,7,industry=3/3 capability=2/2 size=2/2 trigger=0/2,industrial_false_positive,Excluded
ADA Cosmetics,DEU,Kehl,259,oncology_hpapi,crustdata,personal care product manufacturing / ADA Cosmetics has been developing and producing high-end cosmetics and dispensin,,https://ada-cosmetics.com,,7,industry=3/3 capability=2/2 size=2/2 trigger=0/2,industrial_false_positive,Excluded
Fraunhofer IZI,DEU,Leipzig,258,"academic_gmp,atmp_cell_gene",crustdata+research+research,Biotechnology Research / The Fraunhofer Institute for Cell Therapy and Immunology IZI investigates and de,2024 ATMP-Sachsen cluster lead; new vector hall,http://www.izi.fraunhofer.de,"oncology_celltherapy,oncology_general",7,industry=3/3 capability=2/2 size=2/2 trigger=0/2,,Tier 1
Losan Pharma GmbH,DEU,Neuenburg,256,cdmo_classic,crustdata,Pharmaceutical Manufacturing / Your business partner in Pharma Technology.Contract Manufacturing in compliance ,3.225806451612903% growth,https://www.losan-pharma.de/,,7,industry=3/3 capability=1/2 size=2/2 trigger=1/2,,Tier 1
Pint Pharma,AUT,Vienna,256,specialty_orphan,crustdata,Pharmaceutical Manufacturing / Pint Pharma is a biopharmaceutical company that specialises in the commercialisa,-0.7751937984496124% growth,http://www.pint-pharma.com,oncology_general,7,industry=2/3 capability=2/2 size=2/2 trigger=1/2,,Tier 1
Polichem / Almirall Hermal sterile site,DEU,Reinbek,~250,sterile_generics,research,Dermo sterile injectables / topicals,,https://www.almirall.com,,7,industry=3/3 capability=2/2 size=2/2 trigger=0/2,,Tier 1
Resilience (ex-Apceth Bio),DEU,Munich / Ottobrunn,~250 (DE),atmp_cell_gene,research,"Autologous CAR-T, gene-modified MSCs, viral vector","2024 Resilience integration, capacity ramp for client CAR-T programs",https://resilience.com,oncology_celltherapy,7,industry=3/3 capability=2/2 size=2/2 trigger=0/2,,Tier 1
Haema Blood Donation Service,DEU,Leipzig,223,plasma_fractionation,crustdata,Pharmaceutical Manufacturing / In Haema everyone has a job with a cause!Are you passionate about making a diffe,10.396039603960396% growth,https://www.haema.de/karriere/,,7,industry=3/3 capability=1/2 size=2/2 trigger=1/2,,Tier 1
MorphoSys,DEU,Krailling,208,late_stage_biotech,crustdata,"Biotechnology Research / For additional information on our community guidelines, please visit https://www",-45.69190600522193% growth,http://www.morphosys.com,oncology_general,7,industry=3/3 capability=1/2 size=2/2 trigger=1/2 [manual override],,Tier 2
Axolabs,DEU,Kulmbach,199,atmp_cell_gene,crustdata,Biotechnology Research / Axolabs specialises in a new class of drugs whose active ingredients are chemica,4.18848167539267% growth,http://www.axolabs.com,,7,industry=3/3 capability=2/2 size=1/2 trigger=1/2,,Tier 1
Coriolis Pharma,DEU,Krailling,185,"atmp_cell_gene,cdmo_classic,vaccines",crustdata,Pharmaceutical Manufacturing / Coriolis Pharma is a globally operating and science driven contract research and,5.714285714285714% growth,https://www.coriolis-pharma.com,,7,industry=3/3 capability=2/2 size=1/2 trigger=1/2,,Tier 1
Richter BioLogics,DEU,Hamburg,180,"cdmo_classic,vaccines",crustdata,Biotechnology Research / Richter BioLogics is a world-class and expanding cGMP contract manufacturer (CDM,2.857142857142857% growth,https://www.richterbiologics.eu,,7,industry=3/3 capability=2/2 size=1/2 trigger=1/2,,Tier 1
Miltenyi Biomedicine,DEU,Bergisch Gladbach,173,atmp_cell_gene,crustdata,Pharmaceutical Manufacturing / Miltenyi Biomedicine is a biopharmaceutical company that develops innovative cel,28.14814814814815% growth,http://www.miltenyibiomedicine.com,"oncology_celltherapy,oncology_general",7,industry=3/3 capability=2/2 size=1/2 trigger=1/2,,Tier 1
Cerbios-Pharma SA,CHE,Lugano,163,"cdmo_classic,oncology_hpapi,plasma_fractionation,veterinary_pharma",crustdata,"Pharmaceutical Manufacturing / Cerbios-Pharma SA | A HAS Group CompanyWe are a leading CDMO, uniquely integrati",0.0% growth,http://www.cerbios.ch,"adc,cytostatika_hpapi,oncology_general",7,industry=3/3 capability=2/2 size=1/2 trigger=1/2,,Tier 1
Single Use Support,AUT,Kufstein,162,"bioprocess_vendors,cdmo_classic,vaccines",crustdata+research+research,Biotechnology Research / Pioneering Biopharma: Single Use Support provides innovative fluid and cold chai,14.893617021276595% growth,https://www.susupport.com,adc,7,industry=3/3 capability=2/2 size=1/2 trigger=1/2,direct_competitor,Excluded
BA.Unternehmensgruppe,DEU,Ibbenbüren,153,sterile_generics,crustdata,Pharmaceutical Manufacturing / Die BA.Unternehmensgruppe agiert als Hersteller & Händler hochsensibler und oftm,8.51063829787234% growth,http://www.ba-unternehmensgruppe.de,cytostatika_hpapi,7,industry=3/3 capability=2/2 size=1/2 trigger=1/2,,Tier 1
ABX advanced biochemical compounds GmbH,DEU,Germany,150,cdmo_classic,crustdata,Pharmaceutical Manufacturing / ABX advanced biochemical compounds is a global frontrunner in radiopharmaceutica,7.142857142857142% growth,https://abx.de/mandatory-information,radiopharma,7,industry=3/3 capability=2/2 size=1/2 trigger=1/2,,Tier 1
CO.DON / Tetec / B. Braun cell therapy,DEU,Reutlingen / Teltow,~150,"atmp_cell_gene,specialty_orphan",research,"Autologous chondrocytes (Spherox, ATMP — own GMP plant)",2024 commercial scale-up under B. Braun,https://www.codon.de,,7,industry=3/3 capability=2/2 size=1/2 trigger=1/2,,Tier 1
AC Immune,CHE,Écublens,143,late_stage_biotech,crustdata+research,Biotechnology Research / AC Immune SA is a clinical-stage biopharmaceutical company and a global leader i,One Phase 3 program in pipeline; multiple Phase 2 readouts 2024–2026,http://www.acimmune.com,,7,industry=3/3 capability=2/2 size=1/2 trigger=1/2 [manual override],,Tier 2
Medipolis,DEU,Jena,127,sterile_generics,crustdata,"Pharmaceutical Manufacturing / Wir sind ein mittelständisches Familienunternehmen mit Hauptsitz in Jena, das na",9.482758620689655% growth,https://www.medipolis.de/,cytostatika_hpapi,7,industry=3/3 capability=2/2 size=1/2 trigger=1/2,,Tier 1
Neovii,CHE,Rapperswil,123,atmp_cell_gene,crustdata,Biotechnology / Neovii is a global leader in polyclonal antibody immunosuppressive therapy used ,7.894736842105263% growth,http://www.neovii.com,oncology_general,7,industry=3/3 capability=2/2 size=1/2 trigger=1/2,,Tier 1
ProtaGene,DEU,Heilbronn,123,atmp_cell_gene,crustdata,Biotechnology Research / ProtaGene is a world-leading CRO partner for the biopharmaceutical and gene and ,-11.510791366906476% growth,http://protagene.com,,7,industry=3/3 capability=2/2 size=1/2 trigger=1/2,,Tier 1
TICEBA / Rheacell,DEU,Heidelberg,~120,atmp_cell_gene,research,Allogeneic ABCB5+ MSC (skin-derived),"2024 Phase 3 EB readout, 2025 BLA prep",https://www.rheacell.com,,7,industry=3/3 capability=2/2 size=1/2 trigger=1/2,,Tier 1
Cryo-Save Group,CHE,Freienbach,117,atmp_cell_gene,crustdata,Biotechnology Research / CRYOSAVE is the largest family stem cell bank in Europe. The flagship laboratory,0.0% growth,http://www.cryosave.com/,,7,industry=3/3 capability=2/2 size=1/2 trigger=1/2,industrial_false_positive,Excluded
Selectavet Dr. Otto Fischer GmbH (WDT group),DEU,Weyarn (Bavaria),~110 (>200 incl. WDT integration),veterinary_pharma,research,"Specialty vet pharma, dermatology, ophthalmology, equine","Weyarn cleanroom expansion 2024 (EUR 8 m, internal)",https://www.selectavet.de,,7,industry=2/3 capability=2/2 size=1/2 trigger=2/2,industrial_false_positive,Excluded
Evolvus Inc.,DEU,Frankfurt,108,atmp_cell_gene,crustdata,Biotechnology / Evolvus is a leading global provider of innovative data-driven solutions and pro,13.684210526315791% growth,http://www.evolvus.com,,7,industry=3/3 capability=2/2 size=1/2 trigger=1/2,industrial_false_positive,Excluded
MIKROGEN GmbH,DEU,Neuried,106,atmp_cell_gene,crustdata,Biotechnology Research / MIKROGEN is a global provider of system solutions for medical laboratory diagnos,-1.8518518518518516% growth,http://www.mikrogen.de,,7,industry=3/3 capability=2/2 size=1/2 trigger=1/2,industrial_false_positive,Excluded
Tubulis GmbH,DEU,Munich,103,"atmp_cell_gene,late_stage_biotech,oncology_hpapi",crustdata+research+research+research+research,biotechnology research / Tubulis® generates uniquely matched protein-drug conjugates by combining proprie,€308M Series C Oct 2025; Ph1/2 ongoing; Gilead acquisition announced Apr 2026 ($3.1B upfront),http://www.tubulis.com,adc,7,industry=3/3 capability=2/2 size=1/2 trigger=1/2 [manual override],,Tier 2
Cevec Pharmaceuticals (Cytiva),DEU,Cologne,~80,atmp_cell_gene,research,"AAV, lentivirus (ELEVECTA cell line)",Integrated into Cytiva's Marlborough viral-vector hub; Cologne PD center expansion 2024,https://www.cytiva.com/news-center,,7,industry=3/3 capability=2/2 size=0/2 trigger=2/2,,Tier 1
PlasmidFactory,DEU,Bielefeld,~50,atmp_cell_gene,research,Plasmid DNA (research + GMP),Bielefeld GMP suite expansion 2024,https://www.plasmidfactory.com/news/,,7,industry=3/3 capability=2/2 size=0/2 trigger=2/2,,Tier 1
Eckert & Ziegler Radiopharma,DEU,Berlin,,late_stage_biotech,research,Radiopharma CDMO + own pipeline,New cGMP suite Berlin commissioning; Wilmington/Jintan mirror sites operational 2025,https://www.businesswire.com/news/home/20210414005367/en/Eckert-Ziegler-to-Build-cGMP-Facility-for-Radiopharmaceutical-Services-in-Berlin,radiopharma,7,industry=3/3 capability=2/2 size=0/2 trigger=2/2,,Tier 1
Roche,CHE,Basel,103249,"atmp_cell_gene,late_stage_biotech",crustdata+research+research,Biotechnology Research / Roche is a global pioneer in pharmaceuticals and diagnostics focused on advancin,Kaiseraugst CHF 1.2B drug-product expansion incl. CGT fill-finish 2024–26,http://www.roche.com/,oncology_general,6,industry=3/3 capability=2/2 size=0/2 trigger=1/2 [manual override],,Tier 1
Sandoz,CHE,Basel,17414,"atmp_cell_gene,originator_pharma,sterile_generics",crustdata+research+research+research+research,"Pharmaceutical Manufacturing / Sandoz is the global leader in generic and biosimilar medicines, with a growth s",EUR 250M Kundl penicillin expansion (last EU producer) co-funded by Austrian govt; biosimilar fill line Schaftenau,https://www.sandoz.com,oncology_general,6,industry=3/3 capability=2/2 size=0/2 trigger=1/2,,Tier 2
Merck Life Science,DEU,Darmstadt,8513,"bioprocess_vendors,cdmo_classic",crustdata+research,"Biotechnology Research / Together with our colleagues, customers and stakeholders, we impact life and hea",2.988144205177837% growth,http://www.sigmaaldrich.com,,6,industry=3/3 capability=1/2 size=1/2 trigger=1/2,direct_competitor,Excluded
"Merck KGaA, Darmstadt, Germany",DEU,Darmstadt,7224,originator_pharma,crustdata+research,"Pharmaceutical Manufacturing / We are Merck KGaA, Darmstadt, Germany and its global affiliates. We are a leadin",EUR 300M Darmstadt biotech expansion 2024; EUR 590M global Life Science incl. Darmstadt,http://www.emdgroup.com,oncology_general,6,industry=2/3 capability=1/2 size=1/2 trigger=2/2,,Tier 2
Sanofi-Aventis Deutschland GmbH,DEU,Frankfurt am Main (Höchst Industriepark),"~6,800","originator_pharma,vaccines",research,"Diabetes (insulin glargine/Lantus, Toujeo), vaccines fill-finish",EUR 1.3B+ on Frankfurt insulin & biologics expansion incl. new fill-finish line announced 2024,https://www.sanofi.com/en/media-room/press-releases/2024/2024-02-08-frankfurt-investment,,6,industry=2/3 capability=2/2 size=1/2 trigger=1/2,,Tier 2
BioNTech SE,DEU,Mainz,5093,"atmp_cell_gene,late_stage_biotech,vaccines",crustdata+research+research+research,Biotechnology Research / Biopharmaceutical New Technologies (BioNTech) is a global biotechnology company ,"Pivotal Ph3 PFS hit (China BC, 2025); FDA BLA submission planned 2026 (endometrial); first oncology launch targeted 2026",https://www.biontech.com/int/en/home.html,"immuno_oncology,oncology_celltherapy,oncology_general",6,industry=3/3 capability=2/2 size=1/2 trigger=0/2 [manual override],,Tier 1
Evotec,DEU,Hamburg,4833,cdmo_classic,crustdata,Biotechnology Research / Evotec is a biotechnology company that is committed to advancing drug discovery ,44.05365126676602% growth,http://www.evotec.com,oncology_general,6,industry=3/3 capability=1/2 size=1/2 trigger=1/2,,Tier 2
Boehringer Ingelheim Vetmedica GmbH,DEU,Ingelheim am Rhein,"~3,500 (DE AH)",veterinary_pharma,research,"Vaccines (PRRS, FMD, poultry), parasiticides, sterile injectables, biologicals",EUR 415 m biologicals expansion Ingelheim 2023-2026; new sterile fill-finish line Hannover-Mitte,https://www.boehringer-ingelheim.com/animal-health,,6,industry=2/3 capability=2/2 size=1/2 trigger=1/2 [manual override],,Tier 1
Takeda Vienna Donaustadt,AUT,Vienna,"~3,000 (of ~4,500 AT)",plasma_fractionation,research,"IgG (GAMMAGARD, CUVITRU, HYQVIA), albumin, factor VIII (ADVATE), fibrinogen, AAT (GLASSIA)",Multi-year plasma capacity ramp in Vienna; AHEAD steam heat-pump CO2 project; 7 AT locations expansion,https://www.takeda.com/de-at/what-we-do/plasma-made-in-austria/,,6,industry=3/3 capability=0/2 size=2/2 trigger=1/2,,Tier 2
Optima Pharma,DEU,Schwäbisch Hall,"~2,800","bioprocess_vendors,vaccines",research,"Fill-finish lines, isolators, freeze-dryers, syringe/vial machines",,https://www.optima-packaging.com/,cytostatika_hpapi,6,industry=2/3 capability=2/2 size=2/2 trigger=0/2,direct_competitor,Excluded
CordenPharma (Plankstadt/Würzburg),DEU,Plankstadt,"~2,600 (group DE)",vaccines,research,"LNP excipients (PEG-lipids), sterile fill-finish for mRNA vaccines",,https://www.cordenpharma.com/,,6,industry=2/3 capability=2/2 size=2/2 trigger=0/2,,Tier 2
WALA,DEU,Bad Boll,2513,originator_pharma,crustdata,Pharmaceutical Manufacturing / Welcome to a company that has been harvesting the best of nature since 1935.Here,14.696485623003195% growth,http://www.wala.world,,6,industry=2/3 capability=1/2 size=2/2 trigger=1/2,,Tier 2
Biotest AG (Grifols Group),DEU,Dreieich,"~2,500","originator_pharma,plasma_fractionation,specialty_orphan",research,"IgG (Yimmugo, intratect), fibrinogen (Fibrinogen Human Biotest), AAT, albumin, hyperimmune (Trimodulin trial)","""Biotest Next Level"" EUR >250 M, doubled site capacity to 3 M L plasma, ramping to 2026; +300 jobs; Yimmugo FDA Jun 2024, US shipping mid-2025",https://www.biotest.com/de/de/press/news.cfm,,6,industry=3/3 capability=0/2 size=2/2 trigger=1/2,,Tier 2
Daiichi Sankyo Europe GmbH,DEU,"Pfaffenhofen an der Ilm, München","~2,400","originator_pharma,vaccines",research,"Cardiovascular (Lixiana), oncology (Enhertu) — EU mfg hub",EUR 250M Pfaffenhofen solid-dose & oncology fill-finish 2024–2026,https://www.daiichi-sankyo.com/media,oncology_general,6,industry=2/3 capability=2/2 size=2/2 trigger=0/2,industrial_false_positive,Excluded
Acino,CHE,Zurich,2306,"cdmo_classic,originator_pharma",crustdata+research,"Pharmaceutical Manufacturing / Acino is a Swiss pharmaceutical company headquartered in Zurich, with a clear fo","Liesberg ""cutting-edge bulk"" plant ongoing modernization",http://www.acino.swiss,,6,industry=3/3 capability=1/2 size=2/2 trigger=0/2,,Tier 2
Octapharma Vienna,AUT,Vienna (Favoriten),"~2,300 (Leading Employers cert.)",plasma_fractionation,research,"IgG (octagam, fanhdi), factor VIII (Nuwiq), fibrinogen (FIBRYGA), albumin (Albunorm)","EUR 200 M Vienna site expansion announced 2025, +160 jobs; 35-yr anniversary site; one of the world's most modern fractionation plants",https://www.octapharma.com/news/press-release/2025/octapharma-expands-production-for-the-global-market-at-its-manufacturing-site-in-vienna,,6,industry=3/3 capability=0/2 size=2/2 trigger=1/2,,Tier 2
Berlin-Chemie Menarini,DEU,Berlin,2192,originator_pharma,crustdata,Pharmaceutical Manufacturing / BERLIN-CHEMIE is an international research-based pharmaceutical company with its,3.493862134088763% growth,http://www.berlin-chemie.de,oncology_general,6,industry=2/3 capability=1/2 size=2/2 trigger=1/2,,Tier 2
MSD Deutschland,DEU,Munich,1977,"originator_pharma,vaccines,veterinary_pharma",crustdata,"Pharmaceutical Manufacturing / Bei MSD, in den USA und Kanada bekannt als Merck & Co., Inc., Rahway, NJ, USA, e",0.7131940906775344% growth,https://www.msd.de/impressum/,oncology_general,6,industry=2/3 capability=1/2 size=2/2 trigger=1/2,,Tier 2
Viatris (ex-Mylan/Meda/Upjohn),DEU,"Bad Homburg, Hannover, Berlin","1,900",sterile_generics,research,,Hannover sterile-line modernization; divested EU OTC to Cooper 2024 (still injectable HQ DACH),viatris.com/investors,,6,industry=3/3 capability=1/2 size=2/2 trigger=0/2,,Tier 2
PharmaLex,DEU,Bad Homburg,1834,originator_pharma,crustdata,"Pharmaceutical Manufacturing / PharmaLex is now part of Cencora, a leading global pharmaceutical solutions orga",-8.11623246492986% growth,http://www.pharmalex.com,,6,industry=2/3 capability=1/2 size=2/2 trigger=1/2,,Tier 2
Sobi (Swedish Orphan Biovitrum),SE,"Stockholm HQ; Vienna AT, Basel CH affiliates","~1,800 group",specialty_orphan,research,"Rare hematology (hemophilia, ITP), immunology, specialty (TTP, gout)",Own biologics mfg (Sweden core); DACH = commercial affiliates,https://www.sobi.com/en/about,,6,industry=2/3 capability=2/2 size=2/2 trigger=0/2,non_target_country,Excluded
Merial,DEU,Ingelheim am Rhein,1748,originator_pharma,crustdata,Pharmaceutical Manufacturing / Merial became Boehringer Ingelheim in 2016. This page is no longer active.Please,-0.1142857142857143% growth,https://www.boehringer-ingelheim.com/,,6,industry=2/3 capability=1/2 size=2/2 trigger=1/2,,Tier 2
CSL Vifor,CHE,St Gallen,1695,"late_stage_biotech,originator_pharma,specialty_orphan",crustdata+research+research,"Pharmaceutical Manufacturing / For all jobs, information and content please follow the CSL LinkedIn page.","Own API + finished-dose mfg, including new Multicube facility, St. Gallen",https://www.csl.com/,,6,industry=3/3 capability=1/2 size=2/2 trigger=0/2,,Tier 2
Novartis Oncology,CHE,Basel,1628,originator_pharma,crustdata,"Pharmaceutical Manufacturing / At Novartis, our mission is to discover new ways to improve and extend people's ",-4.291593180482069% growth,https://www.novartis.com/about/therapeutic-areas/oncology,"immuno_oncology,oncology_general",6,industry=2/3 capability=1/2 size=2/2 trigger=1/2 [manual override],,Tier 1
Körber Technologies,DEU,Hamburg,1516,plasma_fractionation,crustdata,Mechanical Or Industrial Engineering / Körber Technologies GmbH is the lead company of the Körber Business Area Technol,0.6640106241699867% growth,https://www.koerber-technologies.com/,,6,industry=3/3 capability=0/2 size=2/2 trigger=1/2,,Tier 2
MSD Animal Health (Intervet Deutschland GmbH),DEU,Unterschleissheim / Burgwedel / Cologne,"~1,400",veterinary_pharma,research,"Vaccines (Nobilis, Bovilac), antibiotics, parasiticides, monoclonals (Bovaer pipeline)",EUR 100 m+ Burgwedel vaccine plant expansion 2024-2025,https://www.msd-tiergesundheit.de,,6,industry=2/3 capability=0/2 size=2/2 trigger=2/2,,Tier 2
Skan AG,CHE,Allschwil,"~1,400","bioprocess_vendors,vaccines",research,"Pharma isolators, RABS, decontamination (SKANFOG)",,https://www.skan.com/,,6,industry=2/3 capability=2/2 size=2/2 trigger=0/2,direct_competitor,Excluded
Aenova Group,DEU,Starnberg,1329,"originator_pharma,vaccines",crustdata+research,Pharmaceutical Manufacturing / Our products and behaviour affect and improve the health and well-being of milli,7.698541329011345% growth,http://www.aenova-group.com,,6,industry=2/3 capability=1/2 size=2/2 trigger=1/2,,Tier 2
Merz Therapeutics,DEU,Frankfurt,1290,"originator_pharma,specialty_orphan",crustdata,Pharmaceutical Manufacturing / Merz Therapeutics GmbH is dedicated to delivering better outcomes for more patie,9.507640067911714% growth,https://www.merztherapeutics.com,,6,industry=2/3 capability=1/2 size=2/2 trigger=1/2,,Tier 2
Novo Nordisk Pharma GmbH,DEU,Mainz,"~1,200 (DE incl. tech hub)",originator_pharma,research,"Diabetes/obesity (Ozempic, Wegovy) — DE distribution & secondary",EUR 80M Mainz expansion 2024 (secondary packaging + R&D),https://www.novonordisk.de/presse.html,,6,industry=2/3 capability=0/2 size=2/2 trigger=2/2,,Tier 2
IBSA Group,CHE,Lugano,1107,originator_pharma,crustdata+research,Pharmaceutical Manufacturing / IBSA Institut Biochimique SA is a privately owned pharmaceutical company founded,"""cosmos"" plant inaugurated 2022 (16,200 m²); ongoing Ticino expansion",http://www.ibsagroup.com/,,6,industry=2/3 capability=1/2 size=2/2 trigger=1/2,,Tier 2
Eli Lilly Deutschland,DEU,Alzey (Rhineland),"~1,000 (ramping to 1,400 by 2027)",originator_pharma,research,"Diabetes/obesity (Mounjaro, Zepbound), GLP-1 fill-finish",EUR 2.3B Alzey greenfield injectable plant 2024–2027,https://investor.lilly.com/news-releases/news-release-details/lilly-invest-23-billion-build-new-manufacturing-facility,,6,industry=2/3 capability=2/2 size=2/2 trigger=0/2,,Tier 2
Weleda AG (DE site),DEU,Schwäbisch Gmünd,"~1,000 (DE) / 2,500 group",originator_pharma,research,Anthroposophic medicines + natural cosmetics,"""Cradle Campus"" sustainable logistics+production center under construction",https://transsolar.com/projects/schwabisch-gmund-weleda-logistikzentrum,,6,industry=2/3 capability=0/2 size=2/2 trigger=2/2,,Tier 2
IDT Biologika Animal Health (Klocke Gruppe),DEU,Dessau-Rosslau,"~900 (AH segment of ~1,800 site total)",veterinary_pharma,research,"Live + inactivated viral vaccines, autogenous vaccines, CDMO biologicals",EUR 130 m BSL-3 viral vaccine facility commissioned 2024; further EUR 50 m fill-finish 2025,https://www.idt-biologika.com,,6,industry=2/3 capability=2/2 size=2/2 trigger=0/2,,Tier 2
Heel,DEU,Baden-Baden,884,originator_pharma,crustdata,"Pharmaceutical Manufacturing / We develop, produce and distribute medicinal products based on natural ingredien",4.739336492890995% growth,http://www.heel.com,,6,industry=2/3 capability=1/2 size=2/2 trigger=1/2,,Tier 2
Euroimmun,DEU,Lübeck,849,specialty_orphan,crustdata,"Biotechnology Research / As one of the world's leading manufacturers of medical laboratory diagnostics, E",1.0714285714285714% growth,http://www.euroimmun.de,,6,industry=2/3 capability=1/2 size=2/2 trigger=1/2,,Tier 2
Takeda Pharmaceuticals (formerly Nycomed),CHE,Opfikon,828,"originator_pharma,specialty_orphan",crustdata+research,"Pharmaceutical Manufacturing / On October 1, 2011, Takeda Pharmaceutical Company Limited acquired Nycomed. Thro",EUR 200M+ Wien plasma fractionation 2024; Orth vaccine expansion,http://www.takeda.com,,6,industry=2/3 capability=1/2 size=2/2 trigger=1/2,,Tier 2
Helvepharm AG / Mepha (Teva CH),CHE,"Aesch, Frauenfeld",800,sterile_generics,research,"Sterile generics, hospital injectables",CHF 40M Aesch sterile QC lab 2024,mepha.ch,,6,industry=3/3 capability=1/2 size=2/2 trigger=0/2,,Tier 2
Wörwag Pharma GmbH & Co. KG,DEU,Böblingen,788,"bioprocess_vendors,originator_pharma,specialty_orphan,sterile_generics",crustdata+research+research,Pharmaceutical Manufacturing / Wörwag Pharma GmbH & Co. KG is a family-owned and international operating pharma,Mauermann acquired 2023 → Wörwag Pharma Production Pöcking 2024; Łódź plant since 2021,http://www.woerwagpharma.com,,6,industry=3/3 capability=1/2 size=2/2 trigger=0/2,,Tier 2
Engelhard Arzneimittel,DEU,Niederdorfelden,~700 (excluded),originator_pharma,research,"OTC respiratory (Prospan), Isla, Tyrosur, Esprico",New plant active since 1997 base; line modernization,—,,6,industry=2/3 capability=0/2 size=2/2 trigger=2/2,,Tier 2
mibe GmbH Arzneimittel (Dermapharm),DEU,Sandersdorf-Brehna,~700,"originator_pharma,specialty_orphan,sterile_generics",research,"Dermatology, vitamin D, generics+originator solid/semi-solid forms","12,400 m² logistics expansion (2019 base); ongoing capacity expansion under Dermapharm 2024 plan",https://dermapharm.com/en-en/group-of-companies/production-and-development-in-germany/,,6,industry=3/3 capability=0/2 size=2/2 trigger=1/2,,Tier 2
Recipharm Wasserburg,DEU,Wasserburg am Inn,~700,vaccines,research,Sterile fill-finish; contract filling of vaccine vials,,https://www.recipharm.com/,,6,industry=2/3 capability=2/2 size=2/2 trigger=0/2,,Tier 2
Solvias,CHE,Kaiseraugst,692,originator_pharma,crustdata,Pharmaceutical Manufacturing / Solvias helps innovative companies advance their path to commercialization with ,6.6255778120184905% growth,http://www.solvias.com,,6,industry=2/3 capability=1/2 size=2/2 trigger=1/2,,Tier 2
TRB Chemedica International,CHE,Carouge,641,originator_pharma,crustdata,"Pharmaceutical Manufacturing / We are a market-leading pharma and biotechnology company, based in Switzerland a",2.56% growth,https://www.trbchemedica.com,,6,industry=2/3 capability=1/2 size=2/2 trigger=1/2,,Tier 2
AOP Health,AUT,Vienna,608,"originator_pharma,specialty_orphan",crustdata,"Pharmaceutical Manufacturing / AOP Health is a global enterprise group with roots in Austria, where the headqua",13.011152416356877% growth,http://www.aop-health.com,oncology_general,6,industry=2/3 capability=1/2 size=2/2 trigger=1/2,,Tier 2
Aspen Bad Oldesloe GmbH (Aspen Pharmacare),DEU,Bad Oldesloe,600,sterile_generics,research,,EUR 90M Bad Oldesloe anaesthetics expansion (Diprivan/propofol franchise) 2024–26,aspenpharma.com,,6,industry=3/3 capability=0/2 size=2/2 trigger=1/2,,Tier 2
Hikma Pharmaceuticals Deutschland GmbH,DEU,"Eschborn (commercial), Martinsried",600,sterile_generics,research,,Linked to Hikma Portugal sterile-fill EUR 80M expansion; DE QC lab build-out,hikma.com/investors,,6,industry=3/3 capability=0/2 size=2/2 trigger=1/2,,Tier 2
OM Pharma,CHE,Meyrin,591,originator_pharma,crustdata,Pharmaceutical Manufacturing / OM Pharma transforms immune health with bacterial lysates-innovative therapies t,1.3722126929674099% growth,http://www.ompharma.com,,6,industry=2/3 capability=1/2 size=2/2 trigger=1/2,,Tier 2
Fraunhofer Institute for Industrial Engineering IAO,DEU,Stuttgart,579,"academic_gmp,vaccines",crustdata,"Research Services / How will people live and work in the future? Asking this and similar questions, ",-3.177257525083612% growth,https://www.iao.fraunhofer.de,,6,industry=2/3 capability=1/2 size=2/2 trigger=1/2,,Tier 2
Jungbunzlauer,CHE,Basel,579,specialty_orphan,crustdata,"Biotechnology / Jungbunzlauer is a leading producer of high-quality, sustainable ingredients fro",8.426966292134832% growth,https://www.jungbunzlauer.com,,6,industry=2/3 capability=1/2 size=2/2 trigger=1/2,,Tier 2
Schülke & Mayr,DEU,Norderstedt,516,originator_pharma,crustdata,"Pharmaceutical Manufacturing / For 135 years, we stand for pioneering spirit, innovation and quality. Founded b",10.256410256410255% growth,http://www.schuelke.com,,6,industry=2/3 capability=1/2 size=2/2 trigger=1/2,,Tier 2
Salutas Pharma Barleben,DEU,Barleben,~500,sterile_generics,research,Sterile generic injectables (Sandoz/Hexal),,https://www.salutas.de,,6,industry=3/3 capability=1/2 size=2/2 trigger=0/2,,Tier 2
Swissmedic,CHE,Bern,490,"academic_gmp,veterinary_pharma",crustdata+research,Government Administration / Swissmedic is the national authorisation and supervisory authority for drugs and,0.2044989775051125% growth,https://www.swissmedic.ch/swissmedic/de/home.html,,6,industry=2/3 capability=1/2 size=2/2 trigger=1/2,,Tier 2
CHEPLAPHARM,DEU,Greifswald,479,specialty_orphan,crustdata,"Pharmaceutical Manufacturing / As a globally operating company headquartered in Germany, CHEPLAPHARM has establ",5.274725274725275% growth,http://www.cheplapharm.com,,6,industry=2/3 capability=1/2 size=2/2 trigger=1/2,,Tier 2
Croma-Pharma,AUT,Leobendorf,461,"cdmo_classic,originator_pharma,sterile_generics",crustdata+research+research,Pharmaceutical Manufacturing / Croma is a global player in the minimally invasive aesthetics market and a leadi,New HQ 2017; Clinicore AI venture launched April 2026,http://www.cromapharma.com,,6,industry=3/3 capability=1/2 size=2/2 trigger=0/2,,Tier 2
Paul-Ehrlich-Institut,DEU,Dreieich,446,"academic_gmp,vaccines,veterinary_pharma",crustdata+research+research,Research Services / The Paul-Ehrlich-Institut is Germany's Federal Institute for Vaccines and Biomed,-4.700854700854701% growth,https://www.pei.de,,6,industry=2/3 capability=1/2 size=2/2 trigger=1/2,,Tier 2
Covis Pharma,CHE,Zug,436,specialty_orphan,crustdata,"Pharmaceutical Manufacturing / Founded in 2011, Covis Pharma is a private equity backed global specialty pharma",-11.91919191919192% growth,https://covispharma.com/,,6,industry=2/3 capability=1/2 size=2/2 trigger=1/2,,Tier 2
Berlin-Chemie Bernburg site,DEU,Bernburg,~400,sterile_generics,research,"Sterile parenterals, ampoules",,https://www.berlin-chemie.de,,6,industry=3/3 capability=1/2 size=2/2 trigger=0/2,,Tier 2
Cosmo Pharmaceuticals,CHE,Lugano (HQ),~400,late_stage_biotech,research,"Winlevi (clascoterone), GI Genius — CE/FDA already; new EMA filing pipeline",2024 revenue €265.7M (+186% YoY); EMA approval expected H1 2025 on next product,[Cosmo Pharma](https://www.cosmopharma.com/news/cosmo-pharmaceuticals-announces-strong-full-year-2024-revenue-and-cash-and-provides-business-and-pipeline-updates),,6,industry=3/3 capability=1/2 size=2/2 trigger=0/2,,Tier 2
Helsinn Group,CHE,Lugano,355,specialty_orphan,crustdata,"Pharmaceutical Manufacturing / Helsinn is a global pharmaceutical company that builds, manufactures, launches, ",-0.5602240896358543% growth,http://www.helsinn.com,oncology_general,6,industry=2/3 capability=1/2 size=2/2 trigger=1/2 [manual override],,Tier 1
"Richter Pharma DACH-Vertrieb (Wels HQ, AT)",AUT,Wels,~350,veterinary_pharma,research,"Vet generics, sterile injectables, exporter",,https://www.richter-pharma.at,,6,industry=2/3 capability=2/2 size=2/2 trigger=0/2,,Tier 2
Chiesi Deutschland,DEU,Hamburg,339,specialty_orphan,crustdata+research+research,"Pharmaceutical Manufacturing / Chiesi dedicates itself to the research, development and sales of innovative, th",DE arm = commercial; group has own biologics mfg in Parma/Lidköping,http://www.chiesi.de,,6,industry=2/3 capability=2/2 size=2/2 trigger=0/2,,Tier 2
Delta Medical,CHE,Zurich,327,specialty_orphan,crustdata,Pharmaceutical Manufacturing / Delta Medical is a Swiss pharmaceutical company providing its partners with fast,3.8095238095238098% growth,http://www.deltaswiss.eu,oncology_general,6,industry=2/3 capability=1/2 size=2/2 trigger=1/2,,Tier 2
"University of Natural Resources and Life Sciences, Vienna",AUT,Vienna,307,veterinary_pharma,crustdata,"Biotechnology / The University of Natural Resources and Life Sciences, Vienna, the Alma Mater Vi",-0.967741935483871% growth,http://www.boku.ac.at,,6,industry=2/3 capability=1/2 size=2/2 trigger=1/2,,Tier 2
A. Menarini GmbH,CHE,Zurich,291,specialty_orphan,crustdata,"Pharmaceutical Manufacturing / A. Menarini GmbH (Menarini) is the Swiss subsidiary of the MENARINI Group, Italy",5.054151624548736% growth,https://menarini.ch/,,6,industry=2/3 capability=1/2 size=2/2 trigger=1/2,,Tier 2
Tillotts Pharma AG,CHE,Rheinfelden,291,"originator_pharma,specialty_orphan",crustdata+research,"Pharmaceutical Manufacturing / Tillotts Pharma AG, part of the Japanese Zeria Group, is a fast-growing specialt",CHF 3m office renovation 2023; Salmenpark + B15 expansion,http://www.tillotts.com,,6,industry=2/3 capability=1/2 size=2/2 trigger=1/2,,Tier 2
Bela-Pharm GmbH & Co. KG,DEU,Vechta,~280,veterinary_pharma,research,"Veterinary generics, sterile injectables (CMO), antibiotics, anaesthetics",New aseptic filling line Vechta 2025 (EUR 22 m),https://www.bela-pharm.com,,6,industry=2/3 capability=2/2 size=2/2 trigger=0/2,,Tier 2
Virbac Tierarzneimittel GmbH,DEU,Bad Oldesloe,~260,veterinary_pharma,research,"Companion animal pharma, dental, dermatology, vaccines (rabies, FeLV)",Bad Oldesloe packaging + QC expansion 2025 (EUR 18 m),https://de.virbac.com,,6,industry=2/3 capability=0/2 size=2/2 trigger=2/2,,Tier 2
Octapharma Dessau,DEU,Dessau-Roßlau,~250,plasma_fractionation,research,"Packaging, secondary logistics for Octapharma group",Logistics/packaging line expansion linked to Springe/Vienna ramp,https://www.octapharma.com/about-us/our-locations,,6,industry=3/3 capability=0/2 size=2/2 trigger=1/2,,Tier 2
Tillomed (Tillotts) Rheinfelden,CHE,Rheinfelden,~250,sterile_generics,research,Sterile gastro/oncology injectables,,https://www.tillotts.com,oncology_general,6,industry=3/3 capability=1/2 size=2/2 trigger=0/2,,Tier 2
Veyx-Pharma GmbH,DEU,Schwarzenborn,~250,veterinary_pharma,research,"Reproduction biologicals (PGF2alpha, GnRH), sterile injectables, infusion",Schwarzenborn aseptic line 2025 (EUR 12 m),https://www.veyx.de,,6,industry=2/3 capability=2/2 size=2/2 trigger=0/2,,Tier 2
CP-Pharma Handelsges. mbH,DEU,Burgdorf,~220,veterinary_pharma,research,"Sterile vet injectables, anaesthetics, generics, hormones",Burgdorf isolator filling line 2025 (EUR 14 m),https://www.cp-pharma.de,,6,industry=2/3 capability=2/2 size=2/2 trigger=0/2,,Tier 2
Laboratoires Bailleul,CHE,Geneva,211,specialty_orphan,crustdata,"Pharmaceutical Manufacturing / Groupe pharmaceutique français indépendant, les Laboratoires Bailleul proposent ",1.932367149758454% growth,http://www.bailleul.com,,6,industry=2/3 capability=1/2 size=2/2 trigger=1/2,,Tier 2
Serumwerk Memsen-Hodenhagen GmbH,DEU,Hodenhagen,~210,veterinary_pharma,research,"Veterinary infusion solutions, plasma expanders, sterile biologicals",Hodenhagen biologicals expansion 2025 (EUR 25 m),https://www.serumwerk.com,,6,industry=2/3 capability=0/2 size=2/2 trigger=2/2,,Tier 2
Medicover Genetics,DEU,Berlin,209,specialty_orphan,crustdata,Biotechnology Research / Medicover Genetics is a network of laboratories and medical institutions with ov,2.450980392156863% growth,https://medicover-genetics.com/,oncology_general,6,industry=2/3 capability=1/2 size=2/2 trigger=1/2,,Tier 2
Basilea Pharmaceutica,CHE,Allschwil,~200,late_stage_biotech,research,Ceftobiprole (Zevtera) — SAB / ABSSSI / CABP; fosmanogepix (antifungal),"Zevtera FDA NDA approved Apr 2024, US commercial launch May 2025 (via Innoviva); fosmanogepix Ph3 FAST-IC initiated Sep 2024",[Basilea / GlobeNewswire](https://www.globenewswire.com/news-release/2024/09/24/2951846/0/en/Basilea-initiates-clinical-phase-3-study-with-antifungal-fosmanogepix-in-candidemia-and-invasive-candidiasis.html),,6,industry=3/3 capability=1/2 size=2/2 trigger=0/2 [manual override],,Tier 1
ten23 health,CHE,Basel,199,sterile_generics,crustdata,Pharmaceutical Manufacturing / ten23 health is the human-centric and sustainable strategic partner of choice fo,9.340659340659341% growth,https://www.ten23.health/,,6,industry=3/3 capability=1/2 size=1/2 trigger=1/2,,Tier 2
Dr. Pfleger Arzneimittel GmbH,DEU,Bamberg,189,cdmo_classic,crustdata,Pharmaceutical Manufacturing / Dr. Pfleger Arzneimittel GmbH is a medium-sized pharmaceutical company with over,-6.435643564356436% growth,http://www.dr-pfleger.de,,6,industry=3/3 capability=1/2 size=1/2 trigger=1/2,,Tier 2
ProBioGen AG,DEU,Berlin,189,"atmp_cell_gene,cdmo_classic,vaccines",crustdata+research+research+research,Biotechnology Research / ProBioGen is a renowned contract development and manufacturing organization (CDM,"New Berlin viral-vector facility (2024 announcement, GMP qualification 2025)",http://www.probiogen.de/,,6,industry=3/3 capability=2/2 size=1/2 trigger=0/2 [manual override],,Tier 1
Dr. Barbara Sturm,DEU,Düsseldorf,181,oncology_hpapi,crustdata,"personal care product manufacturing / Dr. Barbara Sturm is a German aesthetics doctor, world-recognized for non-surgic",,http://drsturm.com,,6,industry=3/3 capability=2/2 size=1/2 trigger=0/2,industrial_false_positive,Excluded
Formycon AG,DEU,Krailling,181,"late_stage_biotech,oncology_hpapi",crustdata+research,"Biotechnology Research / Who we areFormycon AG is a leading, independent developer of high-quality biosim","FYB203 FDA + EMA approved 2024–2025; EU launch May 2026, US Q4 2026; FYB202 launched 2024 (UK, Canada, US)",http://www.formycon.com,"immuno_oncology,oncology_general",6,industry=3/3 capability=2/2 size=1/2 trigger=0/2 [manual override],,Tier 1
Weleda do Brasil,CHE,Switzerland,181,cdmo_classic,crustdata,"Pharmaceutical Manufacturing / Fundada na Suíça em 1921, oferecemos tratamentos eficazes naturais de saúde, bel",7.100591715976331% growth,http://www.weleda.com.br/,,6,industry=3/3 capability=1/2 size=1/2 trigger=1/2,,Tier 2
BRAIN Biotech AG,DEU,Zwingenberg,174,"bioprocess_vendors,late_stage_biotech,specialty_orphan",crustdata,"Biotechnology / The BRAIN Biotech Group is a leading company in the research, development and pr",-3.867403314917127% growth,https://www.brain-biotech-group.com,,6,industry=3/3 capability=1/2 size=1/2 trigger=1/2,,Tier 2
Molecular Partners,CHE,Schlieren,161,"atmp_cell_gene,late_stage_biotech",crustdata+research+research,Biotechnology Research / Molecular Partners AG is a clinical-stage biotech company pioneering the design ,None — Orano Med mfg for Radio-DARPin; in-house GMP for protein,http://www.molecularpartners.com,"immuno_oncology,oncology_general,radiopharma",6,industry=3/3 capability=2/2 size=1/2 trigger=0/2,,Tier 2
Labtec,DEU,Langenfeld,156,cdmo_classic,crustdata,"Pharmaceutical Manufacturing / By your side - from idea to marketWe, Labtec, have a vast expertise as a full se",4.697986577181208% growth,http://www.adhexpharma.com/labtec,,6,industry=3/3 capability=1/2 size=1/2 trigger=1/2,,Tier 2
Grifols Frankfurt office,DEU,Frankfurt am Main,~150 (commercial),plasma_fractionation,research,Commercial HQ for DE/AT/HU; 55 European plasma centers across DE/AT/HU,Owns Biotest (via Tiancheng); EUR 50 M one-time capex savings 2025 from Biotest synergy; Barcelona EUR ~400 M new plant for 2030,https://www.grifols.com/en/deutschland,,6,industry=3/3 capability=0/2 size=1/2 trigger=2/2,,Tier 2
Sanofi (Genzyme Geneva pre-2024) / now ExoCoBio CH,CHE,Geneva,~150,atmp_cell_gene,research,"Exosome, gene therapy",Geneva exosome GMP fit-out 2025,https://www.exocobio.com/en/news,,6,industry=3/3 capability=2/2 size=1/2 trigger=0/2,,Tier 2
Themis-Valneva / Vienna Biocenter cell node,AUT,Vienna,~150,atmp_cell_gene,research,iPSC and CAR-T academic (CCRI / St. Anna),2024 BMBWF cell-therapy infrastructure grant,https://www.viennabiocenter.org,oncology_celltherapy,6,industry=3/3 capability=2/2 size=1/2 trigger=0/2,,Tier 2
PROTEROS biostructures GmbH,DEU,Krailling,149,cdmo_classic,crustdata,Biotechnology Research / Proteros is a privately held early-stage services provider in structure-based dr,1.3605442176870748% growth,http://www.proteros.com,,6,industry=3/3 capability=1/2 size=1/2 trigger=1/2,,Tier 2
Lunaphore (a Bio-Techne brand),CHE,Tolochenaz,146,late_stage_biotech,crustdata,"Biotechnology Research / Lunaphore Technologies S.A., a Bio-Techne brand, is a Swiss-based life sciences ",-3.9473684210526314% growth,http://www.lunaphore.com,"immuno_oncology,oncology_general",6,industry=3/3 capability=1/2 size=1/2 trigger=1/2,,Tier 2
BIOMEX,DEU,Heidelberg,138,plasma_fractionation,crustdata,Biotechnology Research / BIOMEX is Europe’s leading supplier of human biospecimens for the diagnostics an,-1.4285714285714286% growth,http://www.biomex.de,oncology_general,6,industry=3/3 capability=1/2 size=1/2 trigger=1/2,,Tier 2
Alliance Medical Radiopharmacy,DEU,Berlin,136,oncology_hpapi,crustdata,pharmaceutical manufacturing / Alliance Medical Radiopharmacy is a pharmaceuticals company.We are a team of han,,http://alliancemedical.com,radiopharma,6,industry=3/3 capability=2/2 size=1/2 trigger=0/2,,Tier 2
HWI group,DEU,Rülzheim,135,sterile_generics,crustdata,"Pharmaceutical Manufacturing / With 150 colleagues at 3 sites in Ruelzheim, Frankfurt and Appenweier we look ba",11.570247933884298% growth,https://www.hwi-group.de/,,6,industry=3/3 capability=1/2 size=1/2 trigger=1/2,,Tier 2
MoonLake Immunotherapeutics (NASDAQ: MLTX),CHE,Zug,133,late_stage_biotech,crustdata+research,Biotechnology Research / MoonLake Immunotherapeutics AG is a clinical-stage biopharmaceutical company lev,VELA-1 Ph3 met primary endpoint Sep 2025 (HS); VELA-2 missed; IZAR Ph3 PsA readout H1 2026; BLA prep underway,http://www.moonlaketx.com,,6,industry=3/3 capability=2/2 size=1/2 trigger=0/2 [manual override],,Tier 1
Microcoat Biotechnologie GmbH,DEU,Bernried,129,cdmo_classic,crustdata,Biotechnology Research / Microcoat offers a wide range of individual and specializedservices for the diag,-0.7692307692307693% growth,http://www.microcoat.de,,6,industry=3/3 capability=1/2 size=1/2 trigger=1/2,,Tier 2
Lyocontract GmbH,DEU,Ilsenburg,~120,sterile_generics,research,Sterile lyophilization & aseptic fill-finish CDMO,,https://www.lyocontract.com,,6,industry=3/3 capability=2/2 size=1/2 trigger=0/2,,Tier 2
T-knife Therapeutics,DEU,Berlin-Buch / Waltham,~120,"atmp_cell_gene,late_stage_biotech",research,TCR-T (HuTCR transgenic mouse platform),Uses Catalent CDMO; Berlin Center for Gene & Cell Therapies (CGT Berlin) opens 2028 — anchor user,https://www.bc-gct.com/,oncology_celltherapy,6,industry=3/3 capability=2/2 size=1/2 trigger=0/2,,Tier 2
Themis Bioscience (MSD),AUT,Vienna,~120,atmp_cell_gene,research,"Measles-vector vaccines, viral vector",Integrated into MSD's Vienna research hub; vector platform retained 2024,https://www.msd.com/research/,,6,industry=3/3 capability=2/2 size=1/2 trigger=0/2,,Tier 2
Stragen,CHE,Plan-les-Ouates,115,"originator_pharma,plasma_fractionation",crustdata+research,"Pharmaceutical Manufacturing / Focusing on innovation for health solutions since 1990, Stragen is a global play",ARCHIMED-backed expansion; 100% European mfg,https://www.stragen.ch,,6,industry=3/3 capability=1/2 size=1/2 trigger=1/2,,Tier 2
CRS Clinical Research Services,DEU,Mannheim,114,cdmo_classic,crustdata,Biotechnology Research / CRS. Experts. Early Phase - part of hVIVO. CRS is a leading European full-servic,5.555555555555555% growth,http://www.crs-earlyphase.com,,6,industry=3/3 capability=1/2 size=1/2 trigger=1/2,,Tier 2
"Ophtapharm, a Sentiss Company",CHE,Hettlingen,113,cdmo_classic,crustdata,"Pharmaceutical Manufacturing / As an established pharmaceutical niche company, we are pursuing the goal of impr",-10.317460317460316% growth,https://www.ophtapharm.ch/en,,6,industry=3/3 capability=1/2 size=1/2 trigger=1/2,,Tier 2
Santhera Pharmaceuticals,CHE,Pratteln,111,"late_stage_biotech,specialty_orphan",crustdata+research+research+research,Pharmaceutical Manufacturing / Santhera Pharmaceuticals (SIX: SANN) is a Swiss specialty pharmaceutical company,EU launch Q1 2024; UK 2024; China 2024; CHMP positive opinion (label expansion to age 2+) Apr 2026,http://www.santhera.com,,6,industry=3/3 capability=1/2 size=1/2 trigger=1/2 [manual override],,Tier 1
Hookipa Pharma,AUT,Vienna / NYC,~110,"atmp_cell_gene,late_stage_biotech",research,"Arenavirus-based cell-engaging platform (HB-200, HB-700 KRAS)",Ph2 ongoing; pivotal Ph2/3 development plan; partnered with Roche/Gilead,https://hookipapharma.com/,,6,industry=3/3 capability=2/2 size=1/2 trigger=0/2,,Tier 2
Mauna Kea / Heidelberg Pharma cell-arm,DEU,Ladenburg,~110,atmp_cell_gene,research,ATAC + CAR-T payload R&D,2025 partnership Telix,https://www.heidelberg-pharma.com,"adc,oncology_celltherapy",6,industry=3/3 capability=2/2 size=1/2 trigger=0/2,,Tier 2
MUNIT SA | Jetpharma | Microchem,CHE,Balerna,110,oncology_hpapi,crustdata,pharmaceutical manufacturing / MUNIT is a leading expert in #MICRONIZATION of Active Pharmaceutical Ingredients,,http://www.munit.com,cytostatika_hpapi,6,industry=3/3 capability=2/2 size=1/2 trigger=0/2 [manual override],,Tier 1
SCIENION,DEU,Berlin,110,cdmo_classic,crustdata,"Biotechnology Research / SCIENION is the leading manufacturer of robust, high performance dispensing auto",5.769230769230769% growth,http://www.scienion.com/,,6,industry=3/3 capability=1/2 size=1/2 trigger=1/2,,Tier 2
HAS Healthcare Advanced Synthesis SA,CHE,Biasca,103,oncology_hpapi,crustdata,pharmaceutical manufacturing / HAS Healthcare Advanced Synthesis SA | The HAS GroupWe are a leading full-servic,,https://www.hashealthcare.com,"adc,cytostatika_hpapi,oncology_general",6,industry=3/3 capability=2/2 size=1/2 trigger=0/2 [manual override],,Tier 1
Gedeon Richter - PregLem S.A.,CHE,Geneva,102,specialty_orphan,crustdata,Pharmaceutical Manufacturing / PregLem is a Swiss-based specialty biopharmaceutical company dedicated to the de,0.9900990099009901% growth,http://www.preglem.com,,6,industry=2/3 capability=2/2 size=1/2 trigger=1/2,,Tier 2
R-Pharm Germany GmbH,DEU,Illertissen,101,oncology_hpapi,crustdata,"pharmaceutical manufacturing / Experience development and team spirit.""Start your career in a company that take",,http://www.r-pharm.de,cytostatika_hpapi,6,industry=3/3 capability=2/2 size=1/2 trigger=0/2,,Tier 2
Berlin-Buch BIH/Charité ATMP / BCRT,DEU,Berlin-Buch,~100,atmp_cell_gene,research,"CAR-T academic, MSC, gene therapy","2025 new ATMP node within Berlin-Buch campus, BMBF-funded",https://www.bihealth.org,oncology_celltherapy,6,industry=3/3 capability=2/2 size=1/2 trigger=0/2,,Tier 2
Pluristyx / ElevateBio Switzerland,CHE,Basel (EU hub),~100 (CH),atmp_cell_gene,research,"iPSC, AAV, lentivirus",Basel CGT PD center opened 2024,https://www.elevate.bio/news,,6,industry=3/3 capability=2/2 size=1/2 trigger=0/2,,Tier 2
ABX-CRO advanced pharmaceutical services Forschungsgesellschaft,DEU,Dresden,95,"cdmo_classic,oncology_hpapi",crustdata,Pharmaceutical Manufacturing / DEDICATED TO INNOVATIONS IN MEDICINEABX-CRO is an independent international Cont,30.136986301369863% growth,https://www.abx-cro.com,"oncology_general,radiopharma",6,industry=3/3 capability=2/2 size=0/2 trigger=1/2,,Tier 2
ROTOP Pharmaka GmbH,DEU,Dresden,91,"cdmo_classic,oncology_hpapi",crustdata,Pharmaceutical Manufacturing / ROTOP Pharmaka is a leading pharmaceutical company that manufactures cGMP compli,18.181818181818183% growth,http://www.rotop-pharmaka.de,radiopharma,6,industry=3/3 capability=2/2 size=0/2 trigger=1/2,,Tier 2
medac pharma production GmbH,DEU,Dessau,81,cdmo_classic,crustdata,Pharmaceutical Manufacturing / medac pharma production GmbH is a world-wide reliable partner for the manufactur,-6.896551724137931% growth,http://production-medac.de,"adc,cytostatika_hpapi",6,industry=3/3 capability=2/2 size=0/2 trigger=1/2,,Tier 2
ZytoService Deutschland GmbH,DEU,Hamburg,81,sterile_generics,crustdata,Pharmaceutical Manufacturing / Die ZytoService Deutschland GmbH gehört zu den national führenden Unternehmen fü,-2.4096385542168677% growth,http://www.zytoservice.de,cytostatika_hpapi,6,industry=3/3 capability=2/2 size=0/2 trigger=1/2,,Tier 2
Cellistic (ex-Ncardia clinical),DEU,Cologne,~80 (DE),atmp_cell_gene,research,"iPSC-derived allogeneic (NK, CAR-NK, CAR-T) CDMO",2025 €40M expansion of Cologne iPSC mfg,https://www.cellistic.com,oncology_celltherapy,6,industry=3/3 capability=2/2 size=0/2 trigger=1/2,,Tier 2
Numab Therapeutics AG,CHE,Horgen,78,late_stage_biotech,crustdata+research+research,Biotechnology Research / Numab Therapeutics is a biopharmaceutical company focused on the discovery and d,$1.25B JNJ acquisition of NM26 May 2024; $222M Series C Jan 2025; Ph2/3 prep,http://www.numab.com,oncology_general,6,industry=3/3 capability=2/2 size=0/2 trigger=1/2,,Tier 2
Sartorius CellGenix GmbH,DEU,Freiburg,78,atmp_cell_gene,crustdata,Biotechnology Research / Sartorius CellGenix is a leading global supplier of high quality raw and ancilla,18.181818181818183% growth,https://cellgenix.com,,6,industry=3/3 capability=2/2 size=0/2 trigger=1/2,direct_competitor,Excluded
Microsynth AG,CHE,Balgach,76,"atmp_cell_gene,cdmo_classic,vaccines,veterinary_pharma",crustdata,Biotechnology / Microsynth (founded in 1989) is a leading company in Europe in the field of DNA/,-2.564102564102564% growth,https://www.microsynth.com,,6,industry=3/3 capability=2/2 size=0/2 trigger=1/2,,Tier 2
RHEACELL GmbH & Co. KG,DEU,Heidelberg,74,atmp_cell_gene,crustdata,Pharmaceutical Manufacturing / RHEACELL is a late-stage biopharmaceutical company focused on transforming the t,27.586206896551722% growth,https://www.rheacell.com/,,6,industry=3/3 capability=2/2 size=0/2 trigger=1/2,,Tier 2
JPT Peptide Technologies,DEU,Berlin,73,"atmp_cell_gene,cdmo_classic,oncology_hpapi,vaccines",crustdata,"Biotechnology Research / We are the Peptide Experts!JPT has a large peptide synthesis capacity, providing",0.0% growth,https://www.jpt.com/,radiopharma,6,industry=3/3 capability=2/2 size=0/2 trigger=1/2,,Tier 2
Glycostem Therapeutics (DACH ops),DEU,Dresden (mfg via Cellex),~70,atmp_cell_gene,research,Allogeneic CAR-NK (oNKord),2024 WiNK Phase 2 readout; expansion of Dresden mfg,https://www.glycostem.com,oncology_celltherapy,6,industry=3/3 capability=2/2 size=0/2 trigger=1/2,,Tier 2
Octapharma Heidelberg,DEU,Heidelberg,~70 (growing to 100),plasma_fractionation,research,Recombinant biologics pilot plant (Nuwiq rFVIII research),Expansion underway to 100 staff; pilot-scale recombinant facility,https://www.octapharma-biopharmaceuticals.com/en/about/company/locations/heidelberg.html,,6,industry=3/3 capability=2/2 size=0/2 trigger=1/2,,Tier 2
Oculis,CHE,Lausanne,68,"late_stage_biotech,specialty_orphan",crustdata,Biotechnology Research / Oculis is a global biopharmaceutical company (Nasdaq: OCS; XICE: OCS) purposeful,17.24137931034483% growth,https://www.oculis.com,,6,industry=3/3 capability=2/2 size=0/2 trigger=1/2,,Tier 2
Nouscom,CHE,Basel,66,"atmp_cell_gene,late_stage_biotech",crustdata,Biotechnology Research / Nouscom is a clinical-stage biotech company redefining cancer immunotherapy thro,1.5384615384615385% growth,http://www.nouscom.com,oncology_general,6,industry=3/3 capability=2/2 size=0/2 trigger=1/2,,Tier 2
ExcellGene SA,CHE,Monthey,65,"atmp_cell_gene,cdmo_classic",crustdata,Biotechnology Research / Looking for a trusted partner in the development of cell lines and manufacturing,10.16949152542373% growth,https://www.excellgene.com/,,6,industry=3/3 capability=2/2 size=0/2 trigger=1/2,,Tier 2
HAYA Therapeutics,CHE,Lausanne Metropolitan Area,64,atmp_cell_gene,crustdata,Biotechnology Research / HAYA Therapeutics is a precision medicines company developing RNA-guided program,16.363636363636363% growth,http://www.hayatx.com,oncology_general,6,industry=3/3 capability=2/2 size=0/2 trigger=1/2,,Tier 2
Navigo Proteins GmbH,DEU,Halle,56,"atmp_cell_gene,oncology_hpapi",crustdata,Biotechnology Research / Navigo Proteins discovers and develops novel scaffold proteins-based affinity li,14.285714285714285% growth,http://www.navigo-proteins.com,"oncology_celltherapy,radiopharma",6,industry=3/3 capability=2/2 size=0/2 trigger=1/2,,Tier 2
VelaLabs,AUT,Vienna,54,atmp_cell_gene,crustdata,Biotechnology Research / VelaLabs is an independent analytical service provider with focus on biologics -,-23.943661971830984% growth,http://www.vela-labs.at/,,6,industry=3/3 capability=2/2 size=0/2 trigger=1/2,,Tier 2
Leukocare AG,DEU,Krailling,53,atmp_cell_gene,crustdata,"Biotechnology Research / For over 20 years, Leukocare has been trusted by pharmaceutical companies, mid-s",12.76595744680851% growth,http://www.leukocare.com,,6,industry=3/3 capability=2/2 size=0/2 trigger=1/2,,Tier 2
DINAMIQS,CHE,Schlieren,50,"atmp_cell_gene,cdmo_classic",crustdata,"Biotechnology Research / DINAMIQS is a leading, science-driven Contract Development and Manufacturing Org",56.25% growth,http://dinamiqs.com/,,6,industry=3/3 capability=2/2 size=0/2 trigger=1/2,,Tier 2
PROGEN,DEU,Heidelberg,45,atmp_cell_gene,crustdata,"Biotechnology / By delivering robust and reliable viral and non-viral gene therapy tools, antibo",15.384615384615385% growth,http://www.progen.com,,6,industry=3/3 capability=2/2 size=0/2 trigger=1/2,,Tier 2
Cytosurge,CHE,Opfikon,44,atmp_cell_gene,crustdata,Biotechnology Research / Cytosurge drives the revolution in #SameCell Biology. With our proprietary Fluid,2.3255813953488373% growth,https://www.cytosurge.com,,6,industry=3/3 capability=2/2 size=0/2 trigger=1/2,,Tier 2
Memo Therapeutics AG,CHE,Schlieren,44,"atmp_cell_gene,late_stage_biotech",crustdata+research+research,Biotechnology Research / Memo Therapeutics AG (“MTx”) is a late-stage biotech company translating unique ,"Series C 2024, Schlieren expansion",http://www.memo-therapeutics.com,oncology_general,6,industry=3/3 capability=2/2 size=0/2 trigger=1/2,,Tier 2
Euro Vital Pharma GmbH,DEU,Hamburg,39,atmp_cell_gene,crustdata,"Pharmaceutical Manufacturing / ProfileEVP, Euro Vital Pharma GmbH is the leading supplier of private labels in ",-15.217391304347828% growth,http://www.eurovitalpharma.com,,6,industry=3/3 capability=2/2 size=0/2 trigger=1/2,,Tier 2
Complement Therapeutics,DEU,Munich,36,atmp_cell_gene,crustdata,Biotechnology / Complement Therapeutics GmbH (CTx) is a German-headquartered biotechnology compa,9.090909090909092% growth,https://complementtx.com/,,6,industry=3/3 capability=2/2 size=0/2 trigger=1/2,,Tier 2
CUP Contract Labs,DEU,Radeberg,36,cdmo_classic,crustdata,"Pharmaceutical Manufacturing / Your trailblazer for the safe and rapid development, approval and quality contro",20.0% growth,https://www.cup-contract-labs.com/en/,radiopharma,6,industry=3/3 capability=2/2 size=0/2 trigger=1/2,,Tier 2
Micro-Sphere SA,CHE,Tresa,36,"cdmo_classic,oncology_hpapi",crustdata,Pharmaceutical Manufacturing / We are a contract development and manufacturing organisation (CDMO) and a specia,5.88235294117647% growth,http://www.microsphere.ch,,6,industry=3/3 capability=2/2 size=0/2 trigger=1/2,,Tier 2
Pentixapharm,DEU,Berlin/Würzburg,,late_stage_biotech,research,Radiopharma (CXCR4),None — uses Eckert & Ziegler CMO; own GMP expected Phase 3,https://www.fiercebiotech.com/biotech/pentixapharm-scores-22m-frankfurt-ipo-push-ahead-clinical-stage-radiopharmaceuticals,radiopharma,6,industry=3/3 capability=2/2 size=0/2 trigger=1/2 [manual override],,Tier 1
Bayer AG (Pharmaceuticals Division),DEU,"Wuppertal, Leverkusen, Berlin, Bergkamen",99723,originator_pharma,research,"Cardiology (Xarelto), women's health, oncology, radiology",EUR 400M Wuppertal 2024–2026 (Aprocitentan/biotech expansion); Berlin radiology fill-finish,https://www.bayer.com/en/news-stories/bayer-invests-in-wuppertal,oncology_general,5,industry=2/3 capability=2/2 size=0/2 trigger=1/2 [manual override],,Tier 1
Lonza,CHE,Münchenstein,18878,"cdmo_classic,originator_pharma,vaccines",crustdata+research+research,"Pharmaceutical Manufacturing / Lonza is a pioneer and world leader in the CDMO industry, setting the pace with ",CHF 500M+ Visp Ibex Biopark mRNA + viral vector 2024–26,http://www.lonza.com,,5,industry=3/3 capability=2/2 size=0/2 trigger=0/2,,Tier 2
B. Braun Melsungen AG (Pharma division),DEU,"Melsungen, Berlin (B. Braun Avitum)","~17,000 (DE)","originator_pharma,sterile_generics",research,"Sterile infusion, dialysis solutions, parenteral nutrition","EUR 1B+ ""Site Melsungen 2025"" expansion; new Pfieffewiesen sterile-fill plant; Ecoflac+ line in Berlin; CHF 80M Sempach IV-bag expansion (CH)",https://www.bbraun.com/en/company/news-and-stories.html,,5,industry=3/3 capability=1/2 size=0/2 trigger=1/2,,Tier 2
Galderma,CHE,Zug,8551,originator_pharma,crustdata,Pharmaceutical Manufacturing / Galderma is the leading company solely dedicated to skin and advancing the futur,5.268989289671304% growth,http://www.galderma.com,,5,industry=2/3 capability=1/2 size=1/2 trigger=1/2,,Tier 2
Merck Healthcare,DEU,Darmstadt,6822,"originator_pharma,specialty_orphan",crustdata,Pharmaceutical Manufacturing / Life is a beautiful gift and health is what allows us to enjoy it. That is why w,6.245133156829154% growth,http://merckgroup.com,"immuno_oncology,oncology_general",5,industry=2/3 capability=1/2 size=1/2 trigger=1/2,,Tier 2
STADA Group,DEU,Bad Vilbel,6471,"originator_pharma,specialty_orphan",crustdata,"Pharmaceutical Manufacturing / As STADA, we follow our purpose of ""Caring for People’s Health as a Trusted Part",3.785084202085004% growth,http://www.stada.com,,5,industry=2/3 capability=1/2 size=1/2 trigger=1/2,,Tier 2
Stevanato Group (DE site),DEU,Piombino Dese (HQ IT) / Frankfurt office,"~5,500",vaccines,research,"EZ-fill vials, syringes; partner for COVID mRNA vaccines",,https://www.stevanatogroup.com/,,5,industry=2/3 capability=2/2 size=1/2 trigger=0/2,,Tier 2
Gerresheimer,DEU,Düsseldorf,3724,"originator_pharma,vaccines",crustdata+research,Pharmaceutical Manufacturing / About GerresheimerGerresheimer is an innovative system and solution provider and,2.3639362286970864% growth,http://www.gerresheimer.com,,5,industry=2/3 capability=1/2 size=1/2 trigger=1/2,,Tier 2
STADA Arzneimittel AG,DEU,"Bad Vilbel, Dresden","~3,300 (DE)","medical_cannabis,originator_pharma,sterile_generics",research,Pharma processor / brand owner — partners MediPharm Labs for finishing,CannabiSTADA growth post-2024 legalization; STADA largest DE pharma in cannabis by volume,https://www.stada.com/media/press-releases,,5,industry=3/3 capability=0/2 size=1/2 trigger=1/2,,Tier 2
Deutsches Krebsforschungszentrum (DKFZ),DEU,Heidelberg,"~3,000",academic_gmp,research,"GMP unit for clinical trial materials (cell therapy, radiopharma)",,https://www.dkfz.de,radiopharma,5,industry=1/3 capability=2/2 size=2/2 trigger=0/2,,Tier 2
Helmholtz Munich (HMGU),DEU,Munich/Neuherberg,"~2,500",academic_gmp,research,Translational pharma; GMP cell therapy via partner units,,https://www.helmholtz-munich.de,,5,industry=1/3 capability=2/2 size=2/2 trigger=0/2,,Tier 2
DRK-Blutspendedienst West,DEU,Hagen / Breitscheid,"~1,800",plasma_fractionation,research,"Collection / processing (NRW, RLP, SL)",,https://www.blutspendedienst-west.de/,,5,industry=3/3 capability=0/2 size=2/2 trigger=0/2,,Tier 2
Octapharma Pharmazeutika (Vienna),AUT,Vienna,"~1,700",plasma_fractionation,research,Processing (fractionation),,https://www.octapharma.com/news/press-release/2025/octapharma-expands-production-for-the-global-market-at-its-manufacturing-site-in-vienna,,5,industry=3/3 capability=0/2 size=2/2 trigger=0/2,,Tier 2
dsm-firmenich Animal Nutrition & Health,CHE,Kaiseraugst,1652,veterinary_pharma,crustdata,Farming / The world has a lot on its plate. But not enough of the good stuff. One in eight,7.342430149447693% growth,http://www.dsm.com/anh,,5,industry=2/3 capability=0/2 size=2/2 trigger=1/2,,Tier 2
msg global solutions,CHE,Zurich,1626,vaccines,crustdata,"IT Services and IT Consulting / msg global solutions is a systems integrator, product innovator, and strategic p",6.973684210526315% growth,http://www.msg-global.com,,5,industry=2/3 capability=0/2 size=2/2 trigger=1/2,,Tier 2
Coperion,DEU,Stuttgart,1518,vaccines,crustdata,"Machinery Manufacturing / Hi, we are Coperion! 👋 We are pioneers, inventors, thinkers, doers, creators, or",0.13192612137203166% growth,https://www.coperion.com,,5,industry=2/3 capability=0/2 size=2/2 trigger=1/2,,Tier 2
DRK-Blutspendedienst Baden-Württemberg–Hessen,DEU,Frankfurt / Mannheim,"~1,500",plasma_fractionation,research,Collection / processing,,https://www.blutspende.de/,,5,industry=3/3 capability=0/2 size=2/2 trigger=0/2,,Tier 2
DRK-Blutspendedienst Nord-Ost,DEU,Berlin / Dessau / Neubrandenburg / Rostock,"~1,500 (regional)",plasma_fractionation,research,Collection (incl. plasma),,https://plasmaspende.blutspende.de/standorte,,5,industry=3/3 capability=0/2 size=2/2 trigger=0/2,,Tier 2
Groz-Beckert,DEU,Ebingen,1441,vaccines,crustdata,Machinery Manufacturing / Welcome to the textile world of Groz-Beckert.Textiles are encountered by man in ,4.571843251088534% growth,http://www.groz-beckert.com,,5,industry=2/3 capability=0/2 size=2/2 trigger=1/2,industrial_false_positive,Excluded
Haema AG (Grifols),DEU,Leipzig (HQ),"~1,300",plasma_fractionation,research,Collection (+ central lab Berlin),,https://www.linkedin.com/company/haema-ag,,5,industry=3/3 capability=0/2 size=2/2 trigger=0/2,,Tier 2
Wiener Gesundheitsverbund,AUT,Vienna,1290,veterinary_pharma,crustdata,"Hospitals and Health Care / Wir sind der Wiener Gesundheitsverbund. Mit 8 Kliniken, 9 Pflegeeinrichtungen, e",8.312342569269521% growth,http://karriere.gesundheitsverbund.at/,,5,industry=2/3 capability=0/2 size=2/2 trigger=1/2,,Tier 2
BHTC GmbH,DEU,Lippstadt,1271,vaccines,crustdata,Motor Vehicle Manufacturing / We've moved! This page will no longer be active because BHTC GmbH has officially,-22.024539877300615% growth,http://www.bhtc.com,,5,industry=2/3 capability=0/2 size=2/2 trigger=1/2,,Tier 2
Mundipharma GmbH,DEU,Limburg an der Lahn,"~1,200","originator_pharma,sterile_generics",research,"Pain (Targin, Mundidol), oncology, respiratory",EUR 25M Limburg solid-dose & sterile capacity 2024,https://www.mundipharma.de/presse,oncology_general,5,industry=3/3 capability=0/2 size=2/2 trigger=0/2,,Tier 2
Swiss Transfusion SRC + regional Blutspende SRK,CHE,Bern (HQ),"~1,200 (network)",plasma_fractionation,research,Collection (+ regional processing),,https://en.blutspende-srk.ch/en,,5,industry=3/3 capability=0/2 size=2/2 trigger=0/2,,Tier 2
EMAG Group,DEU,Salach,1130,vaccines,crustdata,Machinery Manufacturing / The EMAG Group covers the entire spectrum of machining processes in the metalwor,-3.0874785591766725% growth,https://www.emag.com,,5,industry=2/3 capability=0/2 size=2/2 trigger=1/2,,Tier 2
Cheplapharm Arzneimittel GmbH,DEU,Greifswald (HQ; mfg via Bayer-Greifswald site acquired 2023),"~1,100","originator_pharma,specialty_orphan,sterile_generics",research,"Niche/legacy specialty incl. rare endocrine, hematooncology divestments (XENICAL, DILATREND, others)",EUR 50M Greifswald sterile QC and packaging 2024–26,https://www.cheplapharm.com/news,,5,industry=3/3 capability=0/2 size=2/2 trigger=0/2,,Tier 2
Recordati Pharma GmbH,DEU,Ulm (Cassella-med),"~1,100 (DE)","originator_pharma,sterile_generics",research,"Rare diseases (Carbaglu, Panhematin), urology (Urorec)",EUR 30M Ulm solid-dose modernisation 2024,https://www.recordati.com/en/media,,5,industry=3/3 capability=0/2 size=2/2 trigger=0/2,,Tier 2
UNITED GRINDING,CHE,Bern,1064,vaccines,crustdata,"Metalworking Machinery Manufacturing / UNITED GRINDING is one of the world’s leading manufacturers of grinding, eroding",-1.4814814814814816% growth,http://www.grinding.ch,,5,industry=2/3 capability=0/2 size=2/2 trigger=1/2,,Tier 2
DRK-Blutspendedienst NSTOB,DEU,Springe (HQ),"~1,000 (regional)",plasma_fractionation,research,Collection (incl. plasma),,https://www.blutspende-leben.de/ueber-uns/plasmazentren,,5,industry=3/3 capability=0/2 size=2/2 trigger=0/2,,Tier 2
Kwizda Pharma,AUT,Vienna + Leobendorf + Enns,"1,000+ group",originator_pharma,research,OTC + Rx liquid dose; >30 markets,Continuing GMP liquid-dose investment,https://www.kwizda-pharma.at/en/,,5,industry=2/3 capability=1/2 size=2/2 trigger=0/2,,Tier 2
in-tech GmbH,DEU,Garching,991,vaccines,crustdata,IT Services and IT Consulting / We create the mobility of the future: in-tech develops innovative solutions for ,-8.831646734130635% growth,http://www.in-tech.com,,5,industry=2/3 capability=0/2 size=2/2 trigger=1/2,,Tier 2
Hengst Filtration,DEU,Münster,965,"bioprocess_vendors,vaccines",crustdata,"Environmental Services / Mobility, Health, Technology, Environmental Protection & Sustainability - Hengst",5.349344978165939% growth,http://www.hengst.com,,5,industry=2/3 capability=0/2 size=2/2 trigger=1/2,,Tier 2
KAESER KOMPRESSOREN,DEU,Coburg,880,vaccines,crustdata,Machinery Manufacturing / Das Familienunternehmen KAESER KOMPRESSOREN ist einer der weltweit führenden Her,10.69182389937107% growth,https://www.kaeser.com/int-en,,5,industry=2/3 capability=0/2 size=2/2 trigger=1/2,,Tier 2
MAPAL Dr. Kress SE & Co. KG,DEU,Aalen,872,vaccines,crustdata,Machinery Manufacturing / MAPAL Dr. Kress SE & Co. KG is one of the leading international suppliers of pre,0.34522439585730724% growth,http://www.mapal.com,,5,industry=2/3 capability=0/2 size=2/2 trigger=1/2,,Tier 2
HAWE Hydraulik,DEU,Aschheim,854,vaccines,crustdata,Machinery Manufacturing / An aerial ladder for the fire brigade that transports the fireman to dizzying he,0.2347417840375587% growth,https://www.hawe.com/,,5,industry=2/3 capability=0/2 size=2/2 trigger=1/2,,Tier 2
hameln pharma plus GmbH (Siegfried),DEU,Hameln,850,sterile_generics,research,,EUR 80M Hameln high-speed ampoule line + lyo doubling 2024–26,hameln-pharma.com,,5,industry=3/3 capability=0/2 size=2/2 trigger=0/2,,Tier 2
Datamars,CHE,Switzerland,849,veterinary_pharma,crustdata,Software Development / Welcome to Datamars. We are a global data solutions company with a 30+ year lega,0.3546099290780142% growth,http://www.datamars.com,,5,industry=2/3 capability=0/2 size=2/2 trigger=1/2,,Tier 2
VITRONIC Machine Vision,DEU,Wiesbaden,844,vaccines,crustdata,"Automation Machinery Manufacturing / VITRONIC is the world's leading innovation driver for industrial machine vision,",4.069050554870531% growth,https://www.vitronic.com,,5,industry=2/3 capability=0/2 size=2/2 trigger=1/2,,Tier 2
Bionorica SE,DEU,Neumarkt in der Oberpfalz,841,"medical_cannabis,originator_pharma",crustdata+research+research+research+research,Pharmaceutical Manufacturing / Bionorica is one of the leading manufacturers of herbal remedies in the world. O,No active THC programs (sold 2019); herbal-API GMP manufacturer reference for cannabis-adjacent lab/PAS,https://bionorica.com/,,5,industry=2/3 capability=1/2 size=2/2 trigger=0/2,,Tier 2
CSL Plasma Deutschland GmbH,DEU,Göttingen / nationwide,~800 (est.),plasma_fractionation,research,Collection,,https://www.csl.com/we-are-csl/our-businesses-and-products/csl-behring/csl-plasma,,5,industry=3/3 capability=0/2 size=2/2 trigger=0/2,,Tier 2
MaibornWolff GmbH,DEU,Munich,753,vaccines,crustdata,"IT Services and IT Consulting / MaibornWolff has been inspiring clients from all industries in IT consulting, so",-11.723329425556859% growth,https://www.maibornwolff.de,,5,industry=2/3 capability=0/2 size=2/2 trigger=1/2,,Tier 2
SCHERDEL,DEU,Marktredwitz,709,vaccines,crustdata,"Automotive / Employees: approx. 7000 Locations: 35, 11 of which are in the greater Marktredwi",4.418262150220913% growth,http://www.scherdel.com,,5,industry=2/3 capability=0/2 size=2/2 trigger=1/2,,Tier 2
BENEO,DEU,Mannheim,695,veterinary_pharma,crustdata,Food and Beverage Manufacturing / BENEO – Connecting nutrition and health BENEO offers a range of nutrients with h,3.422619047619048% growth,http://www.beneo.com,,5,industry=2/3 capability=0/2 size=2/2 trigger=1/2,,Tier 2
Bender,DEU,Grünberg,672,vaccines,crustdata,"Appliances, Electrical, and Electronics Manufacturing / Bender is one of the world's leading providers of solutions that make electrical",1.8181818181818181% growth,https://www.bender.de/en/,,5,industry=2/3 capability=0/2 size=2/2 trigger=1/2,,Tier 2
WEISS Group,DEU,Buchen,667,vaccines,crustdata,"Automation Machinery Manufacturing / With its automation solutions, WEISS GmbH is one of the world’s leading system s",3.894080996884735% growth,http://www.weiss-world.com,,5,industry=2/3 capability=0/2 size=2/2 trigger=1/2,,Tier 2
Austrian Agency for Health and Food Safety,AUT,Vienna,654,veterinary_pharma,crustdata,Research Services / The Austrian Agency for Health and Food Safety (AGES) is a company of the Republ,5.9967585089141% growth,http://www.ages.at,,5,industry=2/3 capability=0/2 size=2/2 trigger=1/2,,Tier 2
G. Pohl-Boskamp,DEU,Hohenlockstedt + Dägeling,~650,"originator_pharma,sterile_generics",research,"NYDA, GeloMyrtol forte (respiratory, cardio, anti-parasitic, DiGA)",Continuous production-line investment; M&A Kalmeda 2023,https://www.pohl-boskamp.de/en/about-us/company,,5,industry=3/3 capability=0/2 size=2/2 trigger=0/2,,Tier 2
Vetmeduni,AUT,Vienna,647,veterinary_pharma,crustdata,Higher Education / Die Veterinärmedizinische Universität Wien (Vetmeduni) ist die einzige universit,1.09375% growth,http://www.vetmeduni.ac.at,,5,industry=2/3 capability=0/2 size=2/2 trigger=1/2,,Tier 2
RAFI Group,DEU,Berg,632,vaccines,crustdata,"Appliances, Electrical, and Electronics Manufacturing / RAFIs has been one of the world's leading suppliers of human-machine communicati",3.2679738562091507% growth,http://www.rafi-group.com,,5,industry=2/3 capability=0/2 size=2/2 trigger=1/2,,Tier 2
HEIDENHAIN,DEU,Traunreut,622,vaccines,crustdata,"Automation Machinery Manufacturing / DR. JOHANNES HEIDENHAIN GmbH develops and produces linear encoders, angle encode",2.302631578947368% growth,https://www.heidenhain.com,,5,industry=2/3 capability=0/2 size=2/2 trigger=1/2,,Tier 2
"Swiss Federal Institute for Forest, Snow and Landscape Research WSL",CHE,Birmensdorf (ZH),611,academic_gmp,crustdata,"Research Services / The Swiss Federal Institute for Forest, Snow and Landscape Research WSL provides",7.005253940455342% growth,http://www.wsl.ch,,5,industry=1/3 capability=1/2 size=2/2 trigger=1/2,,Tier 2
BioLife Plasmazentrum (Takeda),AUT,Vienna (multiple),"~600 (AT, est.)",plasma_fractionation,research,Collection,,https://www.plasmazentrum.at/plasmazentren/,,5,industry=3/3 capability=0/2 size=2/2 trigger=0/2,,Tier 2
Medios AG (Bedrocan DE distributor + GMP packaging),DEU,Berlin,~600 (group),medical_cannabis,research,Specialty pharma — Bedrocan exclusive DE/AT/IT/ES/BE distributor; GMP packaging,Exclusive Bedrocan rights 2024; integration with Cannaflos network,https://bedrocan.com/medios-ag-becomes-bedrocans-exclusive-distribution-partner-for-germany/,,5,industry=2/3 capability=1/2 size=2/2 trigger=0/2,,Tier 2
Octapharma Plasma GmbH,DEU,Langenfeld,~600–800 (est.),plasma_fractionation,research,Collection,,https://www.octapharmaplasma.de/,,5,industry=3/3 capability=0/2 size=2/2 trigger=0/2,,Tier 2
Starrag,CHE,Rorschacherberg,559,vaccines,crustdata,Machinery Manufacturing / Starrag is a global technology leader in manufacturing high-precision machine to,-0.17857142857142858% growth,http://www.starrag.com,,5,industry=2/3 capability=0/2 size=2/2 trigger=1/2,,Tier 2
knoell,DEU,Mannheim,556,veterinary_pharma,crustdata,"Environmental Services / Founded in 1996, knoell is an independent provider of global regulatory services",0.18018018018018017% growth,http://www.knoell.com,,5,industry=2/3 capability=0/2 size=2/2 trigger=1/2,,Tier 2
Bilfinger Life Science,AUT,Puch bei Hallein,553,bioprocess_vendors,crustdata+research,"Machinery Manufacturing / Bioreactor Systems, Fermentation Plants, Piping & Co.Plant engineering at its be",2.4074074074074074% growth,https://lifescience.bilfinger.com,,5,industry=0/3 capability=2/2 size=2/2 trigger=1/2,,Tier 2
ISRA VISION,DEU,Darmstadt,548,vaccines,crustdata,"Automation Machinery Manufacturing / Machine Vision is one of the key technologies for industrial digitization, and I",-0.9041591320072333% growth,https://www.isravision.com,,5,industry=2/3 capability=0/2 size=2/2 trigger=1/2,,Tier 2
Bayer Animal Health,DEU,Monheim,537,veterinary_pharma,crustdata,Veterinary / Elanco’s combination with Bayer Animal Health brings together 166 years of exper,5.9171597633136095% growth,https://www.elanco.com/,,5,industry=2/3 capability=0/2 size=2/2 trigger=1/2,,Tier 2
Berlin Institute of Health,DEU,Berlin,528,academic_gmp,crustdata,Research Services / The Berlin Institute of Health (BIH) is a biomedical research institution focusi,-0.37735849056603776% growth,http://www.bihealth.org,,5,industry=1/3 capability=1/2 size=2/2 trigger=1/2,,Tier 2
BENNING,DEU,Bocholt,515,vaccines,crustdata,"Electrical Equipment Manufacturing / Sustainability, Safety and Efficiency through InnovationsFor more than half a ce",4.040404040404041% growth,https://www.benning.de/benning-group.html,,5,industry=2/3 capability=0/2 size=2/2 trigger=1/2,,Tier 2
Desitin Arzneimittel GmbH,DEU,Hamburg,~500,specialty_orphan,research,"CNS rare: Dravet, Wilson's, cystinuria, myasthenia gravis, TSC angiofibromas (Pascomer)",Own GMP production plant in Hamburg,https://desitinpharma.com/about-desitin/,,5,industry=2/3 capability=1/2 size=2/2 trigger=0/2,,Tier 2
Dr. Friedrich Eberth Arzneimittel,DEU,Ursensollen,500,sterile_generics,research,,EUR 15M ampoule line 2024,eberth-arzneimittel.de,,5,industry=3/3 capability=0/2 size=2/2 trigger=0/2,,Tier 2
Tenthpin,CHE,Basel,470,veterinary_pharma,crustdata,Business Consulting and Services / We are a global boutique consultancy – 100% focused on Life Sciences. We create ,5.617977528089887% growth,https://tenthpin.com/,,5,industry=2/3 capability=0/2 size=2/2 trigger=1/2,,Tier 2
Zimmer Group,DEU,Rheinau,465,vaccines,crustdata,"Industrial Automation / ZIMMER Group is based in Rheinau – Freistett, Germany and is a family-owned and ",4.260089686098654% growth,http://www.zimmer-group.com,,5,industry=2/3 capability=0/2 size=2/2 trigger=1/2,,Tier 2
Sumitomo (SHI) Demag,DEU,Schwaig,458,vaccines,crustdata,Machinery Manufacturing / Times may change. But here at Sumitomo (SHI) Demag our dedication to quality man,-1.293103448275862% growth,http://www.sumitomo-shi-demag.eu,,5,industry=2/3 capability=0/2 size=2/2 trigger=1/2,industrial_false_positive,Excluded
MATISA Matériel Industriel S.A.,CHE,Crissier,413,vaccines,crustdata,"Machinery Manufacturing / We Are MATISAAt MATISA, we combine pragmatism, reliability, and dynamism to engi",4.556962025316456% growth,https://www.matisa.ch/,,5,industry=2/3 capability=0/2 size=2/2 trigger=1/2,,Tier 2
DHU – Deutsche Homöopathie-Union (Schwabe),DEU,Karlsruhe,~400,originator_pharma,research,Homeopathic singles + Schüßler salts,Terra Medica 15.5 ha plant cultivation expansion,https://karriere.schwabe-group.com/unternehmen/dhu/,,5,industry=2/3 capability=0/2 size=2/2 trigger=1/2,,Tier 2
Interregionale Blutspende SRK,CHE,Bern / Biel / Lausanne / Epalinges,~400,plasma_fractionation,research,Collection / processing,,https://www.itransfusion.ch/,,5,industry=3/3 capability=0/2 size=2/2 trigger=0/2,,Tier 2
Schwabe Group,DEU,Karlsruhe,400,"originator_pharma,specialty_orphan",crustdata+research,Pharmaceutical Manufacturing / The Schwabe Group comprises several different affiliated companies in the pharma,>€35m/yr R&D; ongoing Ettlingen semi-solid capacity,https://www.schwabe-group.com/,,5,industry=2/3 capability=1/2 size=2/2 trigger=0/2,,Tier 2
Dr. R. Pfleger Arzneimittel,DEU,Bamberg,~390 (280 in Bamberg),originator_pharma,research,"Urology, dermatology, gynecology, OTC pain & hair",GMP plant ongoing modernization; >60 SKUs,https://www.kade.de cross / https://www.bionity.com/en/companies/1039465/,,5,industry=2/3 capability=1/2 size=2/2 trigger=0/2,,Tier 2
Hosokawa Alpine Aktiengesellschaft,DEU,Augsburg,388,vaccines,crustdata,Industrial Machinery Manufacturing / PROCESS TECHNOLOGIES FOR TOMORROW - OUR DAILY MOTIVATIONHOSOKAWA ALPINE is the l,3.7433155080213902% growth,https://www.hosokawa-alpine.com/,,5,industry=2/3 capability=0/2 size=2/2 trigger=1/2,,Tier 2
LMT Tools,DEU,Lahr,388,vaccines,crustdata,Industrial Machinery Manufacturing / LMT Tools is one of the leading experts in the development and production of pre,1.0416666666666665% growth,http://www.lmt-tools.com,,5,industry=2/3 capability=0/2 size=2/2 trigger=1/2,,Tier 2
EW Nutrition,DEU,Visbek,385,veterinary_pharma,crustdata,"Animal Feed Manufacturing / EW Nutrition is an animal nutrition company that offers integrators, feed produc",7.5418994413407825% growth,http://ew-nutrition.com,,5,industry=2/3 capability=0/2 size=2/2 trigger=1/2,,Tier 2
GL Pharma,AUT,Lannach,371,"originator_pharma,specialty_orphan",crustdata+research,"Pharmaceutical Manufacturing / GL Pharma is a proudly independent Austrian pharmaceutical company, powered by s",API+FDF own manufacturing; ongoing capacity additions,https://gl-pharma.com/,,5,industry=2/3 capability=1/2 size=2/2 trigger=0/2,,Tier 2
BizLink Factory Automation & Machinery,DEU,Hannover,363,vaccines,crustdata,Automation Machinery Manufacturing / BizLink Factory Automation & Machinery belongs to BizLink Group: https://www.lin,10.0% growth,https://factory-automation-machinery.bizlinktech.com,,5,industry=2/3 capability=0/2 size=2/2 trigger=1/2,,Tier 2
Hennecke GROUP,DEU,Sankt Augustin,363,vaccines,crustdata,"Machinery Manufacturing / The Hennecke GROUP – machines, systems and technologies for highly efficient pol",1.9662921348314606% growth,http://www.hennecke-group.com,,5,industry=2/3 capability=0/2 size=2/2 trigger=1/2,,Tier 2
Behn Meyer Group,DEU,Hamburg,360,veterinary_pharma,crustdata,Chemical Manufacturing / The Behn Meyer Group of Companies dates back to 1840 when two young men from Ham,5.571847507331378% growth,https://www.behnmeyer.com,,5,industry=2/3 capability=0/2 size=2/2 trigger=1/2,,Tier 2
Bichsel AG,CHE,Interlaken,350,"medical_cannabis,sterile_generics",research,Pharma compounding & cannabis magistral preparations,CHF 25M BFS line 2025,bichsel.ch,,5,industry=3/3 capability=0/2 size=2/2 trigger=0/2,,Tier 2
Haupt Pharma Münster (Aenova),DEU,Münster,~350,sterile_generics,research,"Sterile suspensions, ampoules, vials",,https://www.aenova-group.com,,5,industry=3/3 capability=0/2 size=2/2 trigger=0/2,,Tier 2
pester pac automation GmbH,DEU,Wolfertschwenden,346,vaccines,crustdata,Machinery Manufacturing / We are pioneers and trendsetters. We have been giving new impetus to end-of-line,3.903903903903904% growth,http://www.pester.com/,,5,industry=2/3 capability=0/2 size=2/2 trigger=1/2,,Tier 2
Pharma Mar (Germany office),ES HQ; DE,Köln (DE office),~340 group,specialty_orphan,research,"Rare onco — Yondelis (soft-tissue sarcoma), Zepzelca (SCLC)",Own marine-derived biotech mfg in Madrid; DE = commercial,https://www.orpha.net/,,5,industry=2/3 capability=1/2 size=2/2 trigger=0/2,non_target_country,Excluded
Fraunhofer IPK,DEU,Berlin,336,vaccines,crustdata,"Research Services / With the help of application-oriented research, we develop solutions along the e",-2.0408163265306123% growth,https://www.ipk.fraunhofer.de/de/ueber-uns.html,,5,industry=2/3 capability=0/2 size=2/2 trigger=1/2,,Tier 2
Retarus,DEU,Munich,334,vaccines,crustdata,"Software Development / Digital transformation is changing processes and supply chains, products and com",-2.623906705539359% growth,http://www.retarus.com,,5,industry=2/3 capability=0/2 size=2/2 trigger=1/2,,Tier 2
OPEN MIND Technologies AG,DEU,Wessling,333,vaccines,crustdata,Software Development / OPEN MIND is one of the world’s most sought-after developers of powerful CAM sol,2.4615384615384617% growth,http://www.openmind-tech.com,,5,industry=2/3 capability=0/2 size=2/2 trigger=1/2,,Tier 2
Fraunhofer IAIS,DEU,Sankt Augustin,316,vaccines,crustdata,"Research Services / As part of the largest organization for application-oriented research in Europe,",0.6369426751592357% growth,https://www.iais.fraunhofer.de/,,5,industry=2/3 capability=0/2 size=2/2 trigger=1/2,,Tier 2
Thermoplan AG,CHE,Weggis,315,vaccines,crustdata,Machinery Manufacturing / Thermoplan AG was founded by Esther and Domenic Steiner in 1974. Originally dedi,5.0% growth,http://www.thermoplan.ch,,5,industry=2/3 capability=0/2 size=2/2 trigger=1/2,,Tier 2
OKE Group GmbH,DEU,Hörstel,304,vaccines,crustdata,Motor Vehicle Manufacturing / The OKE Group develops and produces sophisticated technical plastic components e,3.754266211604096% growth,https://www.oke-group.com/,,5,industry=2/3 capability=0/2 size=2/2 trigger=1/2,,Tier 2
Max Planck Institute for Human Development,DEU,Berlin,301,vaccines,crustdata,Research Services / The Max Planck Institute for Human Development is dedicated to the study of huma,11.818181818181818% growth,http://www.mpib-berlin.mpg.de/,,5,industry=2/3 capability=0/2 size=2/2 trigger=1/2,,Tier 2
Ilapak Packaging Machinery,CHE,Grancia,300,vaccines,crustdata,"Machinery Manufacturing / As one of the world’s leading manufacturers, IMA ILAPAK, with its vast range of ",-0.9900990099009901% growth,http://ilapak.com/,,5,industry=2/3 capability=0/2 size=2/2 trigger=1/2,,Tier 2
Plasma Service Europe GmbH (Biotest),DEU,Dreieich / Rostock,~300 (est.),plasma_fractionation,research,Collection,,https://www.plasmaservice.de/,,5,industry=3/3 capability=0/2 size=2/2 trigger=0/2,,Tier 2
Schaerer Ltd,CHE,Zuchwil,296,vaccines,crustdata,"Food and Beverage Services / Founded in 1892 and headquartered in Zuchwil, Switzerland, Schaerer AG is one of",-1.3333333333333335% growth,https://www.schaerer.com/,,5,industry=2/3 capability=0/2 size=2/2 trigger=1/2,,Tier 2
Liebherr Gear Technology and Automation Systems,DEU,Kempten,289,vaccines,crustdata,Machinery Manufacturing / Welcome to the Liebherr Gear Technology and Automation Systems page! Liebherr is,-1.0273972602739725% growth,https://www.liebherr.com/en/usa/products/gear-technology-and-automation-systems/gear-technology-and-automation-systems.html,,5,industry=2/3 capability=0/2 size=2/2 trigger=1/2,,Tier 2
Fraunhofer IGD,DEU,Darmstadt,285,vaccines,crustdata,Research Services / Fraunhofer IGD is the international leading institute for applied research in vi,4.395604395604396% growth,http://www.igd.fraunhofer.de,,5,industry=2/3 capability=0/2 size=2/2 trigger=1/2,,Tier 2
voestalpine Rotec Group,AUT,Krieglach,284,vaccines,crustdata,Motor Vehicle Manufacturing / voestalpine Rotec is an international group of companies that has specialised in,-0.6993006993006993% growth,http://www.voestalpine.com/rotec,,5,industry=2/3 capability=0/2 size=2/2 trigger=1/2,,Tier 2
Bavarian Health and Food Safety Authority (LGL),DEU,Erlangen,283,veterinary_pharma,crustdata,Government Administration / The Bavarian Health and Food Safety Authority (LGL) is Bavaria’s central authori,16.46090534979424% growth,www.lgl.bayern.de,,5,industry=2/3 capability=0/2 size=2/2 trigger=1/2,,Tier 2
Schlütersche Verlagsgesellschaft mbH & Co. KG,DEU,Hannover,279,veterinary_pharma,crustdata,Book and Periodical Publishing / Von der Tradition in die Moderne: Die Schlütersche ist seit über 270 Jahren in d,4.887218045112782% growth,https://schluetersche.de,,5,industry=2/3 capability=0/2 size=2/2 trigger=1/2,,Tier 2
Biochem - Feed Safety for Food Safety®,DEU,Lohne,278,veterinary_pharma,crustdata,"Animal Feed Manufacturing / Biochem, headquartered in Lohne, Germany, is an innovative animal nutrition comp",6.513409961685824% growth,https://www.biochem.net,,5,industry=2/3 capability=0/2 size=2/2 trigger=1/2,,Tier 2
Axel Springer National Media & Tech GmbH & Co. KG,DEU,Berlin,276,vaccines,crustdata,Book and Periodical Publishing / Axel Springer National Media & Tech is a company of Axel Springer SE. As a futur,-9.803921568627452% growth,https://career.axelspringer.com/de/national-media-tech,,5,industry=2/3 capability=0/2 size=2/2 trigger=1/2,,Tier 2
"Bundesministerium für Landwirtschaft, Ernährung und Heimat",DEU,Berlin,271,veterinary_pharma,crustdata,Government Administration / Herzlich willkommen auf der LinkedIn-Seite des Bundesministeriums für Landwirtsc,7.5396825396825395% growth,http://www.bmleh.de,,5,industry=2/3 capability=0/2 size=2/2 trigger=1/2,,Tier 2
Tebis,DEU,Krailling,269,vaccines,crustdata,"Software Development / For over 40 years, Tebis has provided CAD/CAM and MES software solutions for mod",2.6717557251908395% growth,http://www.tebis.com,,5,industry=2/3 capability=0/2 size=2/2 trigger=1/2,,Tier 2
Bosch Connected Industry,DEU,Stuttgart,268,vaccines,crustdata,Information Technology & Services / Bosch Connected Industry is Bosch’s software and AI house for manufacturing comp,-3.597122302158273% growth,https://www.bosch-connected-industry.com/de/en/contact,,5,industry=2/3 capability=0/2 size=2/2 trigger=1/2,industrial_false_positive,Excluded
mindit.io,CHE,Zug,263,vaccines,crustdata,Software Development / AI & Data Transformation Partner for Business GrowthWe are the partner of choice,5.622489959839357% growth,http://www.mindit.io,,5,industry=2/3 capability=0/2 size=2/2 trigger=1/2,,Tier 2
ModuleWorks,DEU,Aachen,262,vaccines,crustdata,"Software Development / ModuleWorks is at the forefront of digital manufacturing software, playing a key",-0.38022813688212925% growth,http://www.moduleworks.com,,5,industry=2/3 capability=0/2 size=2/2 trigger=1/2,,Tier 2
Alzchem Group AG,DEU,Trostberg an der Alz,258,veterinary_pharma,crustdata,Chemical Manufacturing / Alzchem is a globally active specialty chemicals company that is one of the mark,6.6115702479338845% growth,http://www.alzchem.com,,5,industry=2/3 capability=0/2 size=2/2 trigger=1/2,,Tier 2
Zapp Precision Metals GmbH,DEU,Schwerte,258,vaccines,crustdata,"Fabricated Metal Products / Zapp Group Europe Precision in wire, bar, profile, sheet, and strip. Variety in ",3.2% growth,http://www.zapp.com,,5,industry=2/3 capability=0/2 size=2/2 trigger=1/2,,Tier 2
FELSOMAT GmbH & Co. KG,DEU,Königsbach,254,vaccines,crustdata,Machinery Manufacturing / “We are experts in converting manufacturing technologies into series-ready produ,-4.150943396226415% growth,http://www.felsomat.de,,5,industry=2/3 capability=0/2 size=2/2 trigger=1/2,,Tier 2
Bedrocan / Peter Cremer DE repack,DEU,Hamburg,~250,medical_cannabis,research,GMP repackaging of cannabis flower for EU market,,https://www.petercremer.com,,5,industry=2/3 capability=1/2 size=2/2 trigger=0/2,,Tier 2
Blutspende Zürich (ZHBSD),CHE,Zürich (Schlieren),~250,plasma_fractionation,research,Collection / processing,,https://www.blutspendezurich.ch/,,5,industry=3/3 capability=0/2 size=2/2 trigger=0/2,,Tier 2
Fraunhofer IOF,DEU,Jena,246,vaccines,crustdata,Research Services / The Fraunhofer Institute for Applied Optics and Precision Engineering IOF in Jen,2.928870292887029% growth,https://www.iof.fraunhofer.de,,5,industry=2/3 capability=0/2 size=2/2 trigger=1/2,,Tier 2
MVTec Software,DEU,Munich,242,vaccines,crustdata,Automation Machinery Manufacturing / MVTec Software GmbH is a leading international manufacturer of software for mach,8.035714285714286% growth,http://www.mvtec.com,,5,industry=2/3 capability=0/2 size=2/2 trigger=1/2,,Tier 2
STEMMER IMAGING,DEU,Munich,234,vaccines,crustdata,Automation Machinery Manufacturing / STEMMER IMAGING is the leading international value-added distributor for machine,2.1834061135371177% growth,https://www.stemmer-imaging.com,,5,industry=2/3 capability=0/2 size=2/2 trigger=1/2,,Tier 2
Weidemann GmbH,DEU,Korbach,232,vaccines,crustdata,Machinery Manufacturing / The internationally distinguished label Weidemann stands for 60 years of experie,1.7543859649122806% growth,http://www.weidemann.de,,5,industry=2/3 capability=0/2 size=2/2 trigger=1/2,,Tier 2
Vecoplan AG,DEU,Bad Marienberg,229,vaccines,crustdata,"Machinery Manufacturing / Waste avoidance, conservation of resources and efficient use of recyclable mater",0.0% growth,http://www.vecoplan.com,,5,industry=2/3 capability=0/2 size=2/2 trigger=1/2,,Tier 2
Fraunhofer ITEM,DEU,Hannover,227,academic_gmp,crustdata+research,Research Services / Protecting man from health hazards in our industrialized world and contributing ,-8.835341365461847% growth,http://www.item.fraunhofer.de/en.html,oncology_general,5,industry=1/3 capability=1/2 size=2/2 trigger=1/2,,Tier 2
Planted,CHE,Winterthur,225,veterinary_pharma,crustdata,Food and Beverage Manufacturing / Planted combines proprietary structuring and fermentation technologies to produc,-3.8461538461538463% growth,https://www.eatplanted.com,,5,industry=2/3 capability=0/2 size=2/2 trigger=1/2,,Tier 2
Baumüller Nürnberg GmbH,DEU,Nuremberg,224,vaccines,crustdata,"Automation Machinery Manufacturing / Based in Nuremberg, Baumüller is a leading manufacturer of electric drive and au",-0.4444444444444444% growth,https://www.baumueller.com/en/,,5,industry=2/3 capability=0/2 size=2/2 trigger=1/2,,Tier 2
Gallus Group,CHE,St Gallen,221,vaccines,crustdata,"Machinery Manufacturing / Gallus, a subsidiary of Heidelberger Druckmaschinen AG (HEIDELBERG), with produc",7.804878048780488% growth,http://www.gallus-group.com,,5,industry=2/3 capability=0/2 size=2/2 trigger=1/2,,Tier 2
Luwa Air Engineering,CHE,Uster,221,vaccines,crustdata,"Textile Manufacturing / THIS IS LUWALuwa, founded in Switzerland in 1935, is a global market leader in t",-3.91304347826087% growth,https://www.luwa.com/,,5,industry=2/3 capability=0/2 size=2/2 trigger=1/2,,Tier 2
AUCOTEC,DEU,Hannover,220,vaccines,crustdata,Software Development / AUCOTEC AG was founded in 1985. We develop engineering software for the complete,8.374384236453201% growth,https://www.aucotec.com,,5,industry=2/3 capability=0/2 size=2/2 trigger=1/2,,Tier 2
Blum-Novotest GmbH,DEU,Grünkraut,216,vaccines,crustdata,"Industrial Automation / Established in 1968 and based in Ravensburg, Blum-Novotest GmbH is one of the gl",6.403940886699508% growth,http://www.blum-novotest.com,,5,industry=2/3 capability=0/2 size=2/2 trigger=1/2,,Tier 2
infoteam Software AG,DEU,Bubenreuth,216,vaccines,crustdata,Software Development / infoteam Software Group has been implementing unique software solutions for thei,7.462686567164178% growth,https://www.infoteam.de,,5,industry=2/3 capability=0/2 size=2/2 trigger=1/2,,Tier 2
elobau,DEU,Leutkirch,213,vaccines,crustdata,"Industrial Automation / As an expanding, globally active, family-run foundation company with more than 9",-6.167400881057269% growth,http://www.elobau.com,,5,industry=2/3 capability=0/2 size=2/2 trigger=1/2,industrial_false_positive,Excluded
THK GmbH,DEU,Ratingen,211,vaccines,crustdata,Industrial Machinery Manufacturing / THK is the world’s No.1 market leader of linear motion guides. The highly acclai,3.431372549019608% growth,https://www.thk.com/?q=global/node/19374,,5,industry=2/3 capability=0/2 size=2/2 trigger=1/2,,Tier 2
aniMedica GmbH (Animalcare Group plc),DEU,Senden (Munster),~210,veterinary_pharma,research,"Livestock antibiotics, anti-inflammatories, water-medication products","Senden GMP plant retrofit 2024-2025 (EUR 15 m, Animalcare ann. report)",https://www.animedica.de,,5,industry=2/3 capability=1/2 size=2/2 trigger=0/2,,Tier 2
WFL Millturn Technologies GmbH & Co. KG,AUT,Linz,208,vaccines,crustdata,Machinery Manufacturing / WFL Millturn Technologies GmbH&Co.KG is the leading supplier in the field of com,10.638297872340425% growth,http://www.wfl.at,,5,industry=2/3 capability=0/2 size=2/2 trigger=1/2,,Tier 2
TRON-Mainz,DEU,Mainz,205,academic_gmp,crustdata,Biotechnology Research / Our mission is to turn scientific breakthroughs into progress for patients.TRON ,5.670103092783505% growth,https://www.tron-mainz.de/,oncology_general,5,industry=1/3 capability=1/2 size=2/2 trigger=1/2,,Tier 2
WellDev,CHE,Zurich,204,vaccines,crustdata,"Software Development / At WellDev, we offer agile software development solutions to accelerate your pro",12.087912087912088% growth,https://www.welldev.io/,,5,industry=2/3 capability=0/2 size=2/2 trigger=1/2,,Tier 2
HAVER & BOECKER NIAGARA,DEU,Münster,203,vaccines,crustdata,"Machinery Manufacturing / Haver & Boecker Niagara is a leading provider in screening, pelletizing and prim",1.5% growth,http://www.haverniagara.com,,5,industry=2/3 capability=0/2 size=2/2 trigger=1/2,,Tier 2
Precitrame Machines SA,CHE,Tramelan,203,vaccines,crustdata,Machinery Manufacturing / Precitrame Machines SA has been developing state-of-the-art automated production,-0.49019607843137253% growth,https://precitrame.com,,5,industry=2/3 capability=0/2 size=2/2 trigger=1/2,,Tier 2
Fraunhofer IGB,DEU,Stuttgart,~200,academic_gmp,research,"GMP-grade biopharma process development, recombinant proteins",,https://www.igb.fraunhofer.de,,5,industry=1/3 capability=2/2 size=2/2 trigger=0/2,,Tier 2
LIVISTO,DEU,Germany,196,veterinary_pharma,crustdata,"Pharmaceutical Manufacturing / As a global company, LIVISTO Group develops and commercializes a wide range of  ",1.0309278350515463% growth,http://www.livisto.com,,5,industry=2/3 capability=1/2 size=1/2 trigger=1/2,,Tier 2
Ultragenyx DACH,US HQ; DE,"Basel CH ops, DE comm",~180 EU,specialty_orphan,research,"Ultra-rare metabolic (Mepsevii MPS VII, Crysvita XLH, Dojolvi LCFAOD, Evkeeza)",DACH = commercial; group owns gene therapy mfg US,https://www.ultragenyx.com/,,5,industry=2/3 capability=2/2 size=1/2 trigger=0/2,non_target_country,Excluded
KVP Pharma+Veterinär Produkte GmbH,DEU,Kiel,155,veterinary_pharma,crustdata,Pharmaceutical Manufacturing / Production and packaging of veterinary and human medicine.,1.9736842105263157% growth,http://www.kvp-kiel.de,,5,industry=2/3 capability=1/2 size=1/2 trigger=1/2,,Tier 2
Bedrocan International (NL HQ — DACH supply via Medios),NL→DE SUPPLY,Veendam (NL) + Køge (DK) for DACH,~150,medical_cannabis,research,Cultivator (supplies DACH via Medios AG),New Køge DK facility GMP-cert 2024 (2 300 kg/yr); expansion pipeline,https://bedrocan.com/new-dutch-bedrocan-production-site-gmp-certified/,,5,industry=2/3 capability=1/2 size=1/2 trigger=1/2,non_target_country,Excluded
Biolitec Pharma,DEU,Jena (R&D) / Vienna,~150,sterile_generics,research,Photodynamic injectables (Foscan / temoporfin),,https://www.biolitec.com,,5,industry=3/3 capability=1/2 size=1/2 trigger=0/2,,Tier 2
Heipha (Merck),DEU,Eppelheim,~150,vaccines,research,Microbial QC media for cleanroom monitoring in vaccine plants,,https://www.merckmillipore.com/,,5,industry=2/3 capability=2/2 size=1/2 trigger=0/2,,Tier 2
Komtur,DEU,Freiburg,150,specialty_orphan,crustdata,"Pharmaceutical Manufacturing / At Komtur, we bridge the gap between pharmaceutical innovation and patient acces",-0.6622516556291391% growth,http://www.komtur.com,,5,industry=2/3 capability=1/2 size=1/2 trigger=1/2,,Tier 2
"Pure Holding AG (Pure Production, DEOM, Puregene, Pure Pharma)",CHE,Zeiningen (AG),~150–250 (group),medical_cannabis,research,Vertically integrated: cultivator + extractor + API + ETH-Zürich breeding,EU-GMP-certified production; CBD isolates/extracts API for pharma; ongoing scale-up,https://pureholding.ch/our-company/ ; https://businessofcannabis.com/future-ready-why-pure-is-building-the-cannabis-company-traditional-industry-will-want-to-buy-into/,,5,industry=2/3 capability=1/2 size=1/2 trigger=1/2,,Tier 2
Fraunhofer MEVIS,DEU,Bremen,146,"academic_gmp,vaccines",crustdata,Research Services / Fraunhofer Institute for Digital Medicine MEVISThe mission of Fraunhofer MEVIS i,-5.806451612903226% growth,https://www.mevis.fraunhofer.de/,,5,industry=2/3 capability=1/2 size=1/2 trigger=1/2,,Tier 2
Bichsel Laboratories AG,CHE,Interlaken,~140,sterile_generics,research,"Sterile irrigation solutions, BFS large-volume parenterals",,https://www.bichsel.ch,,5,industry=3/3 capability=1/2 size=1/2 trigger=0/2,,Tier 2
Symbiosis Pharmaceutical Services,CHE,Stirling (CH ops via Bern partners),~140,medical_cannabis,research,CDMO sterile fill-finish (cannabinoid injectables),,https://www.symbiosis-pharma.com,,5,industry=2/3 capability=2/2 size=1/2 trigger=0/2,,Tier 2
TAD Pharma GmbH,DEU,Cuxhaven,139,veterinary_pharma,crustdata,Pharmaceutical Manufacturing / TAD Pharma mit Sitz in Cuxhaven ist ein Unternehmen der international agierenden,4.511278195488721% growth,http://www.tad.de,,5,industry=2/3 capability=1/2 size=1/2 trigger=1/2,,Tier 2
Pharvaris,CHE,Zug,134,specialty_orphan,crustdata,Pharmaceutical Manufacturing / Pharvaris is a clinical-stage company focused on bringing oral bradykinin-B2-rec,8.94308943089431% growth,https://pharvaris.com,,5,industry=2/3 capability=1/2 size=1/2 trigger=1/2,,Tier 2
SAN Group,AUT,Herzogenburg,123,veterinary_pharma,crustdata,Biotechnology Research / SAN Group is a globally operating biotechnology company headquartered in Austria,6.956521739130435% growth,http://www.san-group.com,,5,industry=2/3 capability=1/2 size=1/2 trigger=1/2,,Tier 2
MSD Tiergesundheit DACH,DEU,Unterschleißheim,121,veterinary_pharma,crustdata,"Pharmaceutical Manufacturing / Seit über 130 Jahren erforscht und entwickelt MSD Medikamente, Impfstoffe, Biolo",7.079646017699115% growth,https://www.msd-tiergesundheit.de/,,5,industry=2/3 capability=1/2 size=1/2 trigger=1/2,,Tier 2
Sarepta Therapeutics DACH,US HQ; CH,Zürich CH affiliate,~120 EU,specialty_orphan,research,"Duchenne muscular dystrophy (Exondys, Vyondys, Amondys, Elevidys gene therapy)",DACH = commercial; group owns gene therapy mfg US,https://www.sarepta.com/,,5,industry=2/3 capability=2/2 size=1/2 trigger=0/2,non_target_country,Excluded
Minitube International,DEU,Tiefenbach,114,veterinary_pharma,crustdata,Biotechnology Research / Minitube International is the world’s leading system supplier for reproduction t,2.7027027027027026% growth,https://linktr.ee/minitubeinternational,,5,industry=2/3 capability=1/2 size=1/2 trigger=1/2,,Tier 2
Sanity Group,DEU,Berlin,111,medical_cannabis,crustdata+research+research,"Pharmaceutical Manufacturing / Sanity Group, a Berlin based cannabis company, is dedicated to the medicinal and",Frankfurt logistics/processing facility w/ lab; Organigram strategic transaction Feb-26 finance growth,https://sanitygroup.com/,,5,industry=2/3 capability=1/2 size=1/2 trigger=1/2,,Tier 2
APONTIS PHARMA Deutschland GmbH & Co. KG,DEU,Monheim,102,specialty_orphan,crustdata,Pharmaceutical Manufacturing / APONTIS PHARMA (previously UCB Innere Medizin) is a German pharmaceutical compan,12.087912087912088% growth,www.apontis-pharma.de,,5,industry=2/3 capability=1/2 size=1/2 trigger=1/2,,Tier 2
Tilray (Aphria RX),DEU,Neumünster (near Schenefeld),~100,medical_cannabis,research,"Cultivation + GMP extraction, oils, flower packaging",First MedCanG license Jul-2024; 31-strain expansion + premium craft cannabis production expansion announced Sep-2025,https://ir.tilray.com/news-releases/news-release-details/tilray-receives-first-new-cannabis-cultivation-license-germany ; https://www.globenewswire.com/news-release/2025/9/30/3158430/0/en/Tilray-…html,,5,industry=2/3 capability=1/2 size=1/2 trigger=1/2,,Tier 2
Immundiagnostik AG,DEU,Bensheim,94,cdmo_classic,crustdata,"Biotechnology Research / Immundiagnostik – Closing the Gaps in Laboratory DiagnosticsImmundiagnostik AG, ",11.904761904761903% growth,http://www.immundiagnostik.com,,5,industry=3/3 capability=1/2 size=0/2 trigger=1/2,,Tier 2
Biofrontera Group,DEU,Leverkusen,93,specialty_orphan,crustdata+research,Pharmaceutical Manufacturing / Biofrontera AG is a biopharmaceutical company specializing in the development an,-2.1052631578947367% growth,http://biofrontera.com/,,5,industry=2/3 capability=2/2 size=0/2 trigger=1/2,,Tier 2
ChemCon GmbH,DEU,Freiburg,92,oncology_hpapi,crustdata,chemical manufacturing / ChemCon GmbH - Your Good Manufacturing Partner!ChemCon is a contract development,,http://www.chemcon.com,"cytostatika_hpapi,oncology_general",5,industry=3/3 capability=2/2 size=0/2 trigger=0/2,,Tier 2
KLOCKE GRUPPE,DEU,Weingarten,91,"cdmo_classic,vaccines,veterinary_pharma",crustdata,"Pharmaceutical Manufacturing / The KLOCKE GRUPPE is a group of consolidated companies, working in the field of ",5.813953488372093% growth,http://www.klocke.com,,5,industry=3/3 capability=1/2 size=0/2 trigger=1/2,,Tier 2
Amomed Pharma,AUT,Vienna,~80,sterile_generics,research,Critical care sterile injectables (vasopressors),,https://www.amomed.com,,5,industry=3/3 capability=2/2 size=0/2 trigger=0/2,,Tier 2
NCT/UKHD Heidelberg Cell Therapy GMP,DEU,Heidelberg,~80 (GMP unit),atmp_cell_gene,research,"Academic CAR-T (CD19, BCMA, GD2), TIL",2025 BMBF ATMP-Plattform funding; HD-CAR-1/HD-CAR-2 trials,https://www.nct-heidelberg.de,oncology_celltherapy,5,industry=3/3 capability=2/2 size=0/2 trigger=0/2,,Tier 2
Onkovis GmbH,DEU,Mainz,~80,sterile_generics,research,Oncology compounding (cytotoxic IV admixtures for hospitals),,https://www.onkovis.de,"cytostatika_hpapi,oncology_general",5,industry=3/3 capability=2/2 size=0/2 trigger=0/2,,Tier 2
SFS Pharma Solutions Reinbek,DEU,Reinbek,~80,sterile_generics,research,"Sterile fill-finish, lyophilization (former Solvay site)",,https://www.sfs-pharma.com,,5,industry=3/3 capability=2/2 size=0/2 trigger=0/2,,Tier 2
Artesan Pharma,DEU,Lüchow,77,cdmo_classic,crustdata,"Pharmaceutical Manufacturing / Your Trusted Partner for Innovative Pharmaceutical Solutions For over 75 years, ",6.944444444444445% growth,http://www.artesan.de/en/,,5,industry=3/3 capability=1/2 size=0/2 trigger=1/2,,Tier 2
Light Chain Bioscience | Novimmune SA,CHE,Plan-les-Ouates,75,late_stage_biotech,crustdata,"Biotechnology Research / NovImmune has successfully divested EmaCo AG, a newly established company owning",-8.536585365853659% growth,http://www.lightchainbio.com,,5,industry=3/3 capability=1/2 size=0/2 trigger=1/2,,Tier 2
Medigene,DEU,Martinsried,~75,"atmp_cell_gene,late_stage_biotech",research,"TCR-T (allogeneic-ready, end-to-end TCR platform)",2024–25 partnership with WuXi ATU; pipeline progression to clinic,https://www.agcbio.com/news/agc-biologics-medigene-create-new-clinical-t-cell-services-agreement,oncology_celltherapy,5,industry=3/3 capability=2/2 size=0/2 trigger=0/2,,Tier 2
Corden BioChem,DEU,Frankfurt,73,cdmo_classic,crustdata,Biotechnology / The Corden BioChem Group is a leading contract development and manufacturing org,43.13725490196079% growth,www.cordenbiochem.com/,,5,industry=3/3 capability=1/2 size=0/2 trigger=1/2,,Tier 2
regenold GmbH,DEU,Badenweiler,73,cdmo_classic,crustdata,Pharmaceutical Manufacturing / regenold GmbH is a global provider of essential and specialized clinical develop,-2.666666666666667% growth,https://www.regenold.com,,5,industry=3/3 capability=1/2 size=0/2 trigger=1/2,,Tier 2
VERTANICAL,DEU,Gräfelfing,73,medical_cannabis,crustdata+research,Pharmaceutical Manufacturing / VERTANICAL is a globally leading biopharmaceutical company focused on the develo,VER-01 Phase 3 positive 2024–25; commercial launch ramp-up; advanced GMP biopharma facility,https://vertanical.com/,,5,industry=2/3 capability=2/2 size=0/2 trigger=1/2,,Tier 2
BIOTYPE GmbH,DEU,Dresden,72,cdmo_classic,crustdata,Biotechnology Research / BIOTYPE is an innovative German solution provider for molecular precision diagno,1.4084507042253522% growth,https://www.biotype.de/en,oncology_general,5,industry=3/3 capability=1/2 size=0/2 trigger=1/2,,Tier 2
Anjarium Biosciences,CHE,Schlieren,~70,"atmp_cell_gene,late_stage_biotech",research,"Engineered DNA (Hybridosome), non-viral",Schlieren site fit-out 2024–25 for Hybridosome GMP launch,https://www.anjarium.com/,,5,industry=3/3 capability=2/2 size=0/2 trigger=0/2 [manual override],,Tier 1
Konapharma Ltd.,CHE,Pratteln,70,cdmo_classic,crustdata,Pharmaceutical Manufacturing / Konapharma limited company (Ltd.) is a privately owned Swiss CMO (Contract Manuf,2.941176470588235% growth,http://www.konapharma.ch,,5,industry=3/3 capability=1/2 size=0/2 trigger=1/2,,Tier 2
Sirion Biotech (Perkin/Revvity),DEU,Martinsried/Munich,~70,atmp_cell_gene,research,"Lentivirus, AAV (LentiBOOST, AAV capsid lib)",Acquired by Revvity 2023; Munich CGT capability hub launch 2024,https://www.sirion-biotech.com,,5,industry=3/3 capability=2/2 size=0/2 trigger=0/2,,Tier 2
PUREN Pharma GmbH & Co. KG,DEU,Munich,69,sterile_generics,crustdata,Pharmaceutical Manufacturing / PUREN Pharma – mit traditionsreichen Wurzeln in die ZukunftSeit 2016 wird der Na,4.545454545454546% growth,https://www.puren-pharma.de/,,5,industry=3/3 capability=1/2 size=0/2 trigger=1/2,,Tier 2
SIRIO Europe,DEU,Pritzwalk,69,cdmo_classic,crustdata,"Pharmaceutical Manufacturing / Welcome to SIRIO Europe, the European branch of the Sirio Pharma Group. With mor",15.0% growth,http://www.sirio-europe.com,,5,industry=3/3 capability=1/2 size=0/2 trigger=1/2,,Tier 2
Pharma Stulln,DEU,Stulln,68,"cdmo_classic,originator_pharma",crustdata+research,"Pharmaceutical Manufacturing / Pharma Stulln is specializing in sterile manufacturing. Eye drops, nasal sprays,",Family-owned; Stulln plant continual GMP investment,http://www.pharmastulln.de,,5,industry=3/3 capability=2/2 size=0/2 trigger=0/2,,Tier 2
Alentis Therapeutics,CHE,Allschwil,67,oncology_hpapi,crustdata,pharmaceutical manufacturing / Alentis Therapeutics is a clinical-stage biotechnology company pioneering first-,,https://alentis.ch,"adc,oncology_general",5,industry=3/3 capability=2/2 size=0/2 trigger=0/2,,Tier 2
Servolift GmbH,DEU,Offenburg,65,vaccines,crustdata,Mechanical Or Industrial Engineering / Contact: info(at)servolift.de+49 781 61000SERVOLIFT offers complete transportati,1.5625% growth,http://www.servolift.de/en/products,cytostatika_hpapi,5,industry=2/3 capability=2/2 size=0/2 trigger=1/2,,Tier 2
Interlabor Belp AG,CHE,Belp,62,"cdmo_classic,medical_cannabis",crustdata,Pharmaceutical Manufacturing / Analytics with Passion. Independent. Experienced. Customer-Focused.With over 60 ,8.771929824561402% growth,http://interlabor.ch,,5,industry=3/3 capability=1/2 size=0/2 trigger=1/2,,Tier 2
CatalYm GmbH,DEU,Krailling,60,"atmp_cell_gene,late_stage_biotech",crustdata+research+research,Anti-GDF-15 (cell-therapy adjuvant); not direct CT but ATMP-adjacent,None — CDMO route; Phase 2b H1 2025,http://www.catalym.com,,5,industry=3/3 capability=2/2 size=0/2 trigger=0/2,,Tier 2
CUTISS AG,CHE,Schlieren,60,"late_stage_biotech,specialty_orphan,vaccines",crustdata,Biotechnology Research / CUTISS is a late-stage clinical TechBio company and the only one transforming sk,1.694915254237288% growth,http://www.cutiss.swiss,,5,industry=3/3 capability=1/2 size=0/2 trigger=1/2,,Tier 2
Labatec Pharma SA,CHE,Plan-les-Ouates,~60,sterile_generics,research,Hospital sterile injectables,,https://www.labatec.com,,5,industry=3/3 capability=2/2 size=0/2 trigger=0/2,,Tier 2
BioChem Labor für biologische und chemische Analytik GmbH,DEU,Karlsruhe,58,oncology_hpapi,crustdata,"research services / GMP-certified contract laboratory for microbiology, analytics, molecular biology",,https://www.biochem.de/,cytostatika_hpapi,5,industry=3/3 capability=2/2 size=0/2 trigger=0/2,,Tier 2
CYTENA,DEU,Freiburg,57,cdmo_classic,crustdata,Biotechnology Research / We at CYTENA strive to empower our customers to serve patients faster and better,-14.925373134328357% growth,http://www.cytena.com,oncology_general,5,industry=3/3 capability=1/2 size=0/2 trigger=1/2,,Tier 2
Dragenopharm Apotheker Pueschl GmbH,DEU,Tittmoning,57,cdmo_classic,crustdata,Pharmaceutical Manufacturing / Dragenopharm is a global contract manufacturer for solid forms in the pharmaceut,-1.7241379310344827% growth,http://www.dragenopharm.de,,5,industry=3/3 capability=1/2 size=0/2 trigger=1/2,,Tier 2
Heidelberg Pharma AG,DEU,Ladenburg,56,"late_stage_biotech,oncology_hpapi,specialty_orphan",crustdata+research+research+research,Biotechnology Research / Heidelberg Pharma is a biopharmaceutical company working on a new treatment appr,Phase II RP2D selected Apr 2026; FDA Fast Track + Orphan; Ph2a initiation imminent,http://www.heidelberg-pharma.com,"adc,cytostatika_hpapi,oncology_general",5,industry=3/3 capability=2/2 size=0/2 trigger=0/2,,Tier 2
Philochem AG,CHE,Otelfingen,56,oncology_hpapi,crustdata,research services / Philochem is a fully owned daughter company of Philogen and represents the Disco,,http://www.philochem.ch,adc,5,industry=3/3 capability=2/2 size=0/2 trigger=0/2,,Tier 2
CDR-Life,CHE,Schlieren,~55,atmp_cell_gene,research,T-cell engager (cell-therapy-adjacent),2024 Series B; 2025 IND,https://cdr-life.com,,5,industry=3/3 capability=2/2 size=0/2 trigger=0/2,,Tier 2
Eurofins bioskin,DEU,Hamburg,55,sterile_generics,crustdata,"Pharmaceutical Manufacturing / Created in 1992, Eurofins bioskin is a leading full-service CRO specialized in d",3.7735849056603774% growth,https://www.eurofins.de/eurofins-bioskin/,,5,industry=3/3 capability=1/2 size=0/2 trigger=1/2,industrial_false_positive,Excluded
InflaRx,DEU,Jena,55,"late_stage_biotech,oncology_hpapi",crustdata+research+research,Biotechnology Research / InflaRx (Nasdaq: IFRX) is a biopharmaceutical company pioneering anti-inflammato,"EC approval Gohibic 2024; Ph3 vilobelimab in PG ongoing, interim 2025; INF904 Ph2a basket dosed Dec 2024",https://www.inflarx.de/,cytostatika_hpapi,5,industry=3/3 capability=2/2 size=0/2 trigger=0/2,,Tier 2
Fidelio Healthcare Limburg GmbH,DEU,Limburg an der Lahn,53,cdmo_classic,crustdata,Pharmaceutical Manufacturing / FIDELIO Healthcare ist ein breit aufgestellter europäischer Auftragshersteller (,15.217391304347828% growth,http://www.fidelio-hc.com,,5,industry=3/3 capability=1/2 size=0/2 trigger=1/2,,Tier 2
MPA Pharma GmbH/ We're hiring,DEU,Grande,53,cdmo_classic,crustdata,Pharmaceutical Manufacturing / 35 years market-leading expertise in the import and trade of high-quality pharma,10.416666666666668% growth,http://MPAPharma.com/,,5,industry=3/3 capability=1/2 size=0/2 trigger=1/2,,Tier 2
CAMAG,CHE,Muttenz,52,cdmo_classic,crustdata,Biotechnology Research / CAMAG is the world leader in High-Performance Thin-Layer Chromatography. We prov,-1.8867924528301887% growth,https://www.camag.com,,5,industry=3/3 capability=1/2 size=0/2 trigger=1/2,,Tier 2
APRI Africa Policy Research Institute gGmbH,DEU,Berlin,51,oncology_hpapi,crustdata,think tanks / APRI – Africa Policy Research Institute is an independent and nonpartisan Africa,,http://www.afripoli.org,,5,industry=3/3 capability=2/2 size=0/2 trigger=0/2,,Tier 2
SIGNUS - The Spine Sign,DEU,Alzenau in Unterfranken,51,oncology_hpapi,crustdata,medical equipment manufacturing / SIGNUS – the Sign for Spine: Passionate! Dynamic! Worldwide!Innovative high-end ,,http://www.signus.com,,5,industry=3/3 capability=2/2 size=0/2 trigger=0/2,,Tier 2
Anaveon / Cellestia / Numab cluster,CHE,Basel / Wadenswil,~50–100 each,atmp_cell_gene,research,IL-2/IL-15 + cell-therapy adjuvants,2024–25 Series B/C rounds,https://www.anaveon.com,,5,industry=3/3 capability=2/2 size=0/2 trigger=0/2,,Tier 2
Ariceum Therapeutics,DEU,Berlin,~50,late_stage_biotech,research,"Satoreotide (177Lu/225Ac SSTR2 radiopharm) — small cell lung, neuroendocrine",FDA Orphan Drug Designation Feb 2025; Ph1/2 expansion; pivotal prep,[labiotech.eu](https://www.labiotech.eu/best-biotech/biotech-companies-germany/),,5,industry=3/3 capability=1/2 size=0/2 trigger=1/2 [manual override],,Tier 1
"CAP-CMC (ProBioGen sister, CAR-T CMC)",DEU,Berlin,~50,atmp_cell_gene,research,CAR-T CMC + viral vector,2025 cleanroom buildout in Berlin-Adlershof,https://www.probiogen.de,oncology_celltherapy,5,industry=3/3 capability=2/2 size=0/2 trigger=0/2 [manual override],,Tier 1
CRS medical GmbH,DEU,Aßlar,50,oncology_hpapi,crustdata,"medical equipment manufacturing / Since 2004, we at CRS medical have been providing our customers with products an",,http://www.crs-medical.com,,5,industry=3/3 capability=2/2 size=0/2 trigger=0/2,,Tier 2
sfm medical devices GmbH,DEU,Wächtersbach,50,oncology_hpapi,crustdata,medical equipment manufacturing / sfm is the leading partner for the development and production of single use medi,,http://www.sfm-medical.com,,5,industry=3/3 capability=2/2 size=0/2 trigger=0/2,,Tier 2
Lactosan,AUT,Kapfenberg,49,cdmo_classic,crustdata,Biotechnology Research / Lactosan - your partner in biotechnology.We are one of the world's leading manuf,11.363636363636363% growth,www.lactosan.at,,5,industry=3/3 capability=1/2 size=0/2 trigger=1/2,,Tier 2
Lichtenheldt GmbH,DEU,Wahlstedt,47,cdmo_classic,crustdata,"Pharmaceutical Manufacturing / Wir sind Ihr Partner für pharmazeutische Auftragsherstellung – flexibel, GMP-kon",11.904761904761903% growth,http://www.lichtenheldt.de,,5,industry=3/3 capability=1/2 size=0/2 trigger=1/2,,Tier 2
Merz Dental GmbH,DEU,Hohwacht (Baltic Sea),47,oncology_hpapi,crustdata,medical equipment manufacturing / Merz Dental with headquarter and production site in Lütjenburg Germany is succes,,https://www.merz-dental.de,,5,industry=3/3 capability=2/2 size=0/2 trigger=0/2,,Tier 2
NBE-Therapeutics AG,CHE,Basel,47,oncology_hpapi,crustdata,biotechnology research / At NBE Therapeutics we strive to develop best-in-class oncology treatments to in,,https://www.nbe-therapeutics.com/,"adc,oncology_general",5,industry=3/3 capability=2/2 size=0/2 trigger=0/2,,Tier 2
Polymun Scientific Immunbiologische Forschung GmbH,AUT,Klosterneuburg,47,"cdmo_classic,vaccines",crustdata,Biotechnology Research / Polymun is a private company performing contract development and manufacturing o,4.444444444444445% growth,https://www.polymun.com,,5,industry=3/3 capability=1/2 size=0/2 trigger=1/2,,Tier 2
InVivo BioTech Services GmbH - a Bruker Company,DEU,Hennigsdorf,44,cdmo_classic,crustdata,Biotechnology Research / InVivo is a leading contract manufacturing organization (CMO) dedicated to the d,7.317073170731707% growth,https://invivo.de,,5,industry=3/3 capability=1/2 size=0/2 trigger=1/2,,Tier 2
Lyomark Pharma GmbH,DEU,Oberhaching,44,cdmo_classic,crustdata,Pharmaceutical Manufacturing / The philosophy of our company is to face and overcome the national and internati,25.71428571428571% growth,http://www.lyomark.com,,5,industry=3/3 capability=1/2 size=0/2 trigger=1/2,,Tier 2
PSM - Your Pharma CDMO,DEU,Schiffweiler,44,cdmo_classic,crustdata,Pharmaceutical Manufacturing / PSM GmbH - Ihr Pharma CDMO für aseptische Fill and Finish DienstleistungenDie PS,4.761904761904762% growth,http://www.psm-saar.de,,5,industry=3/3 capability=1/2 size=0/2 trigger=1/2,,Tier 2
VERAXA Biotech,DEU,Heidelberg,44,oncology_hpapi,crustdata,"biotechnology research / At VERAXA Biotech, we are building a premier engine for the discovery and develo",,https://veraxa.com/,"adc,oncology_general",5,industry=3/3 capability=2/2 size=0/2 trigger=0/2,,Tier 2
PharmaZell Group,DEU,Raubling,42,oncology_hpapi,crustdata,pharmaceutical manufacturing / One Group – Three Offerings The PharmaZell Group is made up of three core brands,,http://www.pharmazell-group.com,,5,industry=3/3 capability=2/2 size=0/2 trigger=0/2,,Tier 2
AMINO GmbH,DEU,Süpplingen,41,"specialty_orphan,sterile_generics",crustdata,"Pharmaceutical Manufacturing / Amino GmbH, headquartered in Frellstedt, Germany is a fully integrated manufactu",7.894736842105263% growth,http://www.amino.de,,5,industry=3/3 capability=1/2 size=0/2 trigger=1/2,,Tier 2
PreviPharma,DEU,Mannheim,41,plasma_fractionation,crustdata,Pharmaceutical Manufacturing / PreviPharma Consulting GmbH is an internationally active research and developmen,17.142857142857142% growth,http://www.previpharma.com,,5,industry=3/3 capability=1/2 size=0/2 trigger=1/2,,Tier 2
Primopus,CHE,Muttenz,41,cdmo_classic,crustdata,"Pharmaceutical Manufacturing / Primopus AG Primopus is a CMO/CDMO and producer of complex RSM’s, GMP intermedia",0.0% growth,http://www.primopus.com,,5,industry=3/3 capability=1/2 size=0/2 trigger=1/2,,Tier 2
ARTHEx Bio / Cimeio Therapeutics,CHE,Basel,~40,atmp_cell_gene,research,Shielded cell therapy (HSC editing),2024 $80M Series A,https://cimeiotx.com,,5,industry=3/3 capability=2/2 size=0/2 trigger=0/2,,Tier 2
Marinomed Biotech,AUT,Korneuburg,~40,"atmp_cell_gene,late_stage_biotech",research,Carragelose (iota-carrageenan) — respiratory virus OTC,FDA approval pursued via P&G partnership; targeted 2024–2025 launch in US,https://www.marinomed.com/en,,5,industry=3/3 capability=2/2 size=0/2 trigger=0/2,,Tier 2
Versameb / VectorY (CH branch),CHE,Basel,~40,atmp_cell_gene,research,"mRNA (Versameb), AAV (VectorY)",Versameb VMB-100 IND 2025; Basel HQ retained,https://www.versameb.com,,5,industry=3/3 capability=2/2 size=0/2 trigger=0/2,,Tier 2
biosyn Arzneimittel GmbH,DEU,Fellbach,39,"cdmo_classic,vaccines",crustdata+research,Pharmaceutical Manufacturing / More than 40 Years of Experience | Research & CareWe are research. We are biosyn,5.405405405405405% growth,https://www.biosyn.de,oncology_general,5,industry=3/3 capability=1/2 size=0/2 trigger=1/2,,Tier 2
BAG Health Care GmbH,DEU,Lich,38,sterile_generics,crustdata,"Pharmaceutical Manufacturing / BAG Health Care GmbH is a company located in Amtsgerichtsstr. 1-5, Lich, Lich He",-13.636363636363635% growth,http://www.bag-germany.com,,5,industry=3/3 capability=1/2 size=0/2 trigger=1/2,,Tier 2
Ethris,DEU,Krailling,38,"atmp_cell_gene,late_stage_biotech",crustdata+research+research,Biotechnology / Ethris is paving a new path from genes to therapeutic proteins using our proprie,Phase 1 ETH47 (inhaled mRNA) start 2024; Munich GMP partnership announced 2025,https://www.ethris.com/,,5,industry=3/3 capability=2/2 size=0/2 trigger=0/2,,Tier 2
MEGGLE Excipients,DEU,Wasserburg am Inn,38,sterile_generics,crustdata,Pharmaceutical Manufacturing / Welcome to the official LinkedIn profile of MEGGLE Business Unit Excipients. MEG,0.0% growth,http://www.meggle-excipients.com,,5,industry=3/3 capability=1/2 size=0/2 trigger=1/2,,Tier 2
TissUse GmbH,DEU,Berlin,38,cdmo_classic,crustdata,"Biotechnology Research / TissUse is a Berlin, Germany-based, biotechnology company, which has developed a",15.151515151515152% growth,http://www.tissuse.com,,5,industry=3/3 capability=1/2 size=0/2 trigger=1/2,,Tier 2
Denk Ingredients,DEU,Munich,37,cdmo_classic,crustdata,"Pharmaceutical Manufacturing / We create access to Ingredients - since 1986.Headquartered in Munich, Germany, D",-7.5% growth,https://www.denkingredients.de/,,5,industry=3/3 capability=1/2 size=0/2 trigger=1/2,,Tier 2
Heidelberg Pharma Research GmbH,DEU,Ladenburg,37,oncology_hpapi,crustdata,"biotechnology research / For current information on Heidelberg Pharma Research GmbH, please refer to the ",,http://heidelberg-pharma.com,"adc,cytostatika_hpapi,oncology_general",5,industry=3/3 capability=2/2 size=0/2 trigger=0/2,,Tier 2
Vibalogics,DEU,Cuxhaven,37,"atmp_cell_gene,cdmo_classic,vaccines",crustdata+research+research,Biotechnology Research / Vibalogics (now part of Recipharm) is a full-service CDMO offering process techn,Boston site complements Cuxhaven; Cuxhaven adenovirus capacity expanded 2024,http://www.recipharm-ab.com,,5,industry=3/3 capability=2/2 size=0/2 trigger=0/2,,Tier 2
FoRx Therapeutics,CHE,Basel,36,oncology_hpapi,crustdata,biotechnology research / FoRx Therapeutics is a recently incorporated privately-held company based in Bas,,https://www.FoRxTx.com,,5,industry=3/3 capability=2/2 size=0/2 trigger=0/2,,Tier 2
Swiss BioQuant AG,CHE,Reinach,36,cdmo_classic,crustdata,Biotechnology Research / Swiss BioQuant is a bioanalytical contract research organization (CRO) specializ,5.88235294117647% growth,http://www.swissbioquant.com/,,5,industry=3/3 capability=1/2 size=0/2 trigger=1/2,,Tier 2
CANNERALD®,CHE,Fraubrunnen,35,medical_cannabis,crustdata+research,Pharmaceutical Manufacturing / Medical cannabis - crafted in Switzerland. Cannerald® is dedicated to unlocking ,Pursuing GMP/GACP; state-of-the-art expansion 2023–25,http://www.cannerald.com,,5,industry=2/3 capability=1/2 size=0/2 trigger=2/2,,Tier 2
BioVersys,CHE,Basel,~33,late_stage_biotech,research,BV100 (rifabutin IV) — CRAB hospital pneumonia (HABP/VABP),IPO SIX Feb 2025; FDA cleared Ph3; Ph3 initiated Dec 2025; orphan + QIDP designations,[BioVersys / GlobeNewswire](https://www.globenewswire.com/news-release/2025/12/11/3203614/0/en/BioVersys-Announces-BV100-Phase-3-Initiation-and-Provides-a-Business-Update.html),,5,industry=3/3 capability=1/2 size=0/2 trigger=1/2 [manual override],,Tier 1
Abera Bioscience / RhoVac (DE-Nordic),DEU,Berlin (rep),~30,atmp_cell_gene,research,Vaccine vector,DE-AT clinical sites 2024–25,https://www.aberabio.com,,5,industry=3/3 capability=2/2 size=0/2 trigger=0/2,,Tier 2
Apeiron Biologics,AUT,Vienna,~30,"atmp_cell_gene,late_stage_biotech",research,APN-01 (rhACE2) — ARDS / COVID; APN401 (oncology),Late-stage clinical — Ph2/3 development for Qarziba follow-on; in-house biologics mfg,[LISAvienna](https://www.lisavienna.at/news/detail/lisavienna-vienna-austrias-biggest-life-science-city-is-growing/),oncology_general,5,industry=3/3 capability=2/2 size=0/2 trigger=0/2 [manual override],,Tier 1
Limula,CHE,Lausanne (EPFL),~30,atmp_cell_gene,research,Decentralised CAR-T mfg (point-of-care device),2024 €15M Series A; 2025 first hospital pilots,https://limula.ch,oncology_celltherapy,5,industry=3/3 capability=2/2 size=0/2 trigger=0/2,,Tier 2
Marinomed / Phenogy / Vienna ATMP startups,AUT,Vienna / Linz,~30,atmp_cell_gene,research,iPSC-derived cardiomyocytes (Phenogy),2025 Phenogy Series A,https://phenogy.com,,5,industry=3/3 capability=2/2 size=0/2 trigger=0/2,,Tier 2
MyoPax,DEU,Berlin,~30,atmp_cell_gene,research,"Muscle stem cell therapy, AAV",EUR 13M Series A 2024; Berlin BIH translational space,https://www.myopax.com,,5,industry=3/3 capability=2/2 size=0/2 trigger=0/2,,Tier 2
ViGeneron-Vivet / Akouos CH cluster,CHE,Zurich,~30,atmp_cell_gene,research,AAV / CAR-T enabling tech,2025 Pfizer partnership,https://vigeneron.com,oncology_celltherapy,5,industry=3/3 capability=2/2 size=0/2 trigger=0/2,,Tier 2
Vivabiocell / Promethera DE,DEU,Heidelberg,~30,atmp_cell_gene,research,Allogeneic liver-derived stem cells,2025 pipeline restart,https://www.bioregio-stern.de,,5,industry=3/3 capability=2/2 size=0/2 trigger=0/2,,Tier 2
CARTHERA / CARTHERA-DE,DEU,Heidelberg,~25,atmp_cell_gene,research,Allogeneic NK / CAR-NK,2024 academic spinout; 2025 first-in-human,https://www.bioregio-stern.de,oncology_celltherapy,5,industry=3/3 capability=2/2 size=0/2 trigger=0/2,,Tier 2
Kyona Therapeutics (ex-Avrobio CH unit),CHE,Zurich,~25,atmp_cell_gene,research,Lentiviral gene therapy,Restructured 2024 around plato platform CH operations,https://www.kyonatx.com,,5,industry=3/3 capability=2/2 size=0/2 trigger=0/2,,Tier 2
Atrium Apotheke,DEU,Duisburg,20,oncology_hpapi,crustdata,pharmaceutical manufacturing / Atrium Apotheke is a pharmaceuticals company based out of 238-240 Moerser Straße,,http://atrium-apotheke.de,,5,industry=3/3 capability=2/2 size=0/2 trigger=0/2,,Tier 2
Touchlight Genetics (DE branch via partner),DEU,Frankfurt area (partner),~20 (DE rep),atmp_cell_gene,research,Doggybone DNA (dbDNA),DACH partnership announcements 2024 with mRNA developers,https://www.touchlight.com/news,,5,industry=3/3 capability=2/2 size=0/2 trigger=0/2,,Tier 2
PAFFREDA Therapeutics,DEU,Munich,~15,atmp_cell_gene,research,AAV gene therapy,Seed extension 2024; targeting orphan AAV indications,https://www.paffreda.com,,5,industry=3/3 capability=2/2 size=0/2 trigger=0/2,,Tier 2
Curium Austria GmbH,AUT,Hausmannstätten,10,oncology_hpapi,crustdata,"pharmaceutical manufacturing / Curium Austria GmbH, is a member of Curium, and develops, manufactures and distr",,,"oncology_general,radiopharma",5,industry=3/3 capability=2/2 size=0/2 trigger=0/2,,Tier 2
Araris Biotech,CHE,Schlieren,,late_stage_biotech,research,ADC linker tech,Becomes part of Taiho mfg; Schlieren R&D + scale-up site,https://www.globenewswire.com/news-release/2025/03/17/3043425/0/en/Taiho-Pharmaceutical-to-Acquire-Next-Generation-ADC-Drug-Discovery-Company-Araris-Biotech.html,adc,5,industry=3/3 capability=1/2 size=0/2 trigger=1/2,,Tier 2
BioNTech Idar-Oberstein,DEU,Idar-Oberstein,,vaccines,research,mRNA (clinical / personalized cancer),iNeST line scale-up,https://www.biontech.com,oncology_general,5,industry=2/3 capability=2/2 size=0/2 trigger=1/2,,Tier 2
BioNTech Manufacturing Marburg GmbH,DEU,Marburg (Behringwerke campus),,vaccines,research,mRNA (DS),"Capacity expansion to 1B doses, ~€100M tooling 2024–25",https://www.biontech.com/int/en/home/pipeline-and-products/manufacturing/our-marburg-site.html,,5,industry=2/3 capability=2/2 size=0/2 trigger=1/2,,Tier 2
Cellca / Sartorius,DEU,Ulm,,late_stage_biotech,research,Cell line dev (CDMO-adjacent),Ulm site expansion ongoing,https://www.sartorius.com/,,5,industry=3/3 capability=1/2 size=0/2 trigger=1/2,direct_competitor,Excluded
iOmx Therapeutics,DEU,Martinsried,,late_stage_biotech,research,I/O antibody (LILRB1/2),None — CDMO; CTA Q4 2024 triggers future scale-up,https://www.bio-m.org/en/news/news-detail/iomx-sammelt-65-millionen-euro-ein.html,,5,industry=3/3 capability=1/2 size=0/2 trigger=1/2,,Tier 2
Pharming Group (recombinant adj.),NL (DACH COMMERCIAL,Leiden HQ; DE/AT/CH sales,n/a in DACH,"plasma_fractionation,specialty_orphan",research,"HAE — Ruconest (rhC1-INH); Leniolisib (APDS, ultra-rare immunology)",Own recombinant biologics mfg (transgenic-rabbit milk + downstream); commercializes directly in DE/AT,https://www.pharming.com/,,5,industry=3/3 capability=2/2 size=0/2 trigger=0/2,non_target_country,Excluded
Süd-Chemie Alvigo Catalysts GmbH,DEU,Germany,,oncology_hpapi,crustdata,chemical manufacturing / Süd-Chemie Alvigo Catalysts GmbH is a chemicals company based out of Germany.,,,,5,industry=3/3 capability=2/2 size=0/2 trigger=0/2,,Tier 2
Valneva Austria GmbH,AUT,Vienna (HQ + DS),,vaccines,research,"Inactivated (Ixiaro JE, IXCHIQ chikungunya), Lyme candidate",€30M Vienna fill-finish + chikungunya scale-up 2024,https://valneva.com/about/locations/,,5,industry=2/3 capability=2/2 size=0/2 trigger=1/2,,Tier 2
Novartis,CHE,Münchenstein,76057,originator_pharma,crustdata+research,"Pharmaceutical Manufacturing / Novartis is an innovative medicines company. Every day, working to reimagine med",CHF 300M Stein radioligand plant (2024 inauguration); CHF 250M Stein solid-dosage upgrade,http://www.novartis.com,radiopharma,4,industry=2/3 capability=2/2 size=0/2 trigger=0/2 [manual override],,Tier 1
Merck Group,DEU,Darmstadt,62649,originator_pharma,crustdata,Pharmaceutical Manufacturing / This channel is not intended for U.S. and Canadian visitors. Merck operates in t,3.139098938806634% growth,http://www.merckgroup.com,,4,industry=2/3 capability=1/2 size=0/2 trigger=1/2 [manual override],,Tier 1
Boehringer Ingelheim,DEU,Ingelheim am Rhein,54500,"originator_pharma,vaccines",crustdata+research+research,"Pharmaceutical Manufacturing / Our people are our strength. And together with over 54,000 colleagues, we're cre",EUR 1.2B Biberach biologics plant (start-up 2025); EUR 145M Ingelheim solid-dosage modernisation,http://www.boehringer-ingelheim.com,oncology_general,4,industry=2/3 capability=2/2 size=0/2 trigger=0/2 [manual override],,Tier 1
Merck KGaA Life Science,DEU,Darmstadt,"~24,000 (LS)",vaccines,research,"mRNA raw materials: nucleotides, capping reagents, lipids, filtration",,https://www.merckgroup.com/,,4,industry=2/3 capability=2/2 size=0/2 trigger=0/2,,Tier 3
Sartorius Stedim Biotech,DEU,Göttingen,"~14,000","bioprocess_vendors,vaccines",research,"Single-use bioreactors, filtration, fill-finish equipment for vaccines",,https://www.sartorius.com/,,4,industry=2/3 capability=2/2 size=0/2 trigger=0/2,direct_competitor,Excluded
F. Hoffmann-La Roche AG,CHE,"Basel, Kaiseraugst","~10,500 (Basel/Kaiseraugst)",originator_pharma,research,"Oncology, immunology, ophthalmology (Vabysmo), neurology",CHF 1.2B Kaiseraugst aseptic fill-finish + biologics 2023–2026,https://www.roche.com/media/releases/med-cor-2023-09-25,oncology_general,4,industry=2/3 capability=2/2 size=0/2 trigger=0/2 [manual override],,Tier 1
University of Geneva,CHE,Geneva,6866,academic_gmp,crustdata,"Research Services / The Academy of Geneva was officially founded in 1559 by two eminent Reformers, J",0.7040187738339688% growth,http://www.unige.ch/,,4,industry=1/3 capability=1/2 size=1/2 trigger=1/2,industrial_false_positive,Excluded
Grünenthal Group,DEU,Aachen,4660,originator_pharma,crustdata+research,Pharmaceutical Manufacturing / Grünenthal is a global leader in pain management and related diseases. As a scie,EUR 90M Aachen API + solid-dose modernisation 2024–2025,http://www.grunenthal.com,,4,industry=2/3 capability=1/2 size=1/2 trigger=0/2,,Tier 3
Schott Pharma AG & Co. KGaA,DEU,Mainz,"~4,600",medical_cannabis,research,Packaging (Type I borosilicate vials/cartridges for cannabinoid injectables),,https://www.schott-pharma.com,,4,industry=2/3 capability=1/2 size=1/2 trigger=0/2,,Tier 3
Takeda Manufacturing Austria AG (ex-Baxalta/Baxter),AUT,"Vienna (Orth/Donau, Linz)","4,500",sterile_generics,research,,EUR 250M Vienna plasma-fractionation 2024–25; Linz sterile-fill,takeda.com/austria,,4,industry=3/3 capability=0/2 size=1/2 trigger=0/2,,Tier 3
DMG MORI,DEU,Munich,4458,vaccines,crustdata,Machinery Manufacturing / DMG MORI is a leading global manufacturer of high-precision machine tools and is,4.013065795613626% growth,http://www.dmgmori.com,,4,industry=2/3 capability=0/2 size=1/2 trigger=1/2,industrial_false_positive,Excluded
Trelleborg Sealing Solutions,DEU,Stuttgart,3861,vaccines,crustdata,"Mechanical Or Industrial Engineering / We are one of the world’s leading developers, manufacturers and suppliers of pre",2.0348837209302326% growth,http://www.trelleborg.com/seals,,4,industry=2/3 capability=0/2 size=1/2 trigger=1/2,industrial_false_positive,Excluded
Leipzig University,DEU,Leipzig,3669,veterinary_pharma,crustdata,Higher Education / Universität Leipzig was founded in 1409 and is thus the second oldest university,2.9461279461279464% growth,http://www.uni-leipzig.de/,,4,industry=2/3 capability=0/2 size=1/2 trigger=1/2,industrial_false_positive,Excluded
HYDAC Group,DEU,Sulzbach,3443,vaccines,crustdata,"Machinery Manufacturing / HYDAC is a global technology partner for mobile machinery, industrial equipment,",5.290519877675841% growth,https://www.hydac.com,,4,industry=2/3 capability=0/2 size=1/2 trigger=1/2,industrial_false_positive,Excluded
KHS Group,DEU,,3356,vaccines,crustdata,Machinery Manufacturing / KHS is one of the world's leading manufacturers of filling and packaging systems,4.22360248447205% growth,https://www.khs.com/,,4,industry=2/3 capability=0/2 size=1/2 trigger=1/2,industrial_false_positive,Excluded
Bilfinger Industrietechnik / Pharma Solutions,DEU,Mannheim + Frankfurt,"~3,000",bioprocess_vendors,research,"Modular cleanroom skids, fill-finish lines, isolators (engineering+OEM)",,https://www.bilfinger.com/en/expertise/industries/pharma/,,4,industry=0/3 capability=2/2 size=2/2 trigger=0/2,,Tier 3
Datwyler Pharma Packaging,CHE,Altdorf,"~3,000 (CH ops)",vaccines,research,"Rubber stoppers, plungers, seals for vaccine vials/syringes",,https://www.datwyler.com/,,4,industry=2/3 capability=0/2 size=2/2 trigger=0/2,,Tier 3
GEA Group — Pharma Liquid & Powder,DEU,Düsseldorf / Hürth,"~3,000 (DE pharma)",bioprocess_vendors,research,"Liquid dosing, freeze drying, aseptic processing",,https://www.gea.com/en/products/pharmaceutical/,,4,industry=0/3 capability=2/2 size=2/2 trigger=0/2,,Tier 3
Glatt Group,DEU,Binzen + Weimar,"~3,000",bioprocess_vendors,research,"Fluid bed, granulation, coating, containment for biologics drying",,https://www.glatt.com/en/company/locations/,cytostatika_hpapi,4,industry=0/3 capability=2/2 size=2/2 trigger=0/2,,Tier 3
Hamilton Bonaduz / Hamilton Robotics,CHE,Bonaduz / Domat-Ems,"~2,500",bioprocess_vendors,research,"Microlab STAR, Vantage, Arc sensors, bioreactor probes",,https://www.hamiltoncompany.com/automated-liquid-handling/visit-hamilton,,4,industry=0/3 capability=2/2 size=2/2 trigger=0/2,,Tier 3
GSK (GlaxoSmithKline GmbH),DEU,"Dresden, München","~2,200 (DE)",originator_pharma,research,"Vaccines (Influsplit, Shingrix bulk), respiratory",EUR 100M Dresden vaccines & inhaler line 2024–2025,https://de.gsk.com/de-de/presse,,4,industry=2/3 capability=0/2 size=2/2 trigger=0/2,,Tier 3
Exyte (M+W Group) Life Sciences,DEU,Stuttgart,"~2,000 (DE life sci)",bioprocess_vendors,research,"Cleanroom EPC, biotech facility build",,https://www.exyte.net/en/expertise/life-sciences,,4,industry=0/3 capability=2/2 size=2/2 trigger=0/2,direct_competitor,Excluded
Aristo Pharma,DEU,Berlin (HQ) + Hilden + Wernigerode + Madrid,"~1,750 (group)",originator_pharma,research,Generics+originator branded; 5 own production sites,Coater + fluid bed granulator added 2021; ongoing,https://www.aristo-pharma.com/,,4,industry=2/3 capability=0/2 size=2/2 trigger=0/2,,Tier 3
Agentur für Gesundheit und Ernährungssicherheit (AGES),AUT,Vienna,"~1,500",academic_gmp,research,"OMCL GMP batch release labs, pharma & vet reference",,https://www.ages.at,,4,industry=1/3 capability=1/2 size=2/2 trigger=0/2,,Tier 3
Klosterfrau Healthcare Group,DEU,"Berlin, Köln","~1,500",originator_pharma,research,"OTC, branded (Klosterfrau Melissengeist, Soledum)",~€60m invested in Berlin production (recent 4 yrs),https://www.klosterfrau.de/presse,,4,industry=2/3 capability=0/2 size=2/2 trigger=0/2,,Tier 3
Norgine Germany,DEU,Marburg / Holzminden,"~1,500 group; DE site ~250",specialty_orphan,research,"Rare (eflornithine HAT, AGILUS, SIKLOS sickle-cell, ORPHACOL bile-acid, mavorixafor WHIM)",Own mfg site in Hengoed (UK) + DE finishing; Theravia integration,https://pharmaceuticalmanufacturer.media/pharmaceutical-industry-insights/an-inside-look-at-norgine/,,4,industry=2/3 capability=0/2 size=2/2 trigger=0/2,,Tier 3
Octapharma Pharmazeutika Produktionsges.m.b.H.,AUT,Wien,"~1,500 (Vienna site)",specialty_orphan,research,Haemophilia / immunology plasma (own manufacturing),,https://www.octapharma.com/news/press-release/2025/octapharma-expands-production-for-the-global-market-at-its-manufacturing-site-in-vienna,,4,industry=2/3 capability=0/2 size=2/2 trigger=0/2,,Tier 3
Robert Koch-Institut (RKI),DEU,Berlin,"~1,500",academic_gmp,research,"Reference labs (BSL-3/4); pathogen reference materials, not commercial GMP mfg",,https://www.rki.de,,4,industry=1/3 capability=1/2 size=2/2 trigger=0/2,,Tier 3
West Pharmaceutical Services Deutschland,DEU,Eschweiler,"~1,500 (DE)",vaccines,research,"Elastomer stoppers, NovaPure components for vaccine vials",,https://www.westpharma.com/,,4,industry=2/3 capability=0/2 size=2/2 trigger=0/2,,Tier 3
Angelini Pharma Deutschland GmbH,DEU,"Heidenheim (DE), Wien (AT, ex-Arcana)","~1,400 (DACH)",originator_pharma,research,"CNS (Trazodon, Buccolam), consumer health, women's health",EUR 30M Heidenheim solid-dose capacity 2024,https://www.angelinipharma.com/press-releases,,4,industry=2/3 capability=0/2 size=2/2 trigger=0/2,,Tier 3
Bilfinger Greylogix / ZETA GmbH,AUT,Lieboch (Graz),"~1,400",bioprocess_vendors,research,"Bioreactors, media/buffer systems, CIP/SIP skids, modular cleanrooms",,https://www.zeta.com/en/company/locations/,,4,industry=0/3 capability=2/2 size=2/2 trigger=0/2,direct_competitor,Excluded
Astellas Pharma GmbH,DEU,"München, Meppen, Hamburg (Hagedorn)","~1,300",originator_pharma,research,"Oncology (Xtandi), urology, transplant",EUR 60M Meppen/Hagedorn upgrade announced 2024,https://www.astellas.com/en/news,oncology_general,4,industry=2/3 capability=0/2 size=2/2 trigger=0/2,,Tier 3
Biologische Heilmittel Heel,DEU,Baden-Baden,"~1,300 (800 DE)",originator_pharma,research,Homeopathic combination preparations,~90m ampoules/yr; ongoing Baden-Baden investments,https://www.heel.de/,,4,industry=2/3 capability=0/2 size=2/2 trigger=0/2,,Tier 3
Almirall Hermal GmbH,DEU,Reinbek (Hamburg),"~1,200","originator_pharma,specialty_orphan",research,"Dermatology (Skilarence, Klisyri, Wynzora)",EUR 50M Reinbek topical/semisolid line 2024–2025,https://www.almirall.com/newsroom,,4,industry=2/3 capability=0/2 size=2/2 trigger=0/2,,Tier 3
Bayerisches Landesamt für Gesundheit und Lebensmittelsicherheit (LGL),DEU,Erlangen,"~1,200",academic_gmp,research,"OMCL pharma testing, GMP inspection support",,https://www.lgl.bayern.de,,4,industry=1/3 capability=1/2 size=2/2 trigger=0/2,,Tier 3
Bundesinstitut für Arzneimittel und Medizinprodukte (BfArM),DEU,Bonn,"~1,200",academic_gmp,research,"Authorisation, GMP inspection oversight (no own mfg)",,https://www.bfarm.de,,4,industry=1/3 capability=1/2 size=2/2 trigger=0/2,,Tier 3
Cytiva (Danaher),DEU,Freiburg / Marlborough DE ops,"~1,200",bioprocess_vendors,research,"Chromatography (AKTA), Xcellerex bioreactors, FlexFactory",,https://www.cytivalifesciences.com/en/us/about-us/locations/fast-trak,,4,industry=0/3 capability=2/2 size=2/2 trigger=0/2,,Tier 3
Elanco Deutschland GmbH (incl. ex-Bayer AH),DEU,Bad Homburg + Leverkusen + Cuxhaven (Riems via tie-ins),"~1,200",veterinary_pharma,research,"Companion-animal pharma (Seresto, Advantix), livestock antibiotics, biologicals",Cuxhaven sterile line modernisation EUR 60 m (2024); Leverkusen API consolidation,https://www.elanco.de,,4,industry=2/3 capability=0/2 size=2/2 trigger=0/2,,Tier 3
Evonik Health Care,DEU,Hanau / Darmstadt,"~1,200 (HC)",vaccines,research,Lipid excipients (PEGylated lipids) and LNP CDMO services,,https://healthcare.evonik.com/,,4,industry=2/3 capability=0/2 size=2/2 trigger=0/2,,Tier 3
Groninger & Co.,DEU,Crailsheim + Schnelldorf,"~1,200",bioprocess_vendors,research,"Vial/syringe fill-finish, RTU lines, robotic fillers",,https://www.groninger.de/en/company/innovation-center.html,,4,industry=0/3 capability=2/2 size=2/2 trigger=0/2,direct_competitor,Excluded
Bundesinstitut für Risikobewertung (BfR),DEU,Berlin,"~1,100",academic_gmp,research,Reference analytical labs (food/chemicals adjacent to pharma),,https://www.bfr.bund.de,,4,industry=1/3 capability=1/2 size=2/2 trigger=0/2,,Tier 3
Servier Deutschland GmbH,DEU,"München, Gernsheim (toll partners)","~1,100",originator_pharma,research,"Cardiovascular, oncology, diabetes",EUR 30M München R&D + EUR 50M EU manufacturing footprint 2024,https://www.servier.com/en/newsroom,oncology_general,4,industry=2/3 capability=0/2 size=2/2 trigger=0/2,,Tier 3
Lundbeck GmbH,DEU,Hamburg-Allermöhe,"~1,050 (DE incl. plant)",originator_pharma,research,"CNS (Cipralex/escitalopram), depression, schizophrenia",EUR 40M Hamburg solid-dose & packaging 2025,https://www.lundbeck.com/global/media,,4,industry=2/3 capability=0/2 size=2/2 trigger=0/2,,Tier 3
Hermes Arzneimittel,DEU,Großhesselohe / Wolfratshausen,"~1,000",originator_pharma,research,"Effervescent tablets, branded OTC (Biolectra, Doppelherz partner)",EUR 60M Wolfratshausen effervescent line 2024,https://www.hermes-arzneimittel.com/de/presse,,4,industry=2/3 capability=0/2 size=2/2 trigger=0/2,,Tier 3
Neuraxpharm Group,DEU,Langenfeld (Düsseldorf),"~1,000 (group)",originator_pharma,research,"CNS specialty (psychiatry, neurology)",Owned plant in Spain; portfolio M&A bolt-ons 2024–25,https://www.neuraxpharm.com/about-us/,,4,industry=2/3 capability=0/2 size=2/2 trigger=0/2,,Tier 3
URSAPHARM Arzneimittel,DEU,Saarbrücken,"~1,000","originator_pharma,specialty_orphan",research,Ophthalmology specialty (own manufacturing eye drops),Continuous clean-room investment in own plant,https://ursapharm.de/en/company/,,4,industry=2/3 capability=0/2 size=2/2 trigger=0/2,,Tier 3
WALA Heilmittel,DEU,Bad Boll (Eckwälden),~800,originator_pharma,research,Anthroposophic + homeopathic medicines; Dr. Hauschka,Foundation-owned; ongoing Bad Boll investment,https://www.wala.world/en/,,4,industry=2/3 capability=0/2 size=2/2 trigger=0/2,,Tier 3
Dr. Wolff Group (Alcina/Linola/Plantur),DEU,Bielefeld,~750,originator_pharma,research,"Hair, derm, gynecology (Vagisan)","Bielefeld plant ongoing, R&D €40m+/yr",https://www.drwolffgroup.com/,,4,industry=2/3 capability=0/2 size=2/2 trigger=0/2,,Tier 3
Buchi Labortechnik,CHE,Flawil,~700,bioprocess_vendors,research,"Spray drying, lyophilization, NIR (ProxiMate) for biopharma",,https://www.buchi.com/en/about-us/global-locations,,4,industry=0/3 capability=2/2 size=2/2 trigger=0/2,,Tier 3
Hosokawa Alpine AG,DEU,Augsburg,~700,bioprocess_vendors,research,"Powder process, containment",,https://www.hosokawa-alpine.com/,cytostatika_hpapi,4,industry=0/3 capability=2/2 size=2/2 trigger=0/2,,Tier 3
Niedersächsisches Landesamt für Verbraucherschutz (LAVES),DEU,Oldenburg,~700,academic_gmp,research,Veterinary diagnostic + medicines surveillance,,https://www.laves.niedersachsen.de,,4,industry=1/3 capability=1/2 size=2/2 trigger=0/2,,Tier 3
Bausch + Lomb / Dr. Gerhard Mann chem.-pharm. Fabrik GmbH,DEU,Berlin,~650 (DACH); site DE,specialty_orphan,research,Ophthalmology specialty (own Berlin plant),,https://www.linkedin.com/company/dr.-gerhard-mann-chem.-pharm.-fabrik-gmbh,,4,industry=2/3 capability=0/2 size=2/2 trigger=0/2,,Tier 3
Bundesamt für Gesundheit (BAG/OFSP),CHE,Bern (Liebefeld),~600,academic_gmp,research,Policy + reference labs (no mfg),,https://www.bag.admin.ch,,4,industry=1/3 capability=1/2 size=2/2 trigger=0/2,,Tier 3
Charles River Laboratories Germany,DEU,Erkrath / Köln,~600 (DE),bioprocess_vendors,research,"Endotoxin, micro, biologics testing",,https://www.criver.com/locations/germany,,4,industry=0/3 capability=2/2 size=2/2 trigger=0/2,,Tier 3
Getinge Deutschland GmbH,DEU,Rastatt,~600 (DE),bioprocess_vendors,research,"Sterilizers, isolator-adjacent biotech",,https://www.getinge.com/de/,,4,industry=0/3 capability=2/2 size=2/2 trigger=0/2,direct_competitor,Excluded
Klocke Pharma-Service GmbH (parent of IDT AH packaging),DEU,Appenweier,~600 (group),veterinary_pharma,research,"Sterile sachets + sticks for vet pharma, CDMO packaging",Appenweier high-speed line 2024 (EUR 20 m),https://www.klocke-gruppe.de,,4,industry=2/3 capability=0/2 size=2/2 trigger=0/2,,Tier 3
LEO Pharma GmbH,DEU,Wien (AT regional),~600 (excluded — below 1000),"originator_pharma,specialty_orphan",research,Dermatology / thrombosis specialty (CH affiliate),—,—,,4,industry=2/3 capability=0/2 size=2/2 trigger=0/2,,Tier 3
Midas Pharma,DEU,Ingelheim,~600,vaccines,research,Vaccine excipients and adjuvant API sourcing/distribution,,https://www.midas-pharma.com/,,4,industry=2/3 capability=0/2 size=2/2 trigger=0/2,,Tier 3
Pohl-Boskamp GmbH,DEU,Hohenlockstedt,~600 (excluded),originator_pharma,research,—,—,—,,4,industry=2/3 capability=0/2 size=2/2 trigger=0/2,,Tier 3
Weiss Klimatechnik / Weiss Pharmatechnik,DEU,Reiskirchen,~600,bioprocess_vendors,research,"HVAC, isolators, RABS, cleanroom",,https://www.weiss-pharmatechnik.de/,,4,industry=0/3 capability=2/2 size=2/2 trigger=0/2,direct_competitor,Excluded
IMA Life DACH (Edwards/IMA Group),DEU,Koeln + Schoenebeck (IMA Life),~500,bioprocess_vendors,research,"Freeze-dryers, fill-finish, washing, sterilization",,https://ima.it/pharma/contacts/,,4,industry=0/3 capability=2/2 size=2/2 trigger=0/2,direct_competitor,Excluded
Centogene N.V.,DEU,Rostock,~450–500,specialty_orphan,research,"Rare disease genetic diagnostics + biomarker-led drug partnerships (Gaucher, Fabry, LSDs)",Own CLIA/CAP-accredited central lab in Rostock,https://www.centogene.com/,,4,industry=2/3 capability=0/2 size=2/2 trigger=0/2,industrial_false_positive,Excluded
Ceva Tiergesundheit GmbH,DEU,Dusseldorf (HQ) + Riems-Insel collaboration,~450,veterinary_pharma,research,"Poultry + ruminant vaccines, reproduction biologicals, antiparasitics",New Dessau autogenous vaccine line 2024 (~EUR 25 m via Ceva-IDT JV),https://www.ceva.de,,4,industry=2/3 capability=0/2 size=2/2 trigger=0/2,,Tier 3
MEDICE Arzneimittel Pütter,DEU,Iserlohn,"~450 (HQ) / 1,000 (group)","originator_pharma,specialty_orphan",research,"ADHD (Medikinet), psychiatry, pediatrics, neurology",Cologne 2nd site opened; ongoing solid+liquid line capacity,https://medice.com/en-de,,4,industry=2/3 capability=0/2 size=2/2 trigger=0/2,,Tier 3
WDT eG (Wirtschaftsgenossenschaft deutscher Tierärzte),DEU,Garbsen,~450,veterinary_pharma,research,"Vet pharma cooperative, own-brand vet products",,https://www.wdt.de,,4,industry=2/3 capability=0/2 size=2/2 trigger=0/2,,Tier 3
Donaldson Filtration / Solaris (acq. 2021),DEU,Haan DE + Porto Mantovano,~400 DACH,bioprocess_vendors,research,"Process gas/liquid filters, Solaris bioreactors",,https://www.donaldson.com/en-eu/about-us/locations/,,4,industry=0/3 capability=2/2 size=2/2 trigger=0/2,direct_competitor,Excluded
WDT (Wirtschaftsgenossenschaft deutscher Tierarzte),DEU,Garbsen,"~400 (group, incl. Selectavet)",veterinary_pharma,research,"Generic vet pharma, autogenous vaccines, infusion solutions, dental",Garbsen sterile production hall 2024 (EUR 30 m); Selectavet Weyarn line upgrade,https://www.wdt.de,,4,industry=2/3 capability=0/2 size=2/2 trigger=0/2,,Tier 3
Starlab,DEU,Hamburg,316,bioprocess_vendors,crustdata,Biotechnology Research / We believe in progress through science. Our solutions enable bright minds to cha,-3.951367781155015% growth,http://www.starlabgroup.com,,4,industry=0/3 capability=1/2 size=2/2 trigger=1/2,,Tier 3
Allergopharma (Dermapharm Group),DEU,Reinbek,~300 (excluded — below 1000),"originator_pharma,specialty_orphan,vaccines",research,Allergen products + COVID vaccine filling site for BioNTech,—,—,,4,industry=2/3 capability=0/2 size=2/2 trigger=0/2,,Tier 3
DR. KADE Pharmazeutische Fabrik,DEU,Berlin,~300 (170 prod),originator_pharma,research,"Gynecology, dermatology OTC",Berlin Ullsteinhaus + Rigistr. site,https://www.kade.de/en/,,4,industry=2/3 capability=0/2 size=2/2 trigger=0/2,,Tier 3
Österreichische Agentur für Gesundheit (BASG/AGES Medizinmarktaufsicht),AUT,Vienna,~300,academic_gmp,research,GMP inspectorate (within AGES),,https://www.basg.gv.at,,4,industry=1/3 capability=1/2 size=2/2 trigger=0/2,,Tier 3
Marchesini Group Deutschland,DEU,Aalen / Kassel,~250 (DACH),bioprocess_vendors,research,"Pharma packaging, fillers, isolator integration",,https://www.marchesini.com/de,,4,industry=0/3 capability=2/2 size=2/2 trigger=0/2,direct_competitor,Excluded
Max-Planck-Institut für molekulare Biomedizin / MPI translational arms,DEU,Münster,~250,academic_gmp,research,Pre-GMP translational research; not mfg,,https://www.mpi-muenster.mpg.de,,4,industry=1/3 capability=1/2 size=2/2 trigger=0/2,,Tier 3
Vaxxinova Deutschland GmbH (formerly IDT Biologika autogenous unit),DEU,Münster / Leipzig,~250,veterinary_pharma,research,"Autogenous + custom vaccines, fish, poultry, swine",,https://www.vaxxinova.de,,4,industry=2/3 capability=0/2 size=2/2 trigger=0/2,,Tier 3
Albrecht GmbH (Pharma Vet),DEU,Aulendorf,~240,veterinary_pharma,research,"Companion + livestock vet pharma, importer/distributor, own-brand generics",Aulendorf API + finished-dose plant 2024 (EUR 10 m),https://www.albrecht-vet.de,,4,industry=2/3 capability=0/2 size=2/2 trigger=0/2,,Tier 3
Fraunhofer IBMT,DEU,Sulzbach,~220,academic_gmp,research,"GMP biobanking, stem-cell cryo, cellular therapeutics",,https://www.ibmt.fraunhofer.de,,4,industry=1/3 capability=1/2 size=2/2 trigger=0/2,,Tier 3
Schaper & Brümmer (MEDICE),DEU,Salzgitter-Ringelheim,~220,originator_pharma,research,Phytotherapy (Esberitox),MEDICE acquired majority 2021; site investment continues,https://www.schaper-bruemmer.com/,,4,industry=2/3 capability=0/2 size=2/2 trigger=0/2,,Tier 3
Vetoquinol GmbH,DEU,Ravensburg,~220,veterinary_pharma,research,"Antibiotics, NSAIDs, cardiology (Felimazole, Forthyron), reproduction",Ravensburg sterile vial line upgrade 2024 (EUR 12 m),https://www.vetoquinol.de,,4,industry=2/3 capability=0/2 size=2/2 trigger=0/2,,Tier 3
Dr. E. Graeub AG,CHE,Bern,~210,veterinary_pharma,research,"Vet pharma (anaesthetics, hormones, generics), Swiss market leader generics",Bern site modernisation 2024-2025 (CHF 15 m),https://www.graeub.ch,,4,industry=2/3 capability=0/2 size=2/2 trigger=0/2,,Tier 3
Phenix Tiergesundheit GmbH,DEU,Bremen,~210,veterinary_pharma,research,"Aquaculture vaccines, fish health biologicals, autogenous","New Bremen aquaculture vaccine plant 2025 (EUR 18 m, BMEL co-funded)",https://www.phenix-tiergesundheit.de,,4,industry=2/3 capability=0/2 size=2/2 trigger=0/2,,Tier 3
"aniMedica subsidiary Ratiopharm Vet (Teva DE Vet line, Ulm)",DEU,Ulm,~200 (vet-specific lines within Teva DE),veterinary_pharma,research,"Vet generics, antibiotics, sterile vials",Ulm vet-line carve-out announced 2025,https://www.tevapharm.de,,4,industry=2/3 capability=0/2 size=2/2 trigger=0/2,,Tier 3
Lichtenheldt Pharmazeutische Fabrik,DEU,Wahlstedt,~200,originator_pharma,research,"Originator + contract mfg (semi-solids, liquids)",Continued automation of Wahlstedt plant,https://lichtenheldt.de/en/,,4,industry=2/3 capability=0/2 size=2/2 trigger=0/2,,Tier 3
Pascoe Naturmedizin,DEU,Gießen,~200,originator_pharma,research,"Phyto/homeopathic, vitamins, supplements; 450 SKUs",New Gießen production building completed; contract manufacturing capability added 2024,https://www.pascoe.de/,,4,industry=2/3 capability=0/2 size=2/2 trigger=0/2,,Tier 3
SANOVA Pharma,AUT,Vienna + Gallspach,~200,originator_pharma,research,"OTC, prescription, medical systems",4 locations across DACH+CZ; brand+logistics build-out,https://sanova.at/en/,,4,industry=2/3 capability=0/2 size=2/2 trigger=0/2,,Tier 3
Serumwerk Memsen GmbH (vet division),DEU,Bernburg,~200,veterinary_pharma,research,"Infusion solutions, vet biologicals, equine",,https://www.serumwerk.com,,4,industry=2/3 capability=0/2 size=2/2 trigger=0/2,,Tier 3
Streuli Pharma,CHE,Uznach,~200,"originator_pharma,veterinary_pharma",research,"Painkillers, vitamins, anti-allergics (human+vet+dental)",Continuous Swiss tech investment; restructuring 2025,https://streuli-pharma.ch/,,4,industry=2/3 capability=0/2 size=2/2 trigger=0/2,,Tier 3
Wibond / Lindner Group Cleanrooms,DEU,Arnstorf,~200 (cleanroom unit),bioprocess_vendors,research,"Cleanroom panels, walk-on ceilings",,https://www.lindner-group.com/en/business-areas/cleanroom-technology/,,4,industry=0/3 capability=2/2 size=2/2 trigger=0/2,,Tier 3
GMT Gummi-Metall-Technik GmbH,DEU,Bühl,197,vaccines,crustdata,Mechanical Or Industrial Engineering / Die GMT-Gruppe ist ein international führender Hersteller von Komponenten und Sy,10.05586592178771% growth,http://www.gmt-gmbh.de,,4,industry=2/3 capability=0/2 size=1/2 trigger=1/2,,Tier 3
Weckerle Cosmetics,DEU,Eislingen,197,vaccines,crustdata,Manufacturing / full service with a differenceAs the premier global solutions provider in the co,2.604166666666667% growth,http://www.weckerle-cosmetics.de,,4,industry=2/3 capability=0/2 size=1/2 trigger=1/2,,Tier 3
Federal Food Safety and Veterinary Office FSVO,CHE,Köniz,194,veterinary_pharma,crustdata,Government Administration / The FSVO is the Swiss federal centre of excellence for the fields of food safety,0.5181347150259068% growth,https://www.blv.admin.ch,,4,industry=2/3 capability=0/2 size=1/2 trigger=1/2,,Tier 3
SensoPart,DEU,Gottenheim,194,vaccines,crustdata,Automation Machinery Manufacturing / Detect the Difference with SensoPart! We are a leading German manufacturer speci,6.593406593406594% growth,http://www.sensopart.com,,4,industry=2/3 capability=0/2 size=1/2 trigger=1/2,,Tier 3
Fraunhofer ITMP,DEU,Frankfurt,190,academic_gmp,crustdata,Research Services / The Fraunhofer Institute for Translational Medicine and Pharmacology ITMP resear,8.571428571428571% growth,https://www.itmp.fraunhofer.de/de/kontakt.html,,4,industry=1/3 capability=1/2 size=1/2 trigger=1/2,,Tier 3
FFG Fair Friend Group,DEU,Eislingen,189,vaccines,crustdata,"Machinery Manufacturing / FFG combines the rich traditions of the German, Swiss, Italian, American, Chines",14.545454545454545% growth,https://www.ffg-ea.com/,,4,industry=2/3 capability=0/2 size=1/2 trigger=1/2,,Tier 3
HBT Group,DEU,Lünen,189,vaccines,crustdata,"Machinery Manufacturing / HBT GmbH, headquartered in Luenen, NRW, Germany, is a world class machine manufa",0.0% growth,https://hbt-group.com/,,4,industry=2/3 capability=0/2 size=1/2 trigger=1/2,,Tier 3
Leibniz Institute for Agricultural Engineering and Bioeconomy (ATB),DEU,Potsdam,187,veterinary_pharma,crustdata,Research Services / The Leibniz Institute for Neurobiology (LIN) in Magdeburg is an internationally ,1.0810810810810811% growth,https://www.atb-potsdam.de/en,,4,industry=2/3 capability=0/2 size=1/2 trigger=1/2,,Tier 3
PG&F Superabrasives GmbH,DEU,Meerbusch,185,vaccines,crustdata,Abrasives and Nonmetallic Minerals Manufacturing / Formerly WENDT GmbH. In 2025 WENDT India has signed a trademark assignment agree,1.6483516483516485% growth,https://www.3mdeutschland.de/3M/de_DE/metallverarbeitung-de/anwendungen/prazisionsschleifen/,,4,industry=2/3 capability=0/2 size=1/2 trigger=1/2,,Tier 3
Ohly,DEU,Hamburg,184,veterinary_pharma,crustdata,"Food and Beverage Manufacturing / Ohly is one of the world's leading suppliers of yeast-based ingredients, ferment",3.954802259887006% growth,http://www.ohly.com/,,4,industry=2/3 capability=0/2 size=1/2 trigger=1/2,,Tier 3
AGRO AG,CHE,Hunzenschwil,182,vaccines,crustdata,"Appliances, Electrical, and Electronics Manufacturing / Since 1953, for more than 70 years, AGRO has been developing and manufacturing h",6.432748538011696% growth,https://www.agro.ch,,4,industry=2/3 capability=0/2 size=1/2 trigger=1/2,,Tier 3
Weizenbaum Institute,DEU,Berlin,182,vaccines,crustdata,Research Services / The Weizenbaum Institute is a joint project from Berlin and Brandenburg funded b,3.4090909090909087% growth,https://www.weizenbaum-institut.de/,,4,industry=2/3 capability=0/2 size=1/2 trigger=1/2,,Tier 3
St. Anna Children's Cancer Research Institute (CCRI),AUT,Vienna,178,academic_gmp,crustdata,"Research Services / The St. Anna Children's Cancer Research Institute (St Anna CCRI), located in the",-1.1111111111111112% growth,https://science.ccri.at/,oncology_general,4,industry=1/3 capability=1/2 size=1/2 trigger=1/2,,Tier 3
trinamiX GmbH,DEU,Ludwigshafen,178,vaccines,crustdata,"Appliances, Electrical, and Electronics Manufacturing / trinamiX GmbH develops and sells cutting-edge biometric and mobile NIR spectrosc",-4.301075268817205% growth,https://trinamixsensing.com,,4,industry=2/3 capability=0/2 size=1/2 trigger=1/2,,Tier 3
SIGMATEK Automation,AUT,Lamprechtshausen,174,vaccines,crustdata,Automation Machinery Manufacturing / SIGMATEK is counted among the leading providers of complete and integrated autom,-2.247191011235955% growth,http://www.sigmatek-automation.com,,4,industry=2/3 capability=0/2 size=1/2 trigger=1/2,,Tier 3
APAGCoSyst Electronic Control Systems,CHE,Freienbach,172,vaccines,crustdata,"Appliances, Electrical, and Electronics Manufacturing / APAGCoSyst is an established, electronics and lighting, design and manufacturing",-1.1494252873563218% growth,https://www.apagcosyst.com/,,4,industry=2/3 capability=0/2 size=1/2 trigger=1/2,,Tier 3
STORZ MEDICAL AG,CHE,Tägerwilen,172,veterinary_pharma,crustdata,"Medical Equipment Manufacturing / STORZ MEDICAL AG, founded in 1987, is an independent partner company of the KARL",1.7751479289940828% growth,https://www.storzmedical.com/,,4,industry=2/3 capability=0/2 size=1/2 trigger=1/2,,Tier 3
Leibniz-Forschungsinstitut für Molekulare Pharmakologie (FMP),DEU,Berlin,169,academic_gmp,crustdata,Research Services / The FMP conducts basic research in Molecular Pharmacology with the aim to identi,-3.977272727272727% growth,https://www.leibniz-fmp.de/de/impressum,oncology_general,4,industry=1/3 capability=1/2 size=1/2 trigger=1/2,,Tier 3
pro-beam Group,DEU,Gilching,165,vaccines,crustdata,Mechanical Or Industrial Engineering / The pro-beam Group is a global leader in electron beam technology. We provide se,7.142857142857142% growth,http://www.pro-beam.com/,,4,industry=2/3 capability=0/2 size=1/2 trigger=1/2,,Tier 3
FRIGATE,DEU,Munich,163,vaccines,crustdata,Manufacturing / Frigate is a manufacturing execution platform that connects global OEMs with 30+,7.236842105263158% growth,https://www.frigate.ai/?utm_source=SMM_LinkedIn&utm_medium=ContactUs&utm_campaign=SMM,,4,industry=2/3 capability=0/2 size=1/2 trigger=1/2,,Tier 3
SPRINGER Maschinenfabrik GmbH,AUT,Friesach,160,vaccines,crustdata,Machinery Manufacturing / Springer Maschinenfabrik is Europe’s number one manufacturer of innovative machi,10.344827586206897% growth,http://www.springer.eu,,4,industry=2/3 capability=0/2 size=1/2 trigger=1/2,,Tier 3
Leiber GmbH,DEU,Bramsche,155,veterinary_pharma,crustdata,Food Production / Leiber refines brewers’ yeast into innovative products for humans and animals. F,0.6493506493506493% growth,http://www.leibergmbh.de,,4,industry=2/3 capability=0/2 size=1/2 trigger=1/2,,Tier 3
Fraunhofer IFF,DEU,Magdeburg,153,vaccines,crustdata,Research / We use custom solutions to help German and foreign companies make their manufact,-7.2727272727272725% growth,https://www.iff.fraunhofer.de/,,4,industry=2/3 capability=0/2 size=1/2 trigger=1/2,,Tier 3
Curaleaf International (ex-EMMAC) DE,DEU,Frankfurt,~150,medical_cannabis,research,Formulation / EU-GMP cannabis extracts & oils,,https://curaleafintl.com,,4,industry=2/3 capability=1/2 size=1/2 trigger=0/2,,Tier 3
LFB / Europlasma,AUT,Vienna (AT) + 2 DE collection sites,~150 (Europlasma DACH),plasma_fractionation,research,Plasma collection (LFB-fed); fractionation occurs at LFB Les Ulis (FR),"26 collection centers Central Europe (15 CZ, 9 AT, 2 DE) — feedstock infrastructure for LFB FR fractionation",https://www.groupe-lfb.com/en/designing-of-biomedicinal-products/collection-of-plasma/,,4,industry=3/3 capability=0/2 size=1/2 trigger=0/2,,Tier 3
RIEMSER Pharma,DEU,Greifswald-Insel Riems,~150–250,"originator_pharma,sterile_generics",research,"Oncology, neurology, infectiology, dermatology",Owned by Esteve; expanded Greifswald site,https://www.riemser.com/,oncology_general,4,industry=3/3 capability=0/2 size=1/2 trigger=0/2,,Tier 3
Spirig HealthCare (STADA),CHE,Egerkingen,~150–200,"originator_pharma,sterile_generics",research,Dermatology distribution + own products,STADA-owned subsidiary; targeted local R&D,https://www.spirig.ch/,,4,industry=3/3 capability=0/2 size=1/2 trigger=0/2,,Tier 3
Wülfing Pharma,DEU,Gronau,~150,sterile_generics,research,Sterile contract manufacturing,,https://www.wuelfing-pharma.de,,4,industry=3/3 capability=0/2 size=1/2 trigger=0/2,,Tier 3
Eirich Official,DEU,Hardheim,147,vaccines,crustdata,Machinery Manufacturing / The Eirich Group is a family operated corporate group in the specialized mechani,3.5211267605633805% growth,https://www.eirich.com,,4,industry=2/3 capability=0/2 size=1/2 trigger=1/2,,Tier 3
SGS-TÜV Saar,DEU,Sulzbach,145,vaccines,crustdata,Public Safety / SGS-TÜV Saar GmbH emerged from a joint venture between the SGS Group Germany and,13.28125% growth,http://www.sgs-tuev-saar.com/de,,4,industry=2/3 capability=0/2 size=1/2 trigger=1/2,,Tier 3
Comma Soft AG,DEU,Bonn,143,vaccines,crustdata,IT Services and IT Consulting / Data. IT. Generative AI.We design strategies for your digital advantage.Comma So,2.877697841726619% growth,http://www.comma-soft.com,,4,industry=2/3 capability=0/2 size=1/2 trigger=1/2,,Tier 3
PFLITSCH GmbH & Co. KG,DEU,Hückeswagen,143,vaccines,crustdata,"Appliances, Electrical, and Electronics Manufacturing / PFLITSCH supplies approximately 6,000 customers worldwide who successfully use t",13.492063492063492% growth,https://www.pflitsch.de,,4,industry=2/3 capability=0/2 size=1/2 trigger=1/2,,Tier 3
sera Group,DEU,Heinsberg,141,veterinary_pharma,crustdata,Manufacturing / sera GroupWe support people who love animals and aquatic environments. Our produ,31.775700934579437% growth,https://www.sera-group.biz/,,4,industry=2/3 capability=0/2 size=1/2 trigger=1/2,,Tier 3
Provet AG (Virbac CH),CHE,Lyssach,~140 (CH only),veterinary_pharma,research,"Vet pharma distribution + own-label, companion + livestock",Lyssach cold-chain + GMP upgrade 2024 (CHF 8 m),https://www.provet.ch,,4,industry=2/3 capability=1/2 size=1/2 trigger=0/2,,Tier 3
VOGELBUSCH BIOPHARMA GmbH,AUT,Vienna,139,bioprocess_vendors,crustdata,Industrial Machinery Manufacturing / VOGELBUSCH BIOPHARMA GmbH is a worldwide operating engineering company with main,23.008849557522122% growth,https://www.vogelbusch-biopharma.com/,,4,industry=0/3 capability=2/2 size=1/2 trigger=1/2,,Tier 3
TWT Science & Innovation,DEU,Stuttgart,137,vaccines,crustdata,"IT Services and IT Consulting / For 40 years, TWT has been active at the intersection of science, industry, and ",-12.179487179487179% growth,https://twt-innovation.de,,4,industry=2/3 capability=0/2 size=1/2 trigger=1/2,,Tier 3
LNS Europe,CHE,Orvin,135,vaccines,crustdata,Machinery Manufacturing / Our mission : “To be the global partner of choice automating manufacturing with ,-0.7352941176470588% growth,http://www.LNS-europe.com,,4,industry=2/3 capability=0/2 size=1/2 trigger=1/2,,Tier 3
EuroTec GmbH,DEU,Hagen,134,vaccines,crustdata,Building Materials / Eurotec GmbH - The specialist for fastening technologyEurotec GmbH is a medium-s,6.349206349206349% growth,http://www.eurotec.team,,4,industry=2/3 capability=0/2 size=1/2 trigger=1/2,,Tier 3
HEGENSCHEIDT,DEU,Erkelenz,134,vaccines,crustdata,Machinery Manufacturing / HEGENSCHEIDT-MFD is one of the world’s leading manufacturers of machine tools fo,4.6875% growth,http://www.hegenscheidt-mfd.com,,4,industry=2/3 capability=0/2 size=1/2 trigger=1/2,,Tier 3
Trotec GmbH,DEU,Heinsberg,132,vaccines,crustdata,"Wholesale Import and Export / OUR PRODUCTS FOR INDUSTRY, TRADE AND COMFORT AT HOMETrotec develops, manufacture",-3.64963503649635% growth,https://de.trotec.com/shop/,,4,industry=2/3 capability=0/2 size=1/2 trigger=1/2,,Tier 3
Kleffmann Group,DEU,Lüdinghausen,129,veterinary_pharma,crustdata,Market Research / Kynetec is the global leader in animal health and agricultural market insights. ,0.78125% growth,http://www.kynetec.com,,4,industry=2/3 capability=0/2 size=1/2 trigger=1/2,,Tier 3
Thies GmbH & Co. KG,DEU,Coesfeld,126,vaccines,crustdata,"Machinery Manufacturing / TEXTILE MACHINES AND COMPLEMENTARY EQUIPMENT For more than 125 years, our family",5.88235294117647% growth,https://www.thiestextilmaschinen.de/,,4,industry=2/3 capability=0/2 size=1/2 trigger=1/2,,Tier 3
DVS TECHNOLOGY GROUP,DEU,Dietzenbach,123,vaccines,crustdata,Machinery Manufacturing / The DVS TECHNOLOGY GROUP is made up of Germany-based companies focusing on the t,6.0344827586206895% growth,http://www.dvs-technology.com/dvs-group,,4,industry=2/3 capability=0/2 size=1/2 trigger=1/2,,Tier 3
Elma Schmidbauer GmbH,DEU,Singen,123,vaccines,crustdata,Machinery Manufacturing / Elma Schmidbauer GmbH is one of the world's leading companies in the field of in,6.0344827586206895% growth,https://www.elma-ultrasonic.com/karriere/arbeiten-bei-elma,,4,industry=2/3 capability=0/2 size=1/2 trigger=1/2,,Tier 3
esmo group,DEU,Rosenheim,122,vaccines,crustdata,"Mechanical Or Industrial Engineering / esmo – Partner for Special-Purpose Machinery, Automation & the Semiconductor Ind",0.0% growth,https://esmo-group.com,,4,industry=2/3 capability=0/2 size=1/2 trigger=1/2,,Tier 3
Makino Europe GmbH,DEU,Kirchheim unter Teck,122,vaccines,crustdata,"Machinery Manufacturing / Since 1937, Makino has been widely known as an innovator in one of the most chal",-7.575757575757576% growth,https://www.makino.eu,,4,industry=2/3 capability=0/2 size=1/2 trigger=1/2,,Tier 3
AmerisourceBergen Global Services,CHE,Switzerland,121,veterinary_pharma,crustdata,"Hospitals and Health Care / AmerisourceBergen, soon to become Cencora, fosters a positive impact on the heal",0.8333333333333334% growth,http://www.amerisourcebergen.com,,4,industry=2/3 capability=0/2 size=1/2 trigger=1/2,,Tier 3
Leibniz Institute of Plant Biochemistry,DEU,Halle,121,veterinary_pharma,crustdata,Research / Welcome to Leibniz Institute of Plant Biochemistry!Despite their fixed lifestyle,10.0% growth,http://www.ipb-halle.de,,4,industry=2/3 capability=0/2 size=1/2 trigger=1/2,,Tier 3
GEWO Feinmechanik GmbH,DEU,Wörth,120,vaccines,crustdata,"Fabricated Metal Products / We are a medium-sized, family-owned high-tech company with 40 years ́ business e",10.091743119266056% growth,https://www.gewo.net,,4,industry=2/3 capability=0/2 size=1/2 trigger=1/2,,Tier 3
Institute of Oncology Research (IOR),CHE,Bellinzona,120,academic_gmp,crustdata,"Research Services / The Institute of Oncology Research (IOR), located in Bellinzona (Switzerland) an",8.108108108108109% growth,http://www.ior.usi.ch,oncology_general,4,industry=1/3 capability=1/2 size=1/2 trigger=1/2,,Tier 3
Köhler Pharma,DEU,Alsbach-Hähnlein,~120,originator_pharma,research,"OTC, supplements (Magnetrans, Neurodoron)",Owned by Weleda group; recent line expansion,https://www.koehler-pharma.de/,,4,industry=2/3 capability=0/2 size=1/2 trigger=1/2,,Tier 3
AnaPath Services GmbH & AnaPath Research S.A.U.,CHE,Liestal,118,veterinary_pharma,crustdata,"Research / AnaPath, is a global company including contract research organization (CRO) and ",-4.0650406504065035% growth,http://www.anapath.ch/service,,4,industry=2/3 capability=0/2 size=1/2 trigger=1/2,,Tier 3
felmo,DEU,Berlin,116,veterinary_pharma,crustdata,Veterinary Services / Unsere Mission - Die beste & modernste tierärztliche Versorgung für Haustiere.fe,7.4074074074074066% growth,https://felmo.de,,4,industry=2/3 capability=0/2 size=1/2 trigger=1/2,,Tier 3
Salzgitter Mannesmann Forschung GmbH,DEU,Salzgitter,116,vaccines,crustdata,Research Services / Salzgitter Mannesmann Forschung GmbH is an R&D company. Employing about 300 memb,1.7543859649122806% growth,https://www.salzgitter-mannesmann-forschung.de/de/kontakt/datenschutz/datenschutz-social-media.html,,4,industry=2/3 capability=0/2 size=1/2 trigger=1/2,,Tier 3
Schmoll Maschinen GmbH,DEU,Rödermark,116,vaccines,crustdata,Machinery Manufacturing / Schmoll Maschinen is a supplier of machine tool and mass production solutions fo,4.504504504504505% growth,http://www.schmoll-maschinen.de,,4,industry=2/3 capability=0/2 size=1/2 trigger=1/2,,Tier 3
PARADOX CAT GmbH,DEU,Munich,115,vaccines,crustdata,Software Development / PARADOX CAT GmbH is a specialist software development partner in the area of rea,29.213483146067414% growth,https://www.paradoxcat.com/,,4,industry=2/3 capability=0/2 size=1/2 trigger=1/2,,Tier 3
EVK,AUT,Raaba,114,vaccines,crustdata,Automation Machinery Manufacturing / Our core expertise is in classification of data using our hyperspectral and indu,14.000000000000002% growth,https://www.evk.biz,,4,industry=2/3 capability=0/2 size=1/2 trigger=1/2,,Tier 3
HAVER & BOECKER Machinery Division,DEU,Oelde,114,veterinary_pharma,crustdata,"Machinery Manufacturing / HAVER & BOECKER is a traditional-conscious, family-run, mid-sized company with h",-2.564102564102564% growth,http://www.haverboecker.com/en/,,4,industry=2/3 capability=0/2 size=1/2 trigger=1/2,,Tier 3
TKM GmbH,DEU,Remscheid,114,vaccines,crustdata,"Machinery Manufacturing / TKM stands for ""The Knife Manufacturers"". Under one umbrella there are more than",6.5420560747663545% growth,http://www.tkmgroup.com,,4,industry=2/3 capability=0/2 size=1/2 trigger=1/2,,Tier 3
Fraunhofer IMTE,DEU,Lübeck,113,academic_gmp,crustdata,Research Services / The Fraunhofer Research Institution for Individualized and Cell-Based Medical En,17.708333333333336% growth,https://www.imte.fraunhofer.de/,,4,industry=1/3 capability=1/2 size=1/2 trigger=1/2,,Tier 3
Fraunhofer SCAI,DEU,Sankt Augustin,113,vaccines,crustdata,Research Services / The Fraunhofer Institute for Algorithms and Scientific Computing SCAI combines k,8.653846153846153% growth,https://www.scai.fraunhofer.de,,4,industry=2/3 capability=0/2 size=1/2 trigger=1/2,,Tier 3
MackSmaTec GmbH,DEU,Gerstungen,112,vaccines,crustdata,"Machinery Manufacturing / Please note: On October 1, 2025, ruhlamat GmbH became MackSmaTec GmbH. The new n",5.660377358490567% growth,https://macksmatec.de/impressum,,4,industry=2/3 capability=0/2 size=1/2 trigger=1/2,,Tier 3
Robert Bürkle GmbH,DEU,Freudenstadt,112,vaccines,crustdata,Machinery Manufacturing / Robert Bürkle GmbH is one of the world's leading manufacturers of presses and co,9.803921568627452% growth,http://www.buerkle-gmbh.de,,4,industry=2/3 capability=0/2 size=1/2 trigger=1/2,,Tier 3
GESSNER,DEU,Feldkirchen,110,vaccines,crustdata,Manufacturing / GESSNER provides filtration solutions to solve the most complex customer challen,-1.7857142857142856% growth,http://www.gessner-filtration.com,,4,industry=2/3 capability=0/2 size=1/2 trigger=1/2,,Tier 3
ELATEC Group | Allegion,DEU,Puchheim,109,"bioprocess_vendors,vaccines",crustdata,"Information Technology & Services / At ELATEC, we don’t just provide RFID technology—we enable access. From physical",-4.385964912280701% growth,https://www.elatec-rfid.com,,4,industry=2/3 capability=0/2 size=1/2 trigger=1/2,,Tier 3
steute Technologies GmbH & Co. KG,DEU,Löhne,108,vaccines,crustdata,"Appliances, Electrical, and Electronics Manufacturing / For more than 50 years, steute Schaltgeräte has been developing and manufacturin",4.854368932038835% growth,https://www.steute.com,,4,industry=2/3 capability=0/2 size=1/2 trigger=1/2,,Tier 3
enspired,AUT,Vienna,107,vaccines,crustdata,"Services for Renewable Energy / enspired is Europe's leading optimizer of battery energy storage systems (BESS),",8.080808080808081% growth,https://www.enspired-trading.com,,4,industry=2/3 capability=0/2 size=1/2 trigger=1/2,,Tier 3
HELLA Aglaia Mobile Vision GmbH,DEU,Berlin,107,vaccines,crustdata,IT Services and IT Consulting / HELLA Aglaia specializes in innovative software solutions. Our portfolio is base,-30.065359477124183% growth,https://www.hella-aglaia.com,,4,industry=2/3 capability=0/2 size=1/2 trigger=1/2,,Tier 3
MARGARETE STEIFF GMBH,DEU,Giengen an der Brenz,107,veterinary_pharma,crustdata,"Consumer Goods / Margarete Steiff was born on July 24th, 1847 in Giengen an der Brenz. At only 18",0.0% growth,http://www.steiff.com,,4,industry=2/3 capability=0/2 size=1/2 trigger=1/2,,Tier 3
K.R. Pfiffner AG,CHE,Utzenstorf,106,vaccines,crustdata,Machinery Manufacturing / High-precision machines for manufacturing mass-produced parts: rotary transfer m,-3.6363636363636362% growth,http://www.pfiffner.com,,4,industry=2/3 capability=0/2 size=1/2 trigger=1/2,,Tier 3
TEDATA GmbH,DEU,Bochum,106,vaccines,crustdata,IT Services and IT Consulting / TEDATA GmbH is leading manufacturer of digital tools and component catalogue for,3.9215686274509802% growth,https://www.tedata.de,,4,industry=2/3 capability=0/2 size=1/2 trigger=1/2,,Tier 3
Steinmeyer,DEU,Ebingen,104,vaccines,crustdata,"Mechanical Or Industrial Engineering / When precision is everything, there's Steinmeyer.For over 100 years, we've been ",8.333333333333332% growth,http://www.steinmeyer.com,,4,industry=2/3 capability=0/2 size=1/2 trigger=1/2,,Tier 3
Kautex Maschinenbau System GmbH,DEU,Bonn,103,vaccines,crustdata,Machinery Manufacturing / Plastic is our passion. At Kautex Maschinenbau System GmbH we create smart produ,-0.9615384615384616% growth,https://www.kautex-group.com/,,4,industry=2/3 capability=0/2 size=1/2 trigger=1/2,,Tier 3
ROSTA Group,CHE,Hunzenschwil,103,vaccines,crustdata,Machinery Manufacturing / Engineering Good Vibes – Worldwide.ROSTA is the global leader in torsional rubbe,4.040404040404041% growth,http://www.rosta.com,,4,industry=2/3 capability=0/2 size=1/2 trigger=1/2,,Tier 3
SOLLICH,DEU,Bad Salzuflen,103,vaccines,crustdata,Machinery Manufacturing / SOLLICH offers innovative and comprehensive solutions for chocolate and confecti,5.1020408163265305% growth,https://www.sollich.com/,,4,industry=2/3 capability=0/2 size=1/2 trigger=1/2,,Tier 3
FOOKE GmbH,DEU,Borken,102,vaccines,crustdata,"Machinery Manufacturing / As a medium-sized family business with approx. 200 employees, FOOKE GmbH is base",-3.7735849056603774% growth,https://www.fooke-machines.com,,4,industry=2/3 capability=0/2 size=1/2 trigger=1/2,,Tier 3
RSP,DEU,Saalfeld,102,vaccines,crustdata,Machinery Manufacturing / Manufacturer of special suction machinesAs the market leader in the area of fan-,8.51063829787234% growth,http://www.rsp-germany.com,,4,industry=2/3 capability=0/2 size=1/2 trigger=1/2,,Tier 3
Institute for Machine Tools and Industrial Management,DEU,Garching,101,vaccines,crustdata,Research Services / The Institute for Machine Elements and Systems Engineering investigates the fund,-1.9417475728155338% growth,www.iwb.de,,4,industry=2/3 capability=0/2 size=1/2 trigger=1/2,,Tier 3
NOACK Group - Part of Barentz,AUT,Vienna,101,veterinary_pharma,crustdata,"Wholesale / Noack is a technical marketing and sales company, which handles and distributes ",2.0202020202020203% growth,http://www.noackgroup.com,,4,industry=2/3 capability=0/2 size=1/2 trigger=1/2,,Tier 3
Research-Institute for Farm Animal Biology (FBN),DEU,Dummerstorf,101,veterinary_pharma,crustdata,Research / We research the functional biodiversity of farm animals in the context of their ,12.222222222222221% growth,https://www.fbn-dummerstorf.de,,4,industry=2/3 capability=0/2 size=1/2 trigger=1/2,,Tier 3
Brütsch Elektronik AG,CHE,Beringen,100,vaccines,crustdata,"Medical Equipment Manufacturing / We are a family-owned company founded over 50 years ago. As an OEM partner, we d",4.166666666666666% growth,http://www.brutsch.com,,4,industry=2/3 capability=0/2 size=1/2 trigger=1/2,,Tier 3
KEDPlasma GmbH (Kedrion),DEU,Gräfelfing (HQ),~100+,plasma_fractionation,research,Collection,,https://www.kedrion.com/kedplasma-welcomes-donors-to-its-new-augsburg-collection-center/,,4,industry=3/3 capability=0/2 size=1/2 trigger=0/2,,Tier 3
Leibniz Supercomputing Centre,DEU,Garching,100,vaccines,crustdata,IT Services and IT Consulting / The Leibniz Supercomputing Centre (LRZ) proudly stands at the forefront of its f,8.695652173913043% growth,http://www.lrz.de,,4,industry=2/3 capability=0/2 size=1/2 trigger=1/2,,Tier 3
Assaia – The ApronAI,CHE,Kloten,92,plasma_fractionation,crustdata,"Information Technology & Services / Assaia is the global leader in AI-driven turnaround optimization, dedicated to e",29.577464788732392% growth,https://www.assaia.com,,4,industry=3/3 capability=0/2 size=0/2 trigger=1/2,,Tier 3
allpack group ag,CHE,Allschwil,91,veterinary_pharma,crustdata,Pharmaceutical Manufacturing / Welcome to allpack group ag - Your Trusted Pharmaceutical Packaging Experts.We a,13.750000000000002% growth,http://www.allpack.ch,,4,industry=2/3 capability=1/2 size=0/2 trigger=1/2,,Tier 3
AMW GmbH,DEU,Warngau,90,specialty_orphan,crustdata,"Pharmaceutical Manufacturing / Controlled drug delivery for superior treatment. For patients, worldwide.AMW’s m",11.11111111111111% growth,https://www.amw-pharmaceuticals.com,,4,industry=2/3 capability=1/2 size=0/2 trigger=1/2,,Tier 3
Merck Consumer Health Care (Shanghai) Trading Co. Ltd,DEU,Germany,84,specialty_orphan,crustdata,Pharmaceutical Manufacturing / Merck is a global pharmaceutical and chemical company with a history that began ,3.7037037037037033% growth,http://www.merck-china.com/en/index.html,,4,industry=2/3 capability=1/2 size=0/2 trigger=1/2,,Tier 3
Pharmaselect International (Sandoz/Hexal sterile),AUT,Vienna,~80,sterile_generics,research,Sterile generic injectables,,https://www.pharmaselect.com,,4,industry=3/3 capability=1/2 size=0/2 trigger=0/2,,Tier 3
Zoetis DACH,DEU,Berlin,77,veterinary_pharma,crustdata,Pharmaceutical Manufacturing / Als weltweit führendes Unternehmen im Bereich der Tiergesundheit sehen wir es al,8.450704225352112% growth,http://www.zoetis.de,,4,industry=2/3 capability=1/2 size=0/2 trigger=1/2,,Tier 3
Linnea SA,CHE,Lavertezzo,76,medical_cannabis,crustdata,Pharmaceutical Manufacturing / Linnea’s mission is to improve the quality of life of people around the globe by,7.042253521126761% growth,https://www.linnea.ch,,4,industry=2/3 capability=1/2 size=0/2 trigger=1/2,,Tier 3
Hormosan Pharma GmbH,DEU,Frankfurt,75,specialty_orphan,crustdata,Pharmaceutical Manufacturing / Hormosan was founded in Germany over 50 years ago and ever since has developed s,0.0% growth,https://www.hormosan.com/,,4,industry=2/3 capability=1/2 size=0/2 trigger=1/2,,Tier 3
hameln pharma gmbh,DEU,Hameln,72,specialty_orphan,crustdata,Pharmaceutical Manufacturing / hameln pharma is an owner-managed group of pharmaceutical companies whose produc,12.5% growth,http://www.hameln-pharma.com,,4,industry=2/3 capability=1/2 size=0/2 trigger=1/2,,Tier 3
Resolve Biosciences,DEU,Monheim,72,specialty_orphan,crustdata,Biotechnology Research / Resolve Biosciences is applying the power of Molecular CartographyTM to enable s,-8.860759493670885% growth,http://www.resolvebiosciences.com,oncology_general,4,industry=2/3 capability=1/2 size=0/2 trigger=1/2,,Tier 3
HENNIG ARZNEIMITTEL GmbH & Co. KG,DEU,Flörsheim,71,"cdmo_classic,originator_pharma",crustdata+research+research,Pharmaceutical Manufacturing / HENNIG Arzneimittel is a mid-sized German pharmaceutical company based near Fran,Sold to Polifarma Jan 2025; integrated investment plan,http://www.hennig-am.de,,4,industry=3/3 capability=1/2 size=0/2 trigger=0/2,,Tier 3
Dr. E. Gräub AG,CHE,Bern,~70,veterinary_pharma,research,"Swiss vet pharma manufacturer, sterile injectables, vaccines",,https://www.graeub.com,,4,industry=2/3 capability=2/2 size=0/2 trigger=0/2,,Tier 3
INDICAL BIOSCIENCE,DEU,Leipzig,70,veterinary_pharma,crustdata,Biotechnology / INDICAL − Improving diagnostics for better animal and human healthWith three dec,-1.4084507042253522% growth,http://www.indical.com,,4,industry=2/3 capability=1/2 size=0/2 trigger=1/2,,Tier 3
Grünhorn,DEU,Leipzig,68,medical_cannabis,crustdata,"Pharmaceutical Manufacturing / At Grünhorn in Leipzig, we are here to help patients with advice and supplies of",3.0303030303030303% growth,https://www.gruenhorn.de/,,4,industry=2/3 capability=1/2 size=0/2 trigger=1/2,,Tier 3
IFPMA,CHE,Commugny,68,vaccines,crustdata,Pharmaceutical Manufacturing / IFPMA represents the innovative pharmaceutical industry at the international lev,-5.555555555555555% growth,http://www.ifpma.org,,4,industry=2/3 capability=1/2 size=0/2 trigger=1/2,,Tier 3
Senn Chemicals AG,CHE,Dielsdorf,68,veterinary_pharma,crustdata,Pharmaceutical Manufacturing / SENN has been in the peptide business since 1963. From intermediates to cGMP API,9.67741935483871% growth,http://www.sennchem.com,,4,industry=2/3 capability=1/2 size=0/2 trigger=1/2,,Tier 3
Felss Group GmbH,DEU,Königsbach,67,vaccines,crustdata,"Machinery Manufacturing / As lightweight construction experts, we develop the best solutions and processes",-4.285714285714286% growth,https://www.felss.com/en/,,4,industry=2/3 capability=0/2 size=0/2 trigger=2/2,,Tier 3
Caesar & Loretz GmbH (Caelo),DEU,Hilden,65,medical_cannabis,crustdata,"Pharmaceutical Manufacturing / As a traditional company with a 135-year history, Caelo has acquired a leading p",3.1746031746031744% growth,https://www.caelo.de/,,4,industry=2/3 capability=1/2 size=0/2 trigger=1/2,,Tier 3
Strathmann (Dermapharm),DEU,Hamburg + Seevetal,~65,originator_pharma,research,OTC respiratory + niche Rx,Part of Dermapharm 2024 capex envelope,"https://www.northdata.com/Strathmann+GmbH+&+Co.+KG,+Hamburg",,4,industry=2/3 capability=0/2 size=0/2 trigger=2/2,,Tier 3
Phytobiotics GmbH,DEU,Eltville,64,veterinary_pharma,crustdata,Biotechnology Research / Phytobiotics demonstrates one of the fastest growing global companies serving th,4.918032786885246% growth,https://www.phytobiotics.com?utm_source=linkedin&utm_medium=linkedinpage,,4,industry=2/3 capability=1/2 size=0/2 trigger=1/2,,Tier 3
Develco Pharma Schweiz AG,CHE,Pratteln,~60,sterile_generics,research,Sterile/specialty oral & parenteral CDMO,,https://www.develco-pharma.ch,,4,industry=3/3 capability=1/2 size=0/2 trigger=0/2,,Tier 3
Fresenius Kabi MedTech Europe,DEU,Bad Homburg,60,plasma_fractionation,crustdata,Medical Equipment Manufacturing / Fresenius Kabi MedTech Europe  - Advancing Medical Technologies for Improved Pat,11.11111111111111% growth,https://www.fresenius-kabi.com/,,4,industry=3/3 capability=0/2 size=0/2 trigger=1/2,,Tier 3
Amapharm GmbH,DEU,Neunkirchen,58,"specialty_orphan,veterinary_pharma",crustdata,"Pharmaceutical Manufacturing / The vision for a change developed in a small suburb of Saarbrucken. Here, in 197",-1.694915254237288% growth,https://amapharm.de/,,4,industry=2/3 capability=1/2 size=0/2 trigger=1/2,,Tier 3
Verdeya,CHE,Lausanne,58,medical_cannabis,crustdata,"Biotechnology Research / Verdeya is pioneering a scientific and responsible, long-term approach to cannab",9.433962264150944% growth,https://www.verdeyalife.com/,,4,industry=2/3 capability=1/2 size=0/2 trigger=1/2,,Tier 3
Cansativa GmbH,DEU,Morfelden,56,medical_cannabis,crustdata+research+research,"Health, Wellness & Fitness / Cansativa provides independent market access and extensive warehousing and distr",Sole distributor of German-grown medical cannabis (BfArM contract); cleanroom + packaging facility,https://www.cansativa-group.de/de/,,4,industry=2/3 capability=2/2 size=0/2 trigger=0/2,,Tier 3
GS Swiss PCB,CHE,Küssnacht am Rigi,56,plasma_fractionation,crustdata,Computers and Electronics Manufacturing / When failure is not an option or space is at a premium: GS’ printed circuit boar,-8.19672131147541% growth,http://www.gs-swiss.com,,4,industry=3/3 capability=0/2 size=0/2 trigger=1/2,,Tier 3
ESTEVE Germany,DEU,Berlin,54,specialty_orphan,crustdata+research,Pharmaceutical Manufacturing / ESTEVE Germany is a pharmaceutical company that stands for medicines for disease,1.8867924528301887% growth,http://www.esteve.com/de,oncology_general,4,industry=2/3 capability=1/2 size=0/2 trigger=1/2,,Tier 3
Cassella-med (Klosterfrau),DEU,Köln,~50–100,originator_pharma,research,OTC distribution + own products,Part of Klosterfrau group capex,https://www.klosterfrau-group.de/,,4,industry=2/3 capability=0/2 size=0/2 trigger=2/2,,Tier 3
Newron Pharmaceuticals,CHE,"Bresso (HQ Italy, listed SIX)",~50,late_stage_biotech,research,Evenamide — treatment-resistant schizophrenia,ENIGMA-TRS 1 enrolling Aug 2025; ENIGMA-TRS 2 US started; topline Q4 2026; NDA prep,[Newron IR](https://www.newron.com/news-and-media/regulatory-news/newron-announces-us-initiation-its-enigma-trs-2-phase-iii-global),,4,industry=3/3 capability=1/2 size=0/2 trigger=0/2 [manual override],,Tier 2
Biokema SA,CHE,Crissier,47,veterinary_pharma,crustdata+research,"Pharmaceutical Manufacturing / BIOKEMA SA, is a Swiss company that develops, produces and commercialises pharma",-6.0% growth,http://www.biokema.ch,,4,industry=2/3 capability=1/2 size=0/2 trigger=1/2,,Tier 3
bitop AG - The Ectoin® Company.,DEU,Dortmund,46,veterinary_pharma,crustdata,Biotechnology / We are The Ectoin® Company.bitop has discovered and unleashed the power of Ectoi,9.523809523809524% growth,http://www.bitop.de,,4,industry=2/3 capability=1/2 size=0/2 trigger=1/2,,Tier 3
Systec - The Autoclave Company,DEU,Linden,45,specialty_orphan,crustdata,"Biotechnology Research / Systec GmbH & Co. KG is a manufacturer of autoclaves (steam sterilizers), especi",15.384615384615385% growth,https://www.systec-lab.com,,4,industry=2/3 capability=1/2 size=0/2 trigger=1/2,,Tier 3
MPI Pharmaceutica GmbH,DEU,Hamburg,44,veterinary_pharma,crustdata,Pharmaceutical Manufacturing / M.P.I. Pharmaceutica GmbH is an international import and export company for prim,4.761904761904762% growth,http://www.mpi-pharma.com,,4,industry=2/3 capability=1/2 size=0/2 trigger=1/2,,Tier 3
Cannamedical Pharma,DEU,Cologne,43,medical_cannabis,crustdata+research+research,Pharmaceutical Manufacturing / Cannamedical® Pharma GmbH has a pharmaceutical wholesale licence in accordance w,EU import scaling; Portugal-DE shipment expansion,https://cannamedical.com,,4,industry=2/3 capability=1/2 size=0/2 trigger=1/2,,Tier 3
McKesson Europe AG,DEU,Stuttgart,43,specialty_orphan,crustdata,"Pharmaceutical Manufacturing / McKesson Europe, part of McKesson Corporation, is a leading company in the healt",-6.521739130434782% growth,http://www.mckesson.eu,oncology_general,4,industry=2/3 capability=1/2 size=0/2 trigger=1/2,,Tier 3
Pfefferlé & Cie SA,CHE,Sion,43,vaccines,crustdata,Construction / Fondée en 1838 à Sion Pfefferlé Cie SA est dirigée actuellement par Christian et,7.5% growth,http://www.pfefferle.ch,,4,industry=2/3 capability=0/2 size=0/2 trigger=2/2,,Tier 3
Vereinigte Informationssysteme Tierhaltung w.V. (vit),DEU,Verden (Aller),41,veterinary_pharma,crustdata,Biotechnology Research / Wir sind der führende Informationsdienstleister für Tierhaltung und Tierzucht un,0.0% growth,http://www.vit.de/,,4,industry=2/3 capability=1/2 size=0/2 trigger=1/2,,Tier 3
Apotheca Pharma AG,CHE,Solothurn,~40,sterile_generics,research,"Hospital sterile compounding, parenteral nutrition",,https://www.apothecapharma.ch,,4,industry=3/3 capability=1/2 size=0/2 trigger=0/2,,Tier 3
Dipharma SA,CHE,Chiasso,40,specialty_orphan,crustdata,Pharmaceutical Manufacturing / Dipharma S.A. is a privately-held Swiss pharmaceutical company specialized in de,2.564102564102564% growth,http://www.dipharma.ch/,,4,industry=2/3 capability=1/2 size=0/2 trigger=1/2,,Tier 3
redcoon GmbH,DEU,Aschaffenburg,39,plasma_fractionation,crustdata,Computers and Electronics Manufacturing / redcoon.com ranks among the largest internet special dispatchers for LCD and pla,0.0% growth,http://www.redcoon.de,,4,industry=3/3 capability=0/2 size=0/2 trigger=1/2,,Tier 3
Socorex Isba SA,CHE,Écublens,38,veterinary_pharma,crustdata,Biotechnology Research / Socorex Isba SA is a reputable Swiss manufacturer of precision dosing instrument,-5.0% growth,http://www.socorex.com,,4,industry=2/3 capability=1/2 size=0/2 trigger=1/2,,Tier 3
Baccinex,CHE,Courroux,37,vaccines,crustdata,Pharmaceutical Manufacturing / Baccinex SA is a full-service pharmaceutical Contract Manufacturing Organisation,2.7777777777777777% growth,http://www.baccinex.com,,4,industry=2/3 capability=1/2 size=0/2 trigger=1/2,,Tier 3
Canify AG,DEU,Herrsching am Ammersee,37,medical_cannabis,crustdata,Pharmaceutical Manufacturing / Canify AG is a licensed pharmaceutical company specializing in medical cannabis.,42.30769230769231% growth,http://www.canify.com,,4,industry=2/3 capability=1/2 size=0/2 trigger=1/2,,Tier 3
DSM Austria GmbH (former ERBER Group),AUT,Inzersdorf ob der Traisen,37,veterinary_pharma,crustdata,Biotechnology / DSM Austria GmbH was founded in 2021 after Royal DSM acquired the former ERBER G,0.0% growth,https://www.dsm.com/austria/en_us/home.html,,4,industry=2/3 capability=1/2 size=0/2 trigger=1/2,,Tier 3
NSF Erdmann Analytics,DEU,Rheda-Wiedenbrück,36,veterinary_pharma,crustdata,Biotechnology Research / NSF Erdmann Analytics ist ein deutsches Analytiklabor für Lebensmittel- und Futt,12.5% growth,https://www.nsfinternational.eu/de/,,4,industry=2/3 capability=1/2 size=0/2 trigger=1/2,,Tier 3
GrowMotion AG,CHE,Central CH,~30–50,medical_cannabis,research,Cultivator (1.5–1.8 t/yr GACP),Swissmedic operating license Sep-2024 (audit no findings); scaling to GMP,https://www.openpr.com/news/4483813/grow-motion-ag-swiss-quality-for-the-european-medical-cannabis,,4,industry=2/3 capability=1/2 size=0/2 trigger=1/2,,Tier 3
Bathera,DEU,Grünwald,27,medical_cannabis,crustdata,"Pharmaceutical Manufacturing / Bathera is a fast-growing, fully vertically integrated medical cannabis company ",12.5% growth,http://www.bathera.com,,4,industry=2/3 capability=1/2 size=0/2 trigger=1/2,,Tier 3
Purely Plant GmbH,DEU,Frankfurt,22,medical_cannabis,crustdata,Pharmaceutical Manufacturing / Purely Plant is a cannabis biotech company with its first fully enclosed facilit,29.411764705882355% growth,http://www.purelyplant.com,,4,industry=2/3 capability=1/2 size=0/2 trigger=1/2,,Tier 3
Remexian Pharma GmbH,DEU,Ludwigsfelde,21,medical_cannabis,crustdata,Pharmaceutical Manufacturing / Wir – die Remexian Pharma GmbH – sind ein im Jahr 2018 gegründetes pharmazeutisc,61.53846153846154% growth,https://www.remexian.com,,4,industry=2/3 capability=1/2 size=0/2 trigger=1/2,,Tier 3
Drapalin Pharmaceuticals,DEU,Hamburg / Northern DE,~20–40,medical_cannabis,research,GMP-certified processor / wholesaler,Active GMP-certified medical cannabis trader; expansion post-MedCanG,https://drapalin.de/en/gmp/,,4,industry=2/3 capability=1/2 size=0/2 trigger=1/2,,Tier 3
MediCane Health (Cantourage / DEMECAN partner network),DEU,Berlin,~20–40,medical_cannabis,research,Importer/processor (GMP partner),Network expansion post-MedCanG,https://www.cantourage.com/,,4,industry=2/3 capability=1/2 size=0/2 trigger=1/2,,Tier 3
Affimed,DEU,Heidelberg,,late_stage_biotech,research,Innate Cell Engager (NK bispecifics),None — uses CDMOs,https://www.affimed.com/affimed-science-and-technology/innate-cell-engagers/,,4,industry=3/3 capability=1/2 size=0/2 trigger=0/2,,Tier 3
Apogenix,DEU,Heidelberg,,late_stage_biotech,research,Protein therapeutics (asunercept),None,https://pitchbook.com/profiles/company/61359-67,,4,industry=3/3 capability=1/2 size=0/2 trigger=0/2,,Tier 3
Bicoll Group,DEU,Munich,,late_stage_biotech,research,Natural product drug discovery,None,https://www.bicoll-group.com/,,4,industry=3/3 capability=1/2 size=0/2 trigger=0/2,,Tier 3
Captain T Cell,DEU,Berlin-Buch,,late_stage_biotech,research,TCR-T (allo + auto),None — Charles River CDMO partnership; future build at CGT Berlin,https://www.globenewswire.com/news-release/2024/05/22/2886221/0/en/Captain-T-Cell-Secures-Seed-Financing-Round-Totaling-8-5-Million.html,oncology_celltherapy,4,industry=3/3 capability=1/2 size=0/2 trigger=0/2,,Tier 3
Cardior Pharmaceuticals,DEU,Hannover,,late_stage_biotech,research,RNA cardiology (CDR132L),Becomes part of Novo Nordisk mfg; Hannover continues,https://cardior.de/,,4,industry=3/3 capability=1/2 size=0/2 trigger=0/2,,Tier 3
Cellestia Biotech,CHE,Basel,,late_stage_biotech,research,Notch inhibitor (CB-103),CMO; Phase 2 ongoing,https://www.swissbiotech.org/listing/cellestia-biotech-raises-chf-20-million-and-appoints-2-new-board-members/,,4,industry=3/3 capability=1/2 size=0/2 trigger=0/2,,Tier 3
CureVac N.V.,DEU,Tübingen (GMP IV under construction),,vaccines,research,mRNA,GMP IV facility paused/scaled back post-GSK deal Jul-2024; restructuring,https://www.curevac.com/en/manufacturing/,,4,industry=2/3 capability=2/2 size=0/2 trigger=0/2,,Tier 3
GlycoEra,CHE,Wädenswil,,late_stage_biotech,research,Extracellular protein degraders,None — CDMO (LimmaTech link); first IND prep,https://www.glycoera.com/2025/05/glycoera-ag-raises-130-million-to-advance-novel-pipeline-of-extracellular-protein-degraders-for-the-treatment-of-autoimmune-diseases/,,4,industry=3/3 capability=1/2 size=0/2 trigger=0/2,,Tier 3
leon-nanodrugs,DEU,Munich/Planegg,,late_stage_biotech,research,LNP equipment + drug formulation,LNP equipment maker; not own GMP yet,https://www.biospace.com/leon-nanodrugs-secures-funds-in-a-series-d-financing-to-broaden-portfolio-in-first-single-use-high-throughput-production-systems-for-nanoencapsulation,,4,industry=3/3 capability=1/2 size=0/2 trigger=0/2,,Tier 3
Lonza AG — Stein,CHE,Stein (AG),,vaccines,research,Sterile fill-finish incl. vaccines,CHF 100M+ aseptic capacity Stein 2024–25,https://www.lonza.com,,4,industry=2/3 capability=2/2 size=0/2 trigger=0/2,,Tier 3
NeXgen Bioherbals / VAXXILON / Idorsia spinouts,CHE,Basel/Reinach,,late_stage_biotech,research,various,mostly CMO,—,,4,industry=3/3 capability=1/2 size=0/2 trigger=0/2,,Tier 3
Pfizer Pharma GmbH,DEU,Illertissen (legacy King),,vaccines,research,Sterile fill-finish (vaccines + biologics),minor automation upgrades,https://www.pfizer.de,,4,industry=2/3 capability=2/2 size=0/2 trigger=0/2,,Tier 3
Themis (now MSD),AUT,Vienna,,late_stage_biotech,research,Vaccines,Vienna mfg integrated into MSD,—,,4,industry=3/3 capability=1/2 size=0/2 trigger=0/2,,Tier 3
Bosch,DEU,Gerlingen,162555,"bioprocess_vendors,vaccines",crustdata+research+research,Software Development / The Bosch Group is a leading global supplier of technology and services. It empl,1.8923628522715876% growth,http://www.bosch.com,,3,industry=2/3 capability=0/2 size=0/2 trigger=1/2,industrial_false_positive,Excluded
Vetropack Holding AG,CHE,St-Prex,"~3,800",medical_cannabis,research,"Packaging (pharma/medical glass vials, jars — cannabis adj.)",,https://www.vetropack.com,,3,industry=2/3 capability=0/2 size=1/2 trigger=0/2,,Tier 3
Pfeuffer / Pfeiffer Vacuum (Pharma vacuum),DEU,Aßlar,"~3,500 (DE)",bioprocess_vendors,research,"Vacuum tech for freeze drying, isolators",,https://www.pfeiffer-vacuum.com/de/,,3,industry=0/3 capability=2/2 size=1/2 trigger=0/2,,Tier 3
Syntegon Technology (ex-Bosch Packaging),DEU,Crailsheim / Waiblingen,"~3,500 (DACH)",bioprocess_vendors,research,"Pharma fill-finish, inspection, packaging",,https://www.syntegon.com/,,3,industry=0/3 capability=2/2 size=1/2 trigger=0/2,industrial_false_positive,Excluded
Sartorius | Bioprocess Solutions,DEU,Göttingen,3132,bioprocess_vendors,crustdata,Biotechnology Research / Sartorius offers a broad portfolio of Bioprocess Solutions for all major steps o,-1.7565872020075282% growth,http://www.sartorius.com,,3,industry=0/3 capability=1/2 size=1/2 trigger=1/2,direct_competitor,Excluded
Eppendorf,DEU,Hamburg,3051,bioprocess_vendors,crustdata+research,"Biotechnology Research / Eppendorf is a leading international life science company that develops, manufac",-0.3266906239790918% growth,http://corporate.eppendorf.com,,3,industry=0/3 capability=1/2 size=1/2 trigger=1/2,,Tier 3
Rieter,CHE,Winterthur,2767,bioprocess_vendors,crustdata,Industrial Machinery Manufacturing / Rieter is the world’s leading supplier of systems for manufacturing yarn from st,0.4720406681190995% growth,http://www.rieter.com,,3,industry=0/3 capability=0/2 size=2/2 trigger=1/2,,Tier 3
Belimed AG,CHE,Zug / Sulgen,~900,bioprocess_vendors,research,"Sterilizers, washers, GMP CSSD",,https://www.belimed.com/,,3,industry=0/3 capability=1/2 size=2/2 trigger=0/2,direct_competitor,Excluded
item – industrial applications,DEU,Solingen,506,bioprocess_vendors,crustdata,Automation Machinery Manufacturing / item is the pioneer in building kit systems and digital tools for industrial app,5.416666666666667% growth,https://www.item24.com,,3,industry=0/3 capability=0/2 size=2/2 trigger=1/2,,Tier 3
3CON Technologies,AUT,Ebbs,289,bioprocess_vendors,crustdata,Industrial Machinery Manufacturing / 3CON is a leading expert in high-end automation solutions across multiple indust,0.3472222222222222% growth,https://www.3con.com,,3,industry=0/3 capability=0/2 size=2/2 trigger=1/2,,Tier 3
Bellmer,DEU,Niefern,266,bioprocess_vendors,crustdata,Machinery Manufacturing / Bellmer is an international high-class technology supplier with two divisions: P,2.7027027027027026% growth,http://www.bellmer.com,,3,industry=0/3 capability=0/2 size=2/2 trigger=1/2,,Tier 3
cimt ag,DEU,Hamburg,220,bioprocess_vendors,crustdata,IT Services and IT Consulting / We see information technology as a management task in the context of a broad per,-0.4524886877828055% growth,https://www.cimt-ag.de,,3,industry=0/3 capability=0/2 size=2/2 trigger=1/2,,Tier 3
acib GmbH,AUT,Graz,180,bioprocess_vendors,crustdata,Biotechnology Research / The Austrian Centre of Industrial Biotechnology (acib) replaces conventional ind,-6.7357512953367875% growth,https://acib.at,,3,industry=0/3 capability=1/2 size=1/2 trigger=1/2,,Tier 3
INFORS HT,CHE,Bottmingen,175,bioprocess_vendors,crustdata+research,"Biotechnology Research / INFORS HT, a Swiss-based company, bringing 60 years of expertise to bioprocessin",-5.913978494623656% growth,http://www.infors-ht.com,,3,industry=0/3 capability=1/2 size=1/2 trigger=1/2,,Tier 3
Mepha Pharma (Teva),CHE,Aesch BL + Basel,~157,originator_pharma,research,Branded + non-branded generics; 230 SKUs,Aesch site ongoing Teva-funded investment,https://www.swissbiotech.org/listing/mepha-pharma-ag/,,3,industry=2/3 capability=0/2 size=1/2 trigger=0/2,,Tier 3
Hänseler AG,CHE,Herisau,~155,originator_pharma,research,"OTC (Gly-Coramine, OLBAS, Bach-Blüten) + raw materials",Continuous Herisau production investment; FDA-audited,https://www.haenseler.ch/en/,,3,industry=2/3 capability=0/2 size=1/2 trigger=0/2,,Tier 3
BioMarin Deutschland GmbH,US HQ; DE,Kronberg im Taunus,"~150 DE; ~3,400 group",specialty_orphan,research,"LSDs (Naglazyme MPS VI, Vimizim MPS IVA), PKU (Kuvan, Palynziq), hemophilia A gene tx (Roctavian)",DE = commercial; group own mfg US/IRL,https://www.biomarin.com/,,3,industry=2/3 capability=0/2 size=1/2 trigger=0/2,non_target_country,Excluded
Bombastus-Werke,DEU,Freital (Sachsen),~150,originator_pharma,research,"Phytotherapy, OTC (Bombastus Salbe)",Sachsen plant continuous modernization,https://www.bombastus-werke.de/,,3,industry=2/3 capability=0/2 size=1/2 trigger=0/2,,Tier 3
Galenica – Mediservice AG (specialty pharmacy unit),CHE,Bern / Zuchwil,~150 (Mediservice),specialty_orphan,research,Rare disease / neurology / immunology specialty,,https://www.galenica.com/en/galenica-netzwerk/,,3,industry=2/3 capability=0/2 size=1/2 trigger=0/2,,Tier 3
Krieger GmbH & Co. KG,DEU,Mühlacker,~150,bioprocess_vendors,research,"Cleanroom build, GMP rooms, panel systems",,https://www.krieger-gmbh.de/,,3,industry=0/3 capability=2/2 size=1/2 trigger=0/2,direct_competitor,Excluded
MiP Pharma (Chephasaar),DEU,Blieskastel-Niederwürzbach,~150,originator_pharma,research,Originator+specialty Rx,~€50m revenue group; Saarland plant,https://mip-pharma.de/en/,,3,industry=2/3 capability=0/2 size=1/2 trigger=0/2,,Tier 3
Pierre Fabre Dermatologie DE / Pohl-Pharma,DEU,Mannheim,~150,originator_pharma,research,Derm OTC,Mannheim formulation site,https://www.pierre-fabre.com/,,3,industry=2/3 capability=0/2 size=1/2 trigger=0/2,,Tier 3
Pierre Fabre Dermo-Kosmetik GmbH,DEU,Freiburg im Breisgau,~150 (DE branch),specialty_orphan,research,Dermatology / dermo-cosmetic specialty,,"https://www.northdata.com/Pierre+Fabre+Dermo-Kosmetik+GmbH,+Freiburg+i.+Breisgau/Amtsgericht+Freiburg+HRB+4902",,3,industry=2/3 capability=0/2 size=1/2 trigger=0/2,,Tier 3
"SynBiotic SE (incl. WEECO Pharma, Solidmind)",DEU,Munich / Berlin,~150–200 (group),medical_cannabis,research,"Group: cultivation, extraction, contract mfg, wholesale",WEECO Pharma acquisition May-24; Ilesol cannabinoid extracts add Apr-25; GOC NEXUS plasma-decontam JV,https://www.synbiotic.com/corporate-news/acquisition-of-weeco-pharma-synbiotic-significantly-expands-its-position-in-the-medical-cannabis-market,,3,industry=2/3 capability=0/2 size=1/2 trigger=0/2,,Tier 3
Verfora (ex-Vifor Consumer Health),CHE,Villars-sur-Glâne,~150–250,originator_pharma,research,"OTC brands (Algifor, Triofan, Merfen, Anti-Brumm)",Galenica subsidiary; ongoing brand+supply investment,https://www.galenica.com/en/,,3,industry=2/3 capability=0/2 size=1/2 trigger=0/2,,Tier 3
APOGEPHA Arzneimittel,DEU,Dresden,~140,"originator_pharma,specialty_orphan",research,"Urology orphan-adjacent (cystinuria, paediatric urology, OAB)","In-house production discontinued 2019 – partner-manufactured (note: kept for completeness, weak fit)",https://www.apogepha.de/en/company/,,3,industry=2/3 capability=0/2 size=1/2 trigger=0/2,,Tier 3
ALK-Abelló Arzneimittel GmbH,DEU,Hamburg,~130,specialty_orphan,research,Allergy immunotherapy / vaccines,,https://www.alk.net/our-company,,3,industry=2/3 capability=0/2 size=1/2 trigger=0/2,,Tier 3
Institut für Virologie und Immunologie (IVI),CHE,Mittelhäusern/Bern,~130,academic_gmp,research,"BSL-4 vet vaccines, reference reagents",,https://www.ivi.admin.ch,,3,industry=1/3 capability=1/2 size=1/2 trigger=0/2,,Tier 3
Bremer Pharma GmbH,DEU,Warburg,~120,veterinary_pharma,research,"Vet pharma manufacturer, antibiotics, antiparasitics, CMO",,https://www.bremer-pharma.de,,3,industry=2/3 capability=0/2 size=1/2 trigger=0/2,,Tier 3
OmniVision GmbH,DEU,Puchheim (Munich),~120,specialty_orphan,research,Ophthalmology specialty (CH/AT/IT/ES subs),,https://www.omnivision.de/en/company/about-us/,,3,industry=2/3 capability=0/2 size=1/2 trigger=0/2,,Tier 3
Schilling Engineering GmbH,DEU,Wutöschingen,~120,bioprocess_vendors,research,Modular cleanrooms (CleanCell),,https://www.schillingengineering.de/,,3,industry=0/3 capability=2/2 size=1/2 trigger=0/2,direct_competitor,Excluded
Telstar Deutschland GmbH (Azbil),DEU,Frankfurt,~120 (DE),bioprocess_vendors,research,"Freeze dryers, isolators, sterile process",,https://www.telstar.com/de/,,3,industry=0/3 capability=2/2 size=1/2 trigger=0/2,direct_competitor,Excluded
MUCOS Pharma,DEU,Berlin + Geretsried,~110+,originator_pharma,research,Wobenzym (systemic enzyme therapy),Nestlé Health Science divested 2025; ownership transition,https://www.wobenzym.de/uber-uns-mucos-pharma,,3,industry=2/3 capability=0/2 size=1/2 trigger=0/2,,Tier 3
LocalStack,CHE,Zurich,99,vaccines,crustdata,"Software Development / At LocalStack, we provide the #1 platform for local cloud development & testing,",33.78378378378378% growth,https://localstack.cloud,,3,industry=2/3 capability=0/2 size=0/2 trigger=1/2,,Tier 3
KUHNE GROUP,DEU,Sankt Augustin,98,vaccines,crustdata,Machinery Manufacturing / The KUHNE Group is a family-owned business and one of the foremost European engi,3.1578947368421053% growth,http://www.kuhne-group.com,,3,industry=2/3 capability=0/2 size=0/2 trigger=1/2,,Tier 3
Motec GmbH,DEU,Hadamar,98,vaccines,crustdata,"Appliances, Electrical, and Electronics Manufacturing / Motec specializes in the development and production of camera-based driver assis",2.083333333333333% growth,https://store.motec-cameras.com/,,3,industry=2/3 capability=0/2 size=0/2 trigger=1/2,,Tier 3
LINCK Holzverarbeitungstechnik GmbH,DEU,Oberkirch,97,vaccines,crustdata,Industrial Machinery Manufacturing / As Europe’s largest manufacturer of saw lines and a global leader in profiling l,15.476190476190476% growth,http://www.linck.com,,3,industry=2/3 capability=0/2 size=0/2 trigger=1/2,,Tier 3
AI Engineering,CHE,Zug,95,vaccines,crustdata,"Software Development / AI Engineering is part of Grid Dynamics, digital engineering innovators with ove",-4.040404040404041% growth,https://aie.griddynamics.com/,,3,industry=2/3 capability=0/2 size=0/2 trigger=1/2,,Tier 3
LTG Aktiengesellschaft,DEU,Stuttgart,95,vaccines,crustdata,Machinery Manufacturing / LTG – Das InnovationsunternehmenWir feiern ein Jahrhundert! Seit 1924 gibt die L,-1.0416666666666665% growth,http://www.LTG.de,,3,industry=2/3 capability=0/2 size=0/2 trigger=1/2,,Tier 3
Z-LASER,DEU,Freiburg,95,vaccines,crustdata,"Appliances, Electrical, and Electronics Manufacturing / Innovative light for better results. This is Z-LASER’s promise and obligation. L",11.76470588235294% growth,https://www.z-laser.com,,3,industry=2/3 capability=0/2 size=0/2 trigger=1/2,,Tier 3
GMN Paul Müller Industrie GmbH & Co. KG,DEU,Nuremberg,94,vaccines,crustdata,Machinery Manufacturing / Based on many years of experience in the development and production of machine c,1.0752688172043012% growth,https://www.gmn.de,,3,industry=2/3 capability=0/2 size=0/2 trigger=1/2,,Tier 3
Globe Chemicals GmbH,DEU,Hamburg,92,veterinary_pharma,crustdata,Wholesale Chemical and Allied Products / Globe Chemicals GmbH is a global trading company that specializes in the distrib,6.976744186046512% growth,http://www.globe-chemicals.com/,,3,industry=2/3 capability=0/2 size=0/2 trigger=1/2,,Tier 3
Machine Learning Reply GmbH,DEU,Munich,92,vaccines,crustdata,IT Services and IT Consulting / Machine Learning Reply delivers tailored end-to-end AI and data-science solution,15.0% growth,https://www.reply.com/machine-learning-reply/de/#,,3,industry=2/3 capability=0/2 size=0/2 trigger=1/2,,Tier 3
Reich GmbH,DEU,Mellrichstadt,92,vaccines,crustdata,"Motor Vehicle Parts Manufacturing / Reich GmbH, with its production site in Mellrichstadt, sees itself as a leading ",6.976744186046512% growth,https://www.reich-gmbh.com/,,3,industry=2/3 capability=0/2 size=0/2 trigger=1/2,,Tier 3
bielomatik GmbH,DEU,Römerstein,91,vaccines,crustdata,"Machinery Manufacturing / Hightech with a human touch (""Hightech mit Herz und Hand"")That's how we see ours",-3.1914893617021276% growth,https://www.bielomatik.com,,3,industry=2/3 capability=0/2 size=0/2 trigger=1/2,,Tier 3
Gregor Mendel Institute,AUT,Vienna,91,academic_gmp,crustdata,Research Services / The Gregor Mendel Institute of Molecular Plant Biology (GMI) was founded by the ,-9.0% growth,http://www.gmi.oeaw.ac.at,,3,industry=1/3 capability=1/2 size=0/2 trigger=1/2,,Tier 3
indurad - part of Hexagon,DEU,Aachen,91,vaccines,crustdata,Automation Machinery Manufacturing / RADAR MACHINE VISION: Our mission lies in implementing robust radar-based automa,-10.784313725490197% growth,http://www.indurad.com,,3,industry=2/3 capability=0/2 size=0/2 trigger=1/2,,Tier 3
Kern Microtechnik GmbH,DEU,Eschenlohe,91,vaccines,crustdata,Machinery Manufacturing / We are your partner for challenging tasks in high-precision machining - for almo,5.813953488372093% growth,http://www.kern-microtechnik.com,,3,industry=2/3 capability=0/2 size=0/2 trigger=1/2,,Tier 3
AO Research Institute Davos (ARI),CHE,Davos,90,academic_gmp,crustdata,"Research Services / Established 1959, AO Research Institute Davos (ARI) aims to:•Contribute to high ",5.88235294117647% growth,https://www.aofoundation.org/what-we-do/research-innovation,,3,industry=1/3 capability=1/2 size=0/2 trigger=1/2,,Tier 3
Pharmpur GmbH,DEU,Königsbrunn,~90,sterile_generics,research,"Ophthalmic sterile fill (silicone oil, intraocular solutions)",,https://www.pharmpur.de,,3,industry=3/3 capability=0/2 size=0/2 trigger=0/2,,Tier 3
ISW University of Stuttgart,DEU,Stuttgart,89,vaccines,crustdata,Research / The Institute for Control Engineering of Machine Tools and Manufacturing Units (,-10.1010101010101% growth,https://www.isw.uni-stuttgart.de/,,3,industry=2/3 capability=0/2 size=0/2 trigger=1/2,,Tier 3
Inuvet GmbH,DEU,Lörrach,88,veterinary_pharma,crustdata,Veterinary / Natürlich gesunde Tiere – weltweit.Haustiere sind mehr als nur Tiere – sie sind ,0.0% growth,http://inuvet.com,,3,industry=2/3 capability=0/2 size=0/2 trigger=1/2,,Tier 3
ibacon GmbH,DEU,Roßdorf,87,veterinary_pharma,crustdata,"Research / ibacon, founded in 1994, is an independent contract research institute serving t",-5.434782608695652% growth,http://www.ibacon.com,,3,industry=2/3 capability=0/2 size=0/2 trigger=1/2,,Tier 3
KUK Coils,CHE,Appenzell,87,vaccines,crustdata,"Electrical Equipment Manufacturing / KUK Group, headquartered in Appenzell, Switzerland, is one of the world's leadin",11.538461538461538% growth,http://www.kukcoils.com,,3,industry=2/3 capability=0/2 size=0/2 trigger=1/2,,Tier 3
ADDINOL Lube Oil GmbH,DEU,Leuna,86,vaccines,crustdata,Chemical Manufacturing / ADDINOL is one of the few companies in the German mineral oil industry acting in,6.172839506172839% growth,http://www.addinol.de,,3,industry=2/3 capability=0/2 size=0/2 trigger=1/2,,Tier 3
Delvitech SA,CHE,Mendrisio,86,vaccines,crustdata,"Appliances, Electrical, and Electronics Manufacturing / Delvitech designs, manufactures and supplies a sustainable AI based technologica",24.637681159420293% growth,http://delvi.tech/,,3,industry=2/3 capability=0/2 size=0/2 trigger=1/2,industrial_false_positive,Excluded
Fehr Intralogistics & Automation,CHE,Winterthur,86,vaccines,crustdata,"Transportation, Logistics, Supply Chain and Storage / Since 1949, Fehr has been a reliable partner for comprehensive intralogistics so",4.878048780487805% growth,https://www.fehr.net,,3,industry=2/3 capability=0/2 size=0/2 trigger=1/2,,Tier 3
Indu-Sol,DEU,Schmölln,86,vaccines,crustdata,"Automation Machinery Manufacturing / Indu-Sol is your partner for maximizing the performance, resilience and producti",-6.521739130434782% growth,https://www.indu-sol.com,,3,industry=2/3 capability=0/2 size=0/2 trigger=1/2,,Tier 3
LAUS Group,DEU,Kirrweiler,85,veterinary_pharma,crustdata,Research Services / LAUS is an internationally recognized GLP certified testing facility (CRO) worki,4.938271604938271% growth,http://www.laus.group,,3,industry=2/3 capability=0/2 size=0/2 trigger=1/2,,Tier 3
GEFASOFT Automatisierung und Software GmbH,DEU,Regensburg,83,vaccines,crustdata,"Machinery Manufacturing / GEFASOFT delivers application-specific turn-key solutions for the automotive, se",-1.1904761904761905% growth,http://www.gefasoft.com,,3,industry=2/3 capability=0/2 size=0/2 trigger=1/2,,Tier 3
innomatec Leak Test Solutions,DEU,Hünstetten,83,vaccines,crustdata,"Machinery Manufacturing / innomatec verfügt über mehr als 40 Jahre Erfahrung darin, führenden Herstellern ",-2.3529411764705883% growth,http://www.innomatec.de,,3,industry=2/3 capability=0/2 size=0/2 trigger=1/2,,Tier 3
BalTec Group,CHE,Pfäffikon,82,vaccines,crustdata,"Machinery Manufacturing / The innovative Swiss company, a technological trendsetter, is the world’s market",12.32876712328767% growth,http://www.baltec.com/en,,3,industry=2/3 capability=0/2 size=0/2 trigger=1/2,,Tier 3
HOLMER Maschinenbau GmbH,DEU,Schierling,82,vaccines,crustdata,Machinery Manufacturing / The HOLMER Maschinenbau GmbH has its headquarters in Eggmühl near Regensburg. We,6.493506493506493% growth,http://www.holmer-maschinenbau.com,,3,industry=2/3 capability=0/2 size=0/2 trigger=1/2,,Tier 3
SIEB & MEYER AG,DEU,Lunenburg,82,vaccines,crustdata,"Appliances, Electrical, and Electronics Manufacturing / SIEB & MEYER was founded in 1962 and has been an internationally successful comp",15.492957746478872% growth,http://www.sieb-meyer.de,,3,industry=2/3 capability=0/2 size=0/2 trigger=1/2,,Tier 3
The EWAB Group,CHE,Rothenburg,82,vaccines,crustdata,Automation Machinery Manufacturing / The EWAB Group - a multi-skilled global organization with over 50 years of Indus,-2.380952380952381% growth,http://www.ewab.com,,3,industry=2/3 capability=0/2 size=0/2 trigger=1/2,,Tier 3
VetTrust,CHE,Küssnacht am Rigi,82,veterinary_pharma,crustdata,Veterinary Services / VetTrust AG is the leading animal health group with over 40 locations. As a Swis,-10.869565217391305% growth,http://www.vettrust.ch,,3,industry=2/3 capability=0/2 size=0/2 trigger=1/2,,Tier 3
WaldrichSiegen,DEU,Siegen,82,vaccines,crustdata,Machinery Manufacturing / WaldrichSiegen has been an expert in the development and production of heavy-dut,3.79746835443038% growth,https://www.waldrichsiegen.com,,3,industry=2/3 capability=0/2 size=0/2 trigger=1/2,,Tier 3
AMADA Machinery Europe GmbH,DEU,Haan,81,vaccines,crustdata,"Machinery Manufacturing / Competence, efficiency, quality and availability - these are the building blocks",5.194805194805195% growth,https://www.amada-machinery.com,,3,industry=2/3 capability=0/2 size=0/2 trigger=1/2,,Tier 3
DEMECAN,DEU,Priestewitz,81,medical_cannabis,crustdata+research+research,Pharmaceutical Manufacturing / DEMECAN is the German market leader for medicinal cannabis. As pioneers in the i,€40M planned; doubled cultivation to 4 t/yr in-house +6–8 t imported processing (2024–25),http://www.demecan.de,,3,industry=2/3 capability=1/2 size=0/2 trigger=0/2,,Tier 3
Gear Research Center (FZG),DEU,Garching,81,vaccines,crustdata,"Research Services / The Institute of Machine Elements and the Gear Research Center (FZG), features c",-5.813953488372093% growth,https://www.mec.ed.tum.de/fzg,,3,industry=2/3 capability=0/2 size=0/2 trigger=1/2,,Tier 3
Robotic Systems Lab,CHE,Zurich,81,"vaccines,veterinary_pharma",crustdata,Research Services / The Robotic Systems Lab at ETH Zürich investigates the development of machines a,19.11764705882353% growth,http://www.rsl.ethz.ch,,3,industry=2/3 capability=0/2 size=0/2 trigger=1/2,,Tier 3
Aurora Cannabis Deutschland (Pedanios),DEU,Leuna (Saxony-Anhalt),80–120,medical_cannabis,research,Cultivator + GMP packager,"5-yr operational upgrade announced 2025: new grow rooms, irrigation, lighting, hang-dry/dry-trim; expanded research license Jul-24",https://www.stocktitan.net/news/ACB/aurora-announces-investment-into-german-manufacturing-drdw0v82p3j6.html ; https://www.prnewswire.com/news-releases/aurora-receives-expanded-cultivation-and-unique-research-licenses-for-german-facility-302207202.html,,3,industry=2/3 capability=1/2 size=0/2 trigger=0/2,,Tier 3
Egelhof Group,DEU,Fellbach,80,vaccines,crustdata,Motor Vehicle Manufacturing / Since more than 80 years EGELHOF grew into its role as a specialist in the field,6.666666666666667% growth,http://www.egelhof.com,,3,industry=2/3 capability=0/2 size=0/2 trigger=1/2,,Tier 3
Four 20 Pharma (Curaleaf),DEU,Paderborn,~80–120,medical_cannabis,research,Vertically integrated: cultivator/extractor/wholesaler,First EU-GMP medical vape; Curaleaf 100% buyout Apr-26,https://www.420pharma.de/en/company ; https://ir.curaleaf.com/2022-09-19-Curaleaf-Completes-Majority-Stake-Acquisition-of-Germanys-Four-20-Pharma,,3,industry=2/3 capability=1/2 size=0/2 trigger=0/2,,Tier 3
Fraunhofer IZI ATMP Contract Manufacturing,DEU,Leipzig,80–120,academic_gmp,research,"CAR-T, AAV, MSC contract dev/mfg",,https://www.izi.fraunhofer.de/,oncology_celltherapy,3,industry=1/3 capability=2/2 size=0/2 trigger=0/2,,Tier 3
GAPLAST GmbH,DEU,Saulgrub,80,veterinary_pharma,crustdata,"Packaging and Containers Manufacturing / (German text below)For over 35 years, GAPLAST GmbH has been an owner-managed fam",12.676056338028168% growth,https://www.gaplast.de/en/,,3,industry=2/3 capability=0/2 size=0/2 trigger=1/2,,Tier 3
InflaRx N.V.,DEU,Jena (+ Munich),~80,specialty_orphan,research,"Rare immuno-derm (pyoderma gangrenosum), AAV-renal; anti-C5a vilobelimab (GOHIBIC EUA)",Process dev in Jena; GMP via CMOs,https://www.inflarx.de/,,3,industry=2/3 capability=1/2 size=0/2 trigger=0/2,,Tier 3
Botnar Institute of Immune Engineering – BIIE,CHE,Basel,79,academic_gmp,crustdata,Research Services / The Botnar Institute of Immune Engineering (BIIE) is a non-profit research organ,192.59259259259258% growth,https://www.immune.engineering/,,3,industry=1/3 capability=1/2 size=0/2 trigger=1/2,,Tier 3
Capsa Camille Piquerez SA,CHE,La Neuveville,79,vaccines,crustdata,Industrial Machinery Manufacturing / THE GIANT OF THE MINIATUREWith 200 employees and a fleet of more than 400 machin,5.333333333333334% growth,https://www.capsa.ch,,3,industry=2/3 capability=0/2 size=0/2 trigger=1/2,,Tier 3
PLATIT AG,CHE,Selzach,79,vaccines,crustdata,Machinery Manufacturing / PLATIT AG is a Swiss company that manufactures and markets coating equipment for,-5.952380952380952% growth,https://www.platit.com,,3,industry=2/3 capability=0/2 size=0/2 trigger=1/2,,Tier 3
FRIEDRICH KOCKS GmbH & Co KG,DEU,Hilden,78,vaccines,crustdata,Machinery Manufacturing / We are an independent medium-sized company that makes the world of steel more re,4.0% growth,https://www.kocks.de/en/,,3,industry=2/3 capability=0/2 size=0/2 trigger=1/2,,Tier 3
MÄGERLE,CHE,Fehraltorf,78,vaccines,crustdata,Machinery Manufacturing / A member of the UNITED GRINDING GroupKarl Mägerle and his brother Max founded Ge,16.417910447761194% growth,http://www.maegerle.com,,3,industry=2/3 capability=0/2 size=0/2 trigger=1/2,,Tier 3
OpenTAS,DEU,Hamburg,78,vaccines,crustdata,"IT Services and IT Consulting / For over 40 years, we have been a leading provider of digitalized business proce",-3.7037037037037033% growth,https://www.opentas.com,,3,industry=2/3 capability=0/2 size=0/2 trigger=1/2,,Tier 3
punker GmbH,DEU,Eckernförde,78,vaccines,crustdata,"Machinery Manufacturing / Since 1954, punker has been specializing in the design and manufacture of centri",5.405405405405405% growth,http://www.punker.com,,3,industry=2/3 capability=0/2 size=0/2 trigger=1/2,,Tier 3
SANY Europe GmbH,DEU,Bedburg,78,vaccines,crustdata,"Machinery Manufacturing / SANY Europe is a company of SANY Heavy Industry, from Changsha. This is one of t",-8.235294117647058% growth,http://www.sanyeurope.com,,3,industry=2/3 capability=0/2 size=0/2 trigger=1/2,,Tier 3
SEMA Machine Tools,AUT,Traunkirchen,78,vaccines,crustdata,"Machinery Manufacturing / SEMA Maschinenbau from Traunkirchen, Austria, has been developing and manufactur",5.405405405405405% growth,http://www.sema-maschinenbau.com,,3,industry=2/3 capability=0/2 size=0/2 trigger=1/2,,Tier 3
Ortner Reinraumtechnik GmbH,AUT,Villach,77,"bioprocess_vendors,veterinary_pharma",crustdata+research,"Machinery Manufacturing / Microorganisms never stand still – viruses, bacteria and spores are constantly c",1.3157894736842104% growth,http://www.ortner-group.com/,,3,industry=2/3 capability=0/2 size=0/2 trigger=1/2,direct_competitor,Excluded
UNIFLEX-Hydraulik GmbH,DEU,Karben,77,vaccines,crustdata,"Machinery Manufacturing / UNIFLIX-Hydraulik GmbH develops, produces and sells machines for the production ",5.47945205479452% growth,http://www.uniflex.de/,,3,industry=2/3 capability=0/2 size=0/2 trigger=1/2,,Tier 3
TRAPO,DEU,Gescher,76,vaccines,crustdata,Industrial Automation / TRAPO GmbH is a global partner for automated production and intralogistics. We d,0.0% growth,https://www.trapo.de,,3,industry=2/3 capability=0/2 size=0/2 trigger=1/2,,Tier 3
SCHMID GROUP,DEU,Sonnenbühl,75,vaccines,crustdata,Machinery Manufacturing / The internationally active SCHMID GRUPPE is an association of the companies EMIL,10.294117647058822% growth,http://www.schmidgruppe.de,,3,industry=2/3 capability=0/2 size=0/2 trigger=1/2,,Tier 3
German Bionic,DEU,Augsburg,74,vaccines,crustdata,Robotics Engineering / German Bionic is a European robotics firm that develops and manufactures AI-powe,-2.631578947368421% growth,http://www.germanbionic.com/,,3,industry=2/3 capability=0/2 size=0/2 trigger=1/2,,Tier 3
Kaesler Nutrition GmbH,DEU,Cuxhaven,74,veterinary_pharma,crustdata,"Animal Feed Manufacturing / Kaesler Nutrition provides a wide range of safe, high-quality additives for the ",8.823529411764707% growth,https://www.kaesler-nutrition.com/,,3,industry=2/3 capability=0/2 size=0/2 trigger=1/2,,Tier 3
RISK IDENT,DEU,Hamburg,74,vaccines,crustdata,"Technology, Information and Internet / RISK IDENT is a software development company that offers anti-fraud solutions to",1.36986301369863% growth,http://www.riskident.com,,3,industry=2/3 capability=0/2 size=0/2 trigger=1/2,,Tier 3
"SHW Werkzeugmaschinen GmbH Hersteller von Bearbeitungszentren, Fräsmaschinen, Portalfräsmaschinen",DEU,Aalen,74,vaccines,crustdata,Machinery Manufacturing / SHW Werkzeugmaschinen GmbH is one of the world’s leading manufacturers of travel,10.44776119402985% growth,http://www.shw-wm.de,,3,industry=2/3 capability=0/2 size=0/2 trigger=1/2,,Tier 3
BeamNG GmbH,DEU,Bremen,73,vaccines,crustdata,Software Development / BeamNG GmbH is focused on the continuing development of its state-of-the-art sof,5.797101449275362% growth,https://beamng.gmbh,,3,industry=2/3 capability=0/2 size=0/2 trigger=1/2,,Tier 3
Dienes Werke,DEU,Overath,73,vaccines,crustdata,"Machinery Manufacturing / Since 1913 DIENES has been market leader in the fields of machine knives, knife ",10.606060606060606% growth,http://dienes.de,,3,industry=2/3 capability=0/2 size=0/2 trigger=1/2,,Tier 3
Koch Group,DEU,Leopoldshöhe,73,vaccines,crustdata,Machinery Manufacturing / We are one of the global leading producers of efficient woodworking machinery fo,30.357142857142854% growth,http://www.kochtechnology.de,,3,industry=2/3 capability=0/2 size=0/2 trigger=1/2,,Tier 3
Berief Food GmbH,DEU,Beckum,72,vaccines,crustdata,Food and Beverage Manufacturing / As a family business with 36 years of experience in the development and producti,-1.36986301369863% growth,https://www.berief-food.de/,,3,industry=2/3 capability=0/2 size=0/2 trigger=1/2,,Tier 3
BETEK GmbH & Co. KG,DEU,Aichhalden,72,vaccines,crustdata,"Mining / Wherever materials are extracted, quarried and crushed, wherever metal surfaces ",0.0% growth,,,3,industry=2/3 capability=0/2 size=0/2 trigger=1/2,,Tier 3
filu,DEU,Munich,72,veterinary_pharma,crustdata,Veterinary Services / Filu builds technology-enabled veterinary practices for the new generation of pe,28.57142857142857% growth,https://www.filu.vet,,3,industry=2/3 capability=0/2 size=0/2 trigger=1/2,,Tier 3
Hunter International GmbH,DEU,Bielefeld,72,"vaccines,veterinary_pharma",crustdata,Wholesale / Our passion lies in crafting uniquely high-quality accessories for dogs and cats,-1.36986301369863% growth,http://www.hunter.de,,3,industry=2/3 capability=0/2 size=0/2 trigger=1/2,,Tier 3
Schaltag AG,CHE,Illnau,72,vaccines,crustdata,"Industrial Machinery Manufacturing / Unique industrial solutions provider since 1961Development, automation and manuf",4.3478260869565215% growth,http://www.schaltag.com,,3,industry=2/3 capability=0/2 size=0/2 trigger=1/2,,Tier 3
ACSYS Lasertechnik,DEU,Kornwestheim,71,vaccines,crustdata,Machinery Manufacturing / ACSYS is your professional solution provider for industrial laser systems. Wheth,2.898550724637681% growth,https://acsyslaser.com/,,3,industry=2/3 capability=0/2 size=0/2 trigger=1/2,,Tier 3
Altano Group,DEU,Dülmen,71,veterinary_pharma,crustdata,Veterinary Services / Altano is an international group of leading equine clinics and practices. Togeth,26.785714285714285% growth,https://altano-group.vet/en,,3,industry=2/3 capability=0/2 size=0/2 trigger=1/2,,Tier 3
imes-icore GmbH,DEU,Eiterfeld,71,vaccines,crustdata,Machinery Manufacturing / imes-icore is a German company founded in 2002. With continuously new innovation,20.33898305084746% growth,http://www.imes-icore.com,,3,industry=2/3 capability=0/2 size=0/2 trigger=1/2,,Tier 3
SKS Welding Systems GmbH,DEU,Kaiserslautern,71,vaccines,crustdata,"Automation Machinery Manufacturing / For more than 35 years, SKS Welding Systems has been known as a reliable system ",1.4285714285714286% growth,http://www.sks-welding.com,,3,industry=2/3 capability=0/2 size=0/2 trigger=1/2,,Tier 3
TECH5,CHE,Geneva,71,vaccines,crustdata,IT System Operations and Maintenance / TECH5 is an international technology company founded by experts from the biometr,-1.3888888888888888% growth,http://tech5.ai,,3,industry=2/3 capability=0/2 size=0/2 trigger=1/2,,Tier 3
Q-Pharm AG,DEU,Zörbig,~70,sterile_generics,research,"Sterile contract manufacturing (vials, ampoules)",,https://www.q-pharm.de,,3,industry=3/3 capability=0/2 size=0/2 trigger=0/2,,Tier 3
FAWEMA GmbH,DEU,Engelskirchen,69,vaccines,crustdata,"Machinery Manufacturing / FAWEMA is a globally recognized brand name for packaging machines, representing ",6.153846153846154% growth,http://www.fawema.com,,3,industry=2/3 capability=0/2 size=0/2 trigger=1/2,,Tier 3
Konzelmann GmbH,DEU,Löchgau,69,vaccines,crustdata,Plastics Manufacturing / We show responsibility - trust us and secure your competitive advantage. Based o,6.153846153846154% growth,https://www.konzelmann.com,,3,industry=2/3 capability=0/2 size=0/2 trigger=1/2,,Tier 3
Vétérinaires Sans Frontières Germany/ Tierärzte ohne Grenzen,DEU,Berlin,69,veterinary_pharma,crustdata,Non-profit Organizations / Healthy Animals - Healthy People - Healthy Environment VSF-Suisse fights hunger ,-6.756756756756757% growth,http://www.vsfg.org,,3,industry=2/3 capability=0/2 size=0/2 trigger=1/2,,Tier 3
Hufschmied Zerspanungssysteme GmbH,DEU,Bobingen,68,vaccines,crustdata,Manufacturing / Hufschmied Zerspanungssysteme GmbH has over 30 years of experience in the develo,-4.225352112676056% growth,http://www.hufschmied.net,,3,industry=2/3 capability=0/2 size=0/2 trigger=1/2,,Tier 3
"Faculty of Veterinary Medicine, Alexandria University",DEU,Germany,67,veterinary_pharma,crustdata,"Higher Education / Faculty of Veterinary Medicine, Alexandria University is a higher education comp",6.349206349206349% growth,http://vetmed.au.alexu.edu.eg,,3,industry=2/3 capability=0/2 size=0/2 trigger=1/2,,Tier 3
PRIMES GmbH,DEU,Pfungstadt,67,vaccines,crustdata,Machinery Manufacturing / Competence in Beam DiagnosticsPRIMES develops and produces market leading system,0.0% growth,http://www.primes.de,,3,industry=2/3 capability=0/2 size=0/2 trigger=1/2,,Tier 3
BENZ Tooling,DEU,Gengenbach,66,vaccines,crustdata,Machinery Manufacturing / Specialist for CNC Aggregate TechnologyBENZ is a leading manufacturer and provid,0.0% growth,https://www.benztooling.com,,3,industry=2/3 capability=0/2 size=0/2 trigger=1/2,,Tier 3
Institute of Virology and Immunology IVI,CHE,Köniz,66,"vaccines,veterinary_pharma",crustdata,Government Administration / The Institute of Virology and Immunology (IVI) is Switzerland’s reference labora,3.125% growth,https://www.ivi.admin.ch/ivi/de/home.html,,3,industry=2/3 capability=0/2 size=0/2 trigger=1/2,,Tier 3
Kirsch Pharma GmbH,DEU,Salzgitter,66,veterinary_pharma,crustdata,Chemical Raw Materials Manufacturing / Kirsch Pharma has been a supplier of individual products in premium quality for ,15.789473684210526% growth,https://www.kirschpharma.com/,,3,industry=2/3 capability=0/2 size=0/2 trigger=1/2,,Tier 3
NILES-SIMMONS-HEGENSCHEIDT GROUP,DEU,Chemnitz,66,vaccines,crustdata,Machinery Manufacturing / Quality & Innovation - The NILES-SIMMONS-HEGENSCHEIDT GroupNILES-SIMMONS-HEGENSC,8.19672131147541% growth,https://www.nshgroup.com/,,3,industry=2/3 capability=0/2 size=0/2 trigger=1/2,,Tier 3
MHT Mold & Hotrunner Technology AG,DEU,Hochheim am Main,65,vaccines,crustdata,Machinery Manufacturing / We are specialists for everthing about preforms. As independent tool makers we p,6.557377049180328% growth,http://www.mht-ag.de,,3,industry=2/3 capability=0/2 size=0/2 trigger=1/2,,Tier 3
Permamed,CHE,Therwil,~65,originator_pharma,research,"Dermatology, rheumatism, vein, sports injuries",Prix SVC Nordschweiz 2025 winner; growth investments,https://permamed.ch/,,3,industry=2/3 capability=0/2 size=0/2 trigger=1/2,,Tier 3
VetZ GmbH,DEU,Isernhagen Farster Bauerschaft,65,veterinary_pharma,crustdata,"Veterinary Services / Seit Jahren zählen wir zu den führenden Anbietern von Praxismanagementsoftware, ",-1.5151515151515151% growth,https://www.vetz.vet/,,3,industry=2/3 capability=0/2 size=0/2 trigger=1/2,,Tier 3
Boom Software,AUT,Austria,64,vaccines,crustdata,"Software Development / Maintenance, a major part of today’s sustainable development of society and a ke",6.666666666666667% growth,https://www.boomsoftware.com/,,3,industry=2/3 capability=0/2 size=0/2 trigger=1/2,,Tier 3
Lamarr Institute,DEU,Dortmund,64,vaccines,crustdata,"Research / As an international AI center of excellence, the Lamarr Institute for Machine Le",10.344827586206897% growth,https://lamarr-institute.org/,,3,industry=2/3 capability=0/2 size=0/2 trigger=1/2,,Tier 3
Spanflug Technologies,DEU,Munich,64,vaccines,crustdata,Machinery Manufacturing / Spanflug Technologies GmbH is a Munich-based technology company and operator of ,28.000000000000004% growth,https://spanflug.de,,3,industry=2/3 capability=0/2 size=0/2 trigger=1/2,,Tier 3
TWINCORE GmbH,DEU,Hannover,64,academic_gmp,crustdata,"Research Services / In vielen Teilen der Welt konnten Infektionskrankheiten zurückgedrängt werden, b",1.5873015873015872% growth,https://www.twincore.de,,3,industry=1/3 capability=1/2 size=0/2 trigger=1/2,,Tier 3
BURKHARDT+WEBER Fertigungssysteme GmbH,DEU,Reutlingen,63,vaccines,crustdata,"Machinery Manufacturing / Flexible machining centres for machining of complex steel, cast and titanium par",8.620689655172415% growth,http://burkhardt-weber.de,,3,industry=2/3 capability=0/2 size=0/2 trigger=1/2,,Tier 3
CONEC Elektronische Bauelemente GmbH,DEU,Lippstadt,63,vaccines,crustdata,"Appliances, Electrical, and Electronics Manufacturing / Die CONEC Elektronische Bauelemente GmbH ist ein leistungsfähiger Hersteller von",8.620689655172415% growth,http://www.conec.com,,3,industry=2/3 capability=0/2 size=0/2 trigger=1/2,,Tier 3
Laubscher Precision AG,CHE,Täuffelen,63,vaccines,crustdata,"Fabricated Metal Products / Laubscher Precision AG, the leading manufacturer for turning parts with highest ",-3.076923076923077% growth,http://www.laubscher.swiss,,3,industry=2/3 capability=0/2 size=0/2 trigger=1/2,,Tier 3
Codewerk,DEU,Karlsruhe,62,vaccines,crustdata,Software Development / Codewerk combines state-of-the-art technologies with in-depth industry knowledge,8.771929824561402% growth,https://www.codewerk.de,,3,industry=2/3 capability=0/2 size=0/2 trigger=1/2,,Tier 3
DN Solutions Europe,DEU,Dormagen,62,vaccines,crustdata,"Machinery Manufacturing / Since its founding in 1976, DN Solutions has established itself as a leading glo",29.166666666666668% growth,https://www.dn-solutions.com,,3,industry=2/3 capability=0/2 size=0/2 trigger=1/2,,Tier 3
EXAMION GmbH Human medicine,DEU,Fellbach,62,veterinary_pharma,crustdata,"Medical Equipment Manufacturing / Based in Germany, EXAMION is a specialised provider of solutions for digital rad",6.896551724137931% growth,https://www.examion.com,,3,industry=2/3 capability=0/2 size=0/2 trigger=1/2,,Tier 3
fruitcore robotics,DEU,Constance,62,vaccines,crustdata,"Automation Machinery Manufacturing / With the Industrial Robot Platform, fruitcore robotics offers all the building b",-3.125% growth,https://www.fruitcore-robotics.com/,,3,industry=2/3 capability=0/2 size=0/2 trigger=1/2,,Tier 3
SwissFactory.Group AG,CHE,Neuenegg,62,vaccines,crustdata,Industrial Machinery Manufacturing / The SwissFactory.Group is an association of around ten innovative SMEs with comp,-7.462686567164178% growth,https://swissfactory.group,,3,industry=2/3 capability=0/2 size=0/2 trigger=1/2,,Tier 3
"Department of Clinical Research (DCR), University of Bern",CHE,Bern,61,academic_gmp,crustdata,Research Services / The Department of Clinical Research is your first point of contact when it comes,24.489795918367346% growth,https://www.dcr.unibe.ch,,3,industry=1/3 capability=1/2 size=0/2 trigger=1/2,,Tier 3
Leifeld Metal Spinning,DEU,Ahlen,61,vaccines,crustdata,"Machinery Manufacturing / Leifeld Metal Spinning GmbH develops, produces and distribute tooling machines f",10.909090909090908% growth,https://leifeldms.com,,3,industry=2/3 capability=0/2 size=0/2 trigger=1/2,,Tier 3
TVARIT,DEU,Frankfurt,61,vaccines,crustdata,"Software Development / We are a specialized Deep Tech company based in Frankfurt, Germany, and a provid",22.0% growth,http://www.tvarit.com,,3,industry=2/3 capability=0/2 size=0/2 trigger=1/2,,Tier 3
4th-IR,CHE,Lucerne,60,vaccines,crustdata,IT Services and IT Consulting / Fourth-IR was established in 2016 to lead the cognitive revolution with experts ,5.263157894736842% growth,http://4th-ir.com,,3,industry=2/3 capability=0/2 size=0/2 trigger=1/2,,Tier 3
EMS-CHEMIE (Business Unit EMS-GRILTECH),CHE,Domat,59,vaccines,crustdata,"Plastics Manufacturing / We manufacture and sell Grilon, Nexylon and Nexylene fibers, Griltex hotmelt adh",-1.6666666666666667% growth,http://www.emsgriltech.com,,3,industry=2/3 capability=0/2 size=0/2 trigger=1/2,,Tier 3
Max Planck Foundation for International Peace and the Rule of Law,DEU,Heidelberg,59,academic_gmp,crustdata,Research Services / The Max Planck Foundation for International Peace and the Rule of Law provides a,-21.333333333333336% growth,https://www.mpfpr.de/,,3,industry=1/3 capability=1/2 size=0/2 trigger=1/2,,Tier 3
Nuproxa Group,CHE,Étoy,59,veterinary_pharma,crustdata,"Veterinary Services / Nuproxa is a Swiss company founded in 2007, supplying high-quality solutions to ",-3.278688524590164% growth,http://www.nuproxa.ch,,3,industry=2/3 capability=0/2 size=0/2 trigger=1/2,,Tier 3
Symanto,DEU,Nuremberg,59,vaccines,crustdata,"Software Development / Symanto is a pioneer in Human AI technology, specialising in psychology-based ar",-10.606060606060606% growth,http://www.symanto.com,,3,industry=2/3 capability=0/2 size=0/2 trigger=1/2,,Tier 3
Tampoprint GmbH,DEU,Korntal,59,vaccines,crustdata,"Machinery Manufacturing / TAMPOPRINT GmbH, as German medium-sized mechanical engineering company, is an in",-7.8125% growth,http://www.tampoprint.com,,3,industry=2/3 capability=0/2 size=0/2 trigger=1/2,,Tier 3
ADS-TEC Industrial IT,DEU,Nurtingen,58,vaccines,crustdata,Computers and Electronics Manufacturing / We believe that a connected future can succeed when humans and machines interact,-7.936507936507936% growth,https://www.ads-tec-iit.com/,,3,industry=2/3 capability=0/2 size=0/2 trigger=1/2,,Tier 3
Data Reply DE,DEU,Munich,58,vaccines,crustdata,"Information Technology & Services / Data Reply, as part of the Reply Group, offers a wide range of services to help ",-1.694915254237288% growth,https://www.reply.com/data-reply/de/,,3,industry=2/3 capability=0/2 size=0/2 trigger=1/2,,Tier 3
IDEAL-Werk C.+E. Jungeblodt GmbH + Co.KG,DEU,Lippstadt,58,vaccines,crustdata,"Machinery Manufacturing / Since its foundation in 1923, the name IDEAL has stood for continuous innovation",13.725490196078432% growth,http://www.ideal-werk.com,,3,industry=2/3 capability=0/2 size=0/2 trigger=1/2,,Tier 3
LAYERTEC,DEU,Frankendorf,58,vaccines,crustdata,Nanotechnology Research / LAYERTEC is your reliable partner for high-quality optical components and custom,-1.694915254237288% growth,https://www.layertec.de/,,3,industry=2/3 capability=0/2 size=0/2 trigger=1/2,,Tier 3
MAE. Group,DEU,Erkrath,58,vaccines,crustdata,"Machinery Manufacturing / With machine solutions for manual straightening, automatic straightening, and pr",1.7543859649122806% growth,https://mae-group.com/,,3,industry=2/3 capability=0/2 size=0/2 trigger=1/2,,Tier 3
Pulsar Photonics GmbH,DEU,Aachen,58,vaccines,crustdata,Machinery Manufacturing / Pulsar Photonics - a schunk company The high-technology company Pulsar Photonics,1.7543859649122806% growth,https://www.pulsar-photonics.de,,3,industry=2/3 capability=0/2 size=0/2 trigger=1/2,,Tier 3
TVI Entwicklung und Produktion GmbH,DEU,Bruckmühl,58,vaccines,crustdata,"Machinery Manufacturing / TVI - A strong brand. From the very beginning.Whether it is steaks, cutlets, rou",0.0% growth,https://tvi-gmbh.de/en/we-are-tvi/,,3,industry=2/3 capability=0/2 size=0/2 trigger=1/2,,Tier 3
Baobab,DEU,Berlin,57,vaccines,crustdata,Insurance / Baobab Insurance protects small and medium businesses from cyber attacks through,58.333333333333336% growth,http://www.baobab.io,,3,industry=2/3 capability=0/2 size=0/2 trigger=1/2,,Tier 3
Daetwyler Graphics,CHE,Oftringen,57,vaccines,crustdata,"Mechanical Or Industrial Engineering / Since 1965, the name Daetwyler has stood for innovative process solutions and si",0.0% growth,http://www.daetwyler-graphics.ch,,3,industry=2/3 capability=0/2 size=0/2 trigger=1/2,,Tier 3
SmartStep Consulting GmbH,DEU,Hamburg,57,vaccines,crustdata,"Business Consulting and Services / With over 15 years of proven expertise in Market Access, SmartStep provides high",0.0% growth,https://www.smartstep-consulting.de/en,,3,industry=2/3 capability=0/2 size=0/2 trigger=1/2,,Tier 3
Terra One,DEU,Berlin,57,vaccines,crustdata,"Services for Renewable Energy / At Terra One, we are pioneers in driving Europe's transition to climate neutrali",32.55813953488372% growth,https://www.terra.one,,3,industry=2/3 capability=0/2 size=0/2 trigger=1/2,,Tier 3
Carl Zeiss MES Solutions GmbH,DEU,Ulm,56,vaccines,crustdata,"Software Development / Whether building components for ""oneworld"" or ""Quality is Job 1"", GUARDUS MES is",-1.7543859649122806% growth,http://www.guardus-solutions.de,,3,industry=2/3 capability=0/2 size=0/2 trigger=1/2,,Tier 3
Frequenz,DEU,Berlin,56,vaccines,crustdata,"Renewable Energy Semiconductor Manufacturing / Frequenz' autonomous mind platform revolutionizes the way the world manages, sto",-11.11111111111111% growth,https://www.frequenz.com,,3,industry=2/3 capability=0/2 size=0/2 trigger=1/2,,Tier 3
Seal Maker,AUT,Pöttelsdorf,56,vaccines,crustdata,Machinery Manufacturing / Seal Maker is a global manufacturer of high-quality plastic and elastomer semi-f,0.0% growth,http://www.seal-maker.com,,3,industry=2/3 capability=0/2 size=0/2 trigger=1/2,,Tier 3
Chromasens GmbH,DEU,Constance,55,vaccines,crustdata,Automation Machinery Manufacturing / Chromasens - The line scan experts.Chromasens is a global leader in high-perform,1.8518518518518516% growth,http://www.chromasens.de,,3,industry=2/3 capability=0/2 size=0/2 trigger=1/2,,Tier 3
FMD - Forschungsfabrik Mikroelektronik Deutschland,DEU,Berlin,55,academic_gmp,crustdata,Research Services / The Research Fab Microelectronics Germany (Forschungsfabrik Mikroelektronik Deut,22.22222222222222% growth,https://www.forschungsfabrik-mikroelektronik.de/,,3,industry=1/3 capability=1/2 size=0/2 trigger=1/2,,Tier 3
FS animal health,DEU,Wiehl,55,veterinary_pharma,crustdata,"Wholesale / FS Animal Health - We enable horses to live healthier, longer lives.Our portfoli",5.769230769230769% growth,http://www.fsah.com,,3,industry=2/3 capability=0/2 size=0/2 trigger=1/2,,Tier 3
InnoNature,DEU,Hamburg,55,veterinary_pharma,crustdata,Wellness and Fitness Services / Natural - Holistic - Pure 🌱✨InnoNature was launched in 2016 by our founding coup,-8.333333333333332% growth,http://innonature.eu,,3,industry=2/3 capability=0/2 size=0/2 trigger=1/2,,Tier 3
Institute of Textile Machinery and High Performance Material Technology (ITM) at TU Dresden,DEU,Dresden,55,vaccines,crustdata,Research Services / The Institute of Textile Machinery and High Performance Material Technology (ITM,-15.384615384615385% growth,https://tu-dresden.de/ing/maschinenwesen/itm,,3,industry=2/3 capability=0/2 size=0/2 trigger=1/2,,Tier 3
Stölzle Lausitz,DEU,Weisswasser,55,vaccines,crustdata,"Glass Product Manufacturing / We are a German glassware brand, which can trace our roots back more than 130 ye",27.906976744186046% growth,http://www.stoelzle-lausitz.com,,3,industry=2/3 capability=0/2 size=0/2 trigger=1/2,,Tier 3
Dr. Eckel Animal Nutrition GmbH & Co. KG,DEU,Brenk,54,veterinary_pharma,crustdata,Farming / Dr. Eckel Animal Nutrition is all about innovative feed additives made in German,0.0% growth,http://www.dr-eckel.com,,3,industry=2/3 capability=0/2 size=0/2 trigger=1/2,,Tier 3
INVENT GmbH,DEU,Brunswick,54,vaccines,crustdata,Aviation and Aerospace Component Manufacturing / Shaping a sustainable future will call for hi-tech fibre composite products whic,-1.8181818181818181% growth,http://www.invent-gmbh.de,adc,3,industry=2/3 capability=0/2 size=0/2 trigger=1/2,,Tier 3
TriLite Technologies,AUT,Vienna,54,vaccines,crustdata,Computers and Electronics Manufacturing / TriLite designs and builds the world’s smallest projection displays and ensures ,10.204081632653061% growth,http://www.trilite-tech.com,,3,industry=2/3 capability=0/2 size=0/2 trigger=1/2,,Tier 3
Vogelsang Service Group,DEU,Bochum,54,vaccines,crustdata,"Machinery Manufacturing / WE KNOW WHAT YOU ARE TALKING ABOUTFor decades, maintenance, inspection and repai",5.88235294117647% growth,https://www.vogelsang.com,,3,industry=2/3 capability=0/2 size=0/2 trigger=1/2,,Tier 3
ROTHENBERGER Group,DEU,Kelkheim,53,vaccines,crustdata,Machinery Manufacturing / The ROTHENBERGER Group unites leading developers and manufacturers of pipe tools,10.416666666666668% growth,https://rothenberger.com/de-de/rothenberger-gruppe,,3,industry=2/3 capability=0/2 size=0/2 trigger=1/2,,Tier 3
sileno,CHE,Beringen,53,vaccines,crustdata,Automation Machinery Manufacturing / We are the specialists which convert the result of the complex connection betwee,12.76595744680851% growth,https://www.sileno.com,,3,industry=2/3 capability=0/2 size=0/2 trigger=1/2,,Tier 3
BIG DAISHOWA-Europe,CHE,Rümlang,52,vaccines,crustdata,"Machinery Manufacturing / BIG DAISHOWA Europe is part of the BIG DAISHOWA Group. Headquartered in Osaka, J",0.0% growth,https://www.bigdaishowa.eu,,3,industry=2/3 capability=0/2 size=0/2 trigger=1/2,,Tier 3
Institute of Machine Tools and Production Technology (IWF),DEU,Brunswick,52,vaccines,crustdata,Education / We are the Institute of Machine Tools and Production Technology (Institut für We,0.0% growth,https://www.tu-braunschweig.de/en/iwf,,3,industry=2/3 capability=0/2 size=0/2 trigger=1/2,,Tier 3
ventopay gmbh,AUT,Hagenberg im Mühlkreis,52,vaccines,crustdata,"Software Development / As a leading manufacturer of complete digital solutions, ventopay inspires guest",8.333333333333332% growth,https://www.ventopay.com,,3,industry=2/3 capability=0/2 size=0/2 trigger=1/2,,Tier 3
RWTH Institute for Technology and Innovation Management (TIM),DEU,Aachen,51,vaccines,crustdata,Research Services / The Institute for Technology and Innovation Management at RWTH Aachen University,8.51063829787234% growth,http://time.rwth-aachen.de/tim,,3,industry=2/3 capability=0/2 size=0/2 trigger=1/2,,Tier 3
Söhner Kunststofftechnik GmbH,DEU,Schwaigern,51,vaccines,crustdata,Packaging & Containers / Söhner Kunststofftechnik is the specialist for plastic deep-drawing technology. ,6.25% growth,https://www.soehner.de,,3,industry=2/3 capability=0/2 size=0/2 trigger=1/2,,Tier 3
Avextra Pharma,DEU,Bensheim (Hesse),~50–80,medical_cannabis,research,Extractor + API/dronabinol manufacturer,"10 000 m² EU-GMP plant; expanded exports CH, AT, IT, UK 2023–25",https://avextra.com/en/ueber-avextra/ ; https://drug-dev.com/avextra-signs-distribution-agreements-with-pharmaceutical-partners…,,3,industry=2/3 capability=1/2 size=0/2 trigger=0/2,,Tier 3
consider it GmbH,DEU,Hamburg,50,vaccines,crustdata,Business Consulting and Services / consider it GmbH was founded in 2010 as a technology and service company with tw,6.382978723404255% growth,https://www.consider-it.de/,,3,industry=2/3 capability=0/2 size=0/2 trigger=1/2,,Tier 3
"C³ Cannabinoid Compound Co. (Canopy Growth, ex-Bionorica)",DEU,Frankfurt + Neumarkt,~50–80,medical_cannabis,research,Extractor + synthetic cannabinoid API (THC/CBD),Two GMP plants: natural extraction + synthetic dronabinol/CBD APIs,https://www.canopygrowth.com/investors/news-releases/canopy-growth-acquires-germanys-c3-cannabinoid-compound-company/,,3,industry=2/3 capability=1/2 size=0/2 trigger=0/2,,Tier 3
DALOG Diagnosesysteme GmbH,DEU,Neuses,50,vaccines,crustdata,Mechanical Or Industrial Engineering / DALOG Diagnosesysteme GmbH provides online condition monitoring solutions for pr,11.11111111111111% growth,http://www.dalog.net,,3,industry=2/3 capability=0/2 size=0/2 trigger=1/2,,Tier 3
Department Artificial Intelligence in Biomedical Engineering - AIBE@FAU,DEU,Erlangen,50,vaccines,crustdata,Research Services / The Department Artificial Intelligence in Biomedical Engineering (AIBE) was esta,11.11111111111111% growth,http://www.aibe.tf.fau.de,,3,industry=2/3 capability=0/2 size=0/2 trigger=1/2,,Tier 3
Endoca BV / DE ops,DEU,Berlin (logistics),~50,medical_cannabis,research,"Formulation (CBD oils, suppositories, GMP extracts)",,https://www.endoca.com,,3,industry=2/3 capability=1/2 size=0/2 trigger=0/2,,Tier 3
EVYTRA GmbH,DEU,Villingen,50,vaccines,crustdata,"Appliances, Electrical, and Electronics Manufacturing / EVYTRA is your reliable partner for human-machine interfaces (HMIs) & printed ci",2.0408163265306123% growth,http://www.evytra.com,,3,industry=2/3 capability=0/2 size=0/2 trigger=1/2,,Tier 3
SABO Mobile IT GmbH,DEU,Bühl,50,vaccines,crustdata,IT Services and IT Consulting / SABO Mobile IT GmbH stands for over 25 years of experience in leading competent ,19.047619047619047% growth,http://www.saboit.de,,3,industry=2/3 capability=0/2 size=0/2 trigger=1/2,,Tier 3
Diction AG,CHE,Buchs (SG),49,vaccines,crustdata,Translation and Localization / Diction is a leading provider of multilingual content services. We combine AI‐dr,-14.035087719298245% growth,http://www.diction.ch,,3,industry=2/3 capability=0/2 size=0/2 trigger=1/2,,Tier 3
IPR Intelligente Peripherien für Roboter GmbH,DEU,Eppingen,49,vaccines,crustdata,"Automation Machinery Manufacturing / We develop, manufacture and sell automation components for assembly and handling",16.666666666666664% growth,https://www.iprworldwide.com,,3,industry=2/3 capability=0/2 size=0/2 trigger=1/2,,Tier 3
Kemiex,CHE,Zurich,49,veterinary_pharma,crustdata,"Information Services / Kemiex, founded in Zurich in 2017, is an all-in-one market information, purchasi",8.88888888888889% growth,https://www.kemiex.com,,3,industry=2/3 capability=0/2 size=0/2 trigger=1/2,,Tier 3
SAUTER Feinmechanik GmbH – the leading manufacturer of tool turrets and equipping of machine tools,DEU,Metzingen,49,vaccines,crustdata,Machinery Manufacturing / SAUTER FEINMECHANIK ist der international führende Hersteller von Werkzeugrevolv,-9.25925925925926% growth,https://www.sauter-feinmechanik.com,,3,industry=2/3 capability=0/2 size=0/2 trigger=1/2,,Tier 3
anvajo,DEU,Dresden,48,veterinary_pharma,crustdata,"Medical Equipment Manufacturing / Anvajo GmbH, a spin-off diagnostic company from Dresden University of Technology",-17.24137931034483% growth,https://anvajo.com/,,3,industry=2/3 capability=0/2 size=0/2 trigger=1/2,,Tier 3
Bilz Werkzeugfabrik GmbH & Co. KG,DEU,Ruit,48,vaccines,crustdata,Machinery Manufacturing / BILZ WERKZEUGFABRIK GmbH & Co. KGBilz tool clamping systems are used worldwide i,-5.88235294117647% growth,https://www.bilz.com/,,3,industry=2/3 capability=0/2 size=0/2 trigger=1/2,,Tier 3
FASTEC GmbH,DEU,Paderborn,48,vaccines,crustdata,"Information Technology & Services / FASTEC GmbH, based in Paderborn, employs more than 90 people. The leading provid",4.3478260869565215% growth,https://www.fastec.de/,,3,industry=2/3 capability=0/2 size=0/2 trigger=1/2,,Tier 3
Granzer Regulatory Consulting & Services GmbH,DEU,Munich,48,vaccines,crustdata,Business Consulting and Services / Granzer Regulatory Consulting & Services offers support in all phases of drug an,9.090909090909092% growth,http://www.granzer.biz,,3,industry=2/3 capability=0/2 size=0/2 trigger=1/2,,Tier 3
PetCom Tierernährung GmbH & Co. KG,DEU,Minden,48,veterinary_pharma,crustdata,Food and Beverage Manufacturing / Die PetCom ist ein leistungsstarker Produzent von Heimtierfutter im Private-Labe,2.127659574468085% growth,http://petcom.de,,3,industry=2/3 capability=0/2 size=0/2 trigger=1/2,,Tier 3
A.R.C. Laser GmbH,DEU,Nuremberg,47,veterinary_pharma,crustdata,"Medical Device / Founded in 1996, A.R.C. Laser GmbH is a family-owned business committed to advan",27.027027027027028% growth,https://www.arclaser.de,,3,industry=2/3 capability=0/2 size=0/2 trigger=1/2,,Tier 3
Camozzi Automation GmbH,DEU,Albershausen,47,vaccines,crustdata,Automation Machinery Manufacturing / We - Camozzi Automation GmbH - are the German subsidiary of the internationally ,9.30232558139535% growth,https://de.automation.camozzi.com/,,3,industry=2/3 capability=0/2 size=0/2 trigger=1/2,,Tier 3
LNS GROUP - LNS MANAGEMENT,CHE,Orvin,47,vaccines,crustdata,Machinery Manufacturing / LNS brings over 45 years of proven experience to its role as your One-Stop-Shop ,6.8181818181818175% growth,http://www.lns-group.com/,,3,industry=2/3 capability=0/2 size=0/2 trigger=1/2,,Tier 3
Sarix SA,CHE,Sant'Antonino,47,vaccines,crustdata,Machinery Manufacturing / At SARIX SA our mission is to deliver machining solutions for high precision and,0.0% growth,,,3,industry=2/3 capability=0/2 size=0/2 trigger=1/2,,Tier 3
CNC24,DEU,Berlin,46,vaccines,crustdata,Machinery Manufacturing / CNC24 is your partner for all metal and plastic components. Your advantages at a,-6.122448979591836% growth,https://www.cnc24.com?utm_source=linkedin&utm_medium=social&utm_campaign=linkedin-profil,,3,industry=2/3 capability=0/2 size=0/2 trigger=1/2,,Tier 3
Erwin Halder KG,DEU,Achstetten,46,vaccines,crustdata,"Mechanical Or Industrial Engineering / Our hearts beat for the little things – things often unseen, but always indispen",6.976744186046512% growth,https://www.halder.de,,3,industry=2/3 capability=0/2 size=0/2 trigger=1/2,,Tier 3
Marry Jane AG,CHE,Breitenbach,46,medical_cannabis,crustdata,Alternative Medicine / Marry Jane is one of the first and leading players in the emerging European cann,27.77777777777778% growth,https://marryjane.com,,3,industry=2/3 capability=0/2 size=0/2 trigger=1/2,,Tier 3
Sinto AGTOS GmbH,DEU,Emsdetten,46,vaccines,crustdata,Machinery Manufacturing / AGTOS was founded in 2001 à Emsdetten by experienced specialists from the shot b,12.195121951219512% growth,http://www.agtos.de,,3,industry=2/3 capability=0/2 size=0/2 trigger=1/2,,Tier 3
VDW (German Machine Tool Builders' Association),DEU,Frankfurt,46,vaccines,crustdata,"Machinery Manufacturing / The VDW, headquartered in Frankfurt am Main, Germany, speaks for the German mach",2.2222222222222223% growth,http://www.vdw.de,,3,industry=2/3 capability=0/2 size=0/2 trigger=1/2,,Tier 3
CVUA Freiburg,DEU,Freiburg,45,veterinary_pharma,crustdata,Government Administration / Beim CVUA Freiburg sind über 200 Mitarbeiter und Mitarbeiterinnen beschäftigt.,0.0% growth,www.cvua-freiburg.de,,3,industry=2/3 capability=0/2 size=0/2 trigger=1/2,,Tier 3
EW Group GmbH,DEU,Visbek,45,veterinary_pharma,crustdata, / EW Group is a global family owned holding with subsidaries and participations in,12.5% growth,http://www.ew-group.de,,3,industry=2/3 capability=0/2 size=0/2 trigger=1/2,,Tier 3
POG Precision Optics Gera,DEU,Schmölln,45,vaccines,crustdata,"Appliances, Electrical, and Electronics Manufacturing / We as POG are specialized in the production of customized optics and accompany y",15.384615384615385% growth,http://www.pog.eu,,3,industry=2/3 capability=0/2 size=0/2 trigger=1/2,,Tier 3
Spectra GmbH & Co. KG,DEU,Reutlingen,45,vaccines,crustdata,Computer Hardware Manufacturing / Spectra is an owner-managed company in the field of industrial PC and automation,12.5% growth,https://www.spectra.de,,3,industry=2/3 capability=0/2 size=0/2 trigger=1/2,,Tier 3
E. DOLD & Söhne GmbH & Co. KG,DEU,Furtwangen,44,vaccines,crustdata,"Appliances, Electrical, and Electronics Manufacturing / E. Dold & Söhne GmbH & Co. KG - Solutions for safe automationDOLD is an internat",4.761904761904762% growth,https://www.dold.com,,3,industry=2/3 capability=0/2 size=0/2 trigger=1/2,,Tier 3
Hugo Beck Maschinenbau GmbH & Co. KG,DEU,Dettingen an der Erms,44,vaccines,crustdata,"Packaging and Containers Manufacturing / Founded in Dettingen/Erms near Stuttgart in 1955, Hugo Beck is a world leading s",4.761904761904762% growth,https://www.hugobeck.com,,3,industry=2/3 capability=0/2 size=0/2 trigger=1/2,,Tier 3
KERN LIEBERS SMART TEXTILE ELEMENTS,DEU,Schramberg,44,vaccines,crustdata,"Mechanical Or Industrial Engineering / Under the umbrella brand KERN LIEBERS SMART TEXTILE ELEMENTS, you will find a co",10.0% growth,http://www.kern-liebers-textile.com,,3,industry=2/3 capability=0/2 size=0/2 trigger=1/2,,Tier 3
Strautmann Umwelttechnik GmbH,DEU,Glandorf,44,vaccines,crustdata,Machinery Manufacturing / Since 1994 Strautmann has developed and produced exceptional innovations in the ,18.91891891891892% growth,http://www.strautmann-umwelt.com,,3,industry=2/3 capability=0/2 size=0/2 trigger=1/2,,Tier 3
WATERROWER | NOHRD,DEU,Germany,44,vaccines,crustdata,Sporting Goods Manufacturing / Innovative exercise equipment made of wood.WaterRower Ltd. has been in Germany s,12.82051282051282% growth,https://www.nohrd.com,,3,industry=2/3 capability=0/2 size=0/2 trigger=1/2,,Tier 3
A+F Automation + Fördertechnik GmbH,DEU,Kirchlengern,43,vaccines,crustdata,"Machinery Manufacturing / A+F was founded in 1974 and, as a leading supplier of end-of-line packaging mach",-2.272727272727273% growth,http://www.af-gmbh.de,,3,industry=2/3 capability=0/2 size=0/2 trigger=1/2,,Tier 3
ARCOLOR AG,CHE,Waldstatt,43,vaccines,crustdata,Chemical Manufacturing / Water-based printing inks for the highest standards.ARCOLOR develops innovative ,-6.521739130434782% growth,http://www.arcolor.ch,,3,industry=2/3 capability=0/2 size=0/2 trigger=1/2,,Tier 3
FactoryPal,DEU,Berlin,43,vaccines,crustdata,IT Services and IT Consulting / FactoryPal revolutionizes manufacturing to improve shopfloor performance by syne,-10.416666666666668% growth,https://www.factorypal.com,,3,industry=2/3 capability=0/2 size=0/2 trigger=1/2,,Tier 3
LANG Technik GmbH,DEU,Holzmaden,43,vaccines,crustdata,"Machinery Manufacturing / LANG Technik, a family-owned company from Stuttgart/ Germany, is regarded as one",2.380952380952381% growth,http://www.lang-technik.de,,3,industry=2/3 capability=0/2 size=0/2 trigger=1/2,,Tier 3
Schröder Group,DEU,Wessobrunn,43,vaccines,crustdata,Machinery Manufacturing / Die Schröder Group besteht aus der Hans Schröder Maschinenbau GmbH mit Sitz in W,22.857142857142858% growth,http://www.schroedergroup.eu,,3,industry=2/3 capability=0/2 size=0/2 trigger=1/2,,Tier 3
Candera,AUT,Linz,42,vaccines,crustdata,Software Development / Candera was founded with one clear goal: transforming technology interactions th,7.6923076923076925% growth,http://www.cgistudio.at,,3,industry=2/3 capability=0/2 size=0/2 trigger=1/2,,Tier 3
GETT.GERMANY,DEU,Treuen,42,vaccines,crustdata,"Computer Hardware Manufacturing / Intelligent Operating Solutions – ""Made in Germany""GETT.GERMANY is part of the G",-4.545454545454546% growth,http://www.gett-group.com,,3,industry=2/3 capability=0/2 size=0/2 trigger=1/2,,Tier 3
HighTec EDV-Systeme GmbH,DEU,Saarbrücken,42,vaccines,crustdata,Embedded Software Products / HighTec EDV-Systeme is the world’s largest commercial provider of compilers usin,13.513513513513514% growth,https://hightec-rt.com/,,3,industry=2/3 capability=0/2 size=0/2 trigger=1/2,,Tier 3
Speedmaster GmbH,AUT,Eberstallzell,42,vaccines,crustdata,"Furniture / Today, Speedmaster is a state-of-the-art producer of furniture parts. We supply ",0.0% growth,https://www.speedmaster.at,,3,industry=2/3 capability=0/2 size=0/2 trigger=1/2,,Tier 3
"Test & Measurement Systems, Kleinknecht",DEU,Siegen,42,vaccines,crustdata,"Machinery Manufacturing / Creating InnovationsKleinknecht is a general supplier for testing technology, ma",-4.545454545454546% growth,http://www.kleinknecht.de,,3,industry=2/3 capability=0/2 size=0/2 trigger=1/2,,Tier 3
Andersen Europe,DEU,Berlin,41,vaccines,crustdata,IT Services and IT Consulting / Andersen – your reliable software development partner in Europe Andersen is a gl,32.25806451612903% growth,https://andersenlab.com,,3,industry=2/3 capability=0/2 size=0/2 trigger=1/2,,Tier 3
ELB-KEHREN GmbH,DEU,Aschaffenburg,41,vaccines,crustdata,"Machinery Manufacturing / ELB-KEHREN GmbH specialize in the development, manufacture, and distribution of ",-14.583333333333334% growth,https://www.elb-schliff.de/,,3,industry=2/3 capability=0/2 size=0/2 trigger=1/2,,Tier 3
Hänsel Processing GmbH,DEU,Hannover,41,vaccines,crustdata,"Machinery Manufacturing / Hänsel Processing – to make your sweet dreams come trueFor over 100 years, Hänse",5.128205128205128% growth,https://www.haensel-processing.de/,,3,industry=2/3 capability=0/2 size=0/2 trigger=1/2,,Tier 3
OTT-JAKOB Spanntechnik GmbH,DEU,Lengenwang,41,vaccines,crustdata,Machinery Manufacturing / OTT-JAKOB Spanntechnik GmbH has specialised in the manufacture of tool clamping ,5.128205128205128% growth,http://www.ott-jakob.de/,,3,industry=2/3 capability=0/2 size=0/2 trigger=1/2,,Tier 3
HighPots,CHE,Basel,40,vaccines,crustdata,IT Services and IT Consulting / HighPots is a high-performant consulting company with extraordinary skilled peop,0.0% growth,https://highpots.com,,3,industry=2/3 capability=0/2 size=0/2 trigger=1/2,,Tier 3
ILI.DIGITAL GmbH,DEU,Karlsruhe,40,vaccines,crustdata,"Software Development / 🚀 We make corporates entrepreneurs again 🚀 At ILI.DIGITAL, we aren't just a soft",2.564102564102564% growth,https://ili.digital,,3,industry=2/3 capability=0/2 size=0/2 trigger=1/2,,Tier 3
NCT Heidelberg / DKFZ GMP & T-Cell Manufacturing Unit,DEU,Heidelberg,40–60,academic_gmp,research,"CAR-T, TCR-T, autologous cell therapy",,https://www.nct-heidelberg.de/,oncology_celltherapy,3,industry=1/3 capability=2/2 size=0/2 trigger=0/2,,Tier 3
Scanbot SDK,DEU,Bonn,40,vaccines,crustdata,IT Services and IT Consulting / Bringing the power of computer vision and machine learning into the hands of eve,-37.5% growth,https://scanbot.io/,,3,industry=2/3 capability=0/2 size=0/2 trigger=1/2,,Tier 3
SETEX Schermuly textile computer GmbH,DEU,Mengerskirchen,40,vaccines,crustdata,Automation Machinery Manufacturing / We help machine builders and textile finishers to realize production efficiently,11.11111111111111% growth,https://www.setex-germany.com,,3,industry=2/3 capability=0/2 size=0/2 trigger=1/2,,Tier 3
SKET Verseilmaschinenbau GmbH,DEU,Magdeburg,40,vaccines,crustdata,Machinery Manufacturing / The services and products provides by the stranding machinery company SKET Verse,14.285714285714285% growth,http://sketvmb.de,,3,industry=2/3 capability=0/2 size=0/2 trigger=1/2,,Tier 3
WASSERMANN TECHNOLOGIE GmbH,DEU,Eichenzell,40,vaccines,crustdata,Automation Machinery Manufacturing / WASSERMANN TECHNOLOGIE – End-to-End Automation and ManufacturingAutomation solut,8.108108108108109% growth,http://www.wassermann-group.com,,3,industry=2/3 capability=0/2 size=0/2 trigger=1/2,,Tier 3
Helmholtz AI,DEU,Oberschleißheim,39,vaccines,crustdata,Research Services / We are a research-driven hub for applied AI that aims to enable the efficient an,-13.333333333333334% growth,http://www.helmholtz.ai,,3,industry=2/3 capability=0/2 size=0/2 trigger=1/2,,Tier 3
HILGER & KERN GROUP,DEU,Mannheim,39,vaccines,crustdata,Machinery Manufacturing / Three powerful brands and more than 90 years of experience determine what we are,-7.142857142857142% growth,http://www.hilger-kern-group.com,,3,industry=2/3 capability=0/2 size=0/2 trigger=1/2,,Tier 3
SLF Oberflächentechnik GmbH,DEU,Emsdetten,39,vaccines,crustdata,"Machinery Manufacturing / We are a Germany-based, familiy-owned company and one of the leading suppliers o",-2.5% growth,http://www.slf.eu,,3,industry=2/3 capability=0/2 size=0/2 trigger=1/2,,Tier 3
Smart Steel Technologies,DEU,Berlin,39,vaccines,crustdata,Software Development / Smart Steel Technologies builds the AI-based process control system for steel an,-2.5% growth,http://www.smart-steel-technologies.com,,3,industry=2/3 capability=0/2 size=0/2 trigger=1/2,,Tier 3
tiergesundheitsdienst bayern e.V.,DEU,Poing,39,veterinary_pharma,crustdata,Veterinary Services / The mission of the Bavarian Animal Health Services is to support and ensure anim,5.405405405405405% growth,http://www.tgd-bayern.de/,,3,industry=2/3 capability=0/2 size=0/2 trigger=1/2,,Tier 3
XRAY-LAB,DEU,Sternenfels,39,vaccines,crustdata,Industrial Machinery Manufacturing / Stuttgart I Wolfsburg I Detroit I Tuscaloosa I Bratislava I Pilsen3D-CT Computed,14.705882352941178% growth,https://xray-lab.com,,3,industry=2/3 capability=0/2 size=0/2 trigger=1/2,,Tier 3
Aalen University - Materials Research Institute Aalen (IMFAA),DEU,Aalen,38,vaccines,crustdata,Higher Education / The Materials Research Institute (Institut für Materialforschung Aalen IMFAA) is,-11.627906976744185% growth,https://www.hs-aalen.de/de/facilities/90,,3,industry=2/3 capability=0/2 size=0/2 trigger=1/2,,Tier 3
MAFAC - E. Schwarz GmbH & Co. KG,DEU,Alpirsbach,38,vaccines,crustdata,Machinery Manufacturing / MAFAC is the pioneer and technology leader in the field of industrial parts clea,11.76470588235294% growth,https://www.mafac.de/de/,,3,industry=2/3 capability=0/2 size=0/2 trigger=1/2,,Tier 3
Avanco GmbH,DEU,Herford,37,vaccines,crustdata,"Machinery Manufacturing / The AVANCO Group is a globally leading company engaged in the development, manuf",0.0% growth,https://www.avanco.de,,3,industry=2/3 capability=0/2 size=0/2 trigger=1/2,,Tier 3
Cantourage,DEU,Berlin,37,medical_cannabis,crustdata+research,Pharmaceutical Manufacturing / Cantourage is a leading European medical cannabis provider. The Berlin-based com,Active Bavaria GMP processing site; growing capacity post-2024 legalization,http://www.cantourage.com,,3,industry=2/3 capability=1/2 size=0/2 trigger=0/2,,Tier 3
EMF Motor,DEU,Worms,37,vaccines,crustdata,"Engines and Power Transmission Equipment Manufacturing / EMF Motor is a multinational torque motor producer, supporting the machine produ",-5.128205128205128% growth,http://www.emfmotor.com,,3,industry=2/3 capability=0/2 size=0/2 trigger=1/2,,Tier 3
IMI Bahr,DEU,Luhden,37,vaccines,crustdata,"Automation Machinery Manufacturing / We create solutions for our customers which enable smarter, safer, more producti",2.7777777777777777% growth,http://www.bahr-modultechnik.de,,3,industry=2/3 capability=0/2 size=0/2 trigger=1/2,,Tier 3
LOOPING GROUP,DEU,Munich,37,vaccines,crustdata,"Advertising Services / LOOPING GROUP represent a new breed of companies embracing digital, data analyti",-7.5% growth,http://looping.group,,3,industry=2/3 capability=0/2 size=0/2 trigger=1/2,,Tier 3
pro4dynamix GmbH,DEU,Tettnang,37,vaccines,crustdata,Software Development / pro4dynamix GmbH from Tettnang (Germany) is specialized in implementing and deve,12.121212121212121% growth,http://pro4dynamix.com,,3,industry=2/3 capability=0/2 size=0/2 trigger=1/2,,Tier 3
SIG allCap AG,CHE,Neuhausen,37,vaccines,crustdata,Packaging and Containers Manufacturing / The core competencies of SIG allCap are the injection molding of spouts for beve,0.0% growth,http://www.sig.biz,,3,industry=2/3 capability=0/2 size=0/2 trigger=1/2,,Tier 3
TEXPA,DEU,Saal an der Saale,37,vaccines,crustdata,Machinery Manufacturing / With more than 70 years of expertise in machine manufacturing and a focus on hom,15.625% growth,https://www.texpa.de,,3,industry=2/3 capability=0/2 size=0/2 trigger=1/2,,Tier 3
AXEPTA SA,CHE,Geneva,36,veterinary_pharma,crustdata,Staffing and Recruiting / The Axepta Group is specialised in project management and recruitment of profess,2.857142857142857% growth,http://www.axepta-group.com,,3,industry=2/3 capability=0/2 size=0/2 trigger=1/2,,Tier 3
Ballerina-Küchen Heinz-Erwin Ellersiek GmbH,DEU,Rödinghausen,36,vaccines,crustdata,"Furniture and Home Furnishings Manufacturing / PhilosophyIndividual, uncomplicated, for everyday useA kitchen should be a pleas",16.129032258064516% growth,http://www.ballerina.de,,3,industry=2/3 capability=0/2 size=0/2 trigger=1/2,,Tier 3
Brother Central and Eastern Europe GmbH,AUT,Vienna,36,vaccines,crustdata,"IT Services and IT Consulting / The Brother Group of Nagoya, Japan is a truly multinational company with manufac",16.129032258064516% growth,http://www.brother.eu,,3,industry=2/3 capability=0/2 size=0/2 trigger=1/2,,Tier 3
EUROBEND,DEU,Stein bei Nürnberg,36,vaccines,crustdata,Industrial Machinery Manufacturing / EUROBEND has been involved for more than three decades in the manufacturing of a,0.0% growth,http://www.eurobend.com,,3,industry=2/3 capability=0/2 size=0/2 trigger=1/2,,Tier 3
European Vaccine Initiative (EVI),DEU,Heidelberg,36,vaccines,crustdata,Non-profit Organizations / EVI seeks to support disease of poverty vaccine candidates. We act as a force to,24.137931034482758% growth,http://www.euvaccine.eu,,3,industry=2/3 capability=0/2 size=0/2 trigger=1/2,,Tier 3
FerRobotics,AUT,Lichtenberg,36,vaccines,crustdata,Industrial Machinery Manufacturing / FerRobotics Compliant Robot Technology is a world leader in the development and ,-5.263157894736842% growth,http://www.ferrobotics.com,,3,industry=2/3 capability=0/2 size=0/2 trigger=1/2,,Tier 3
Health Angels,DEU,Hamburg,36,veterinary_pharma,crustdata,Marketing Services / health angels ist die Agentur für Gesundheitskommunikation. Wir übersetzen Wisse,28.57142857142857% growth,https://health-angels.agency,oncology_general,3,industry=2/3 capability=0/2 size=0/2 trigger=1/2,,Tier 3
Medropharm GmbH,CHE,Kradolf,~35,medical_cannabis,research,Extraction + formulation (Swiss EU-GMP cannabis API/extracts),,https://medropharm.ch,,3,industry=2/3 capability=1/2 size=0/2 trigger=0/2,,Tier 3
MHH Hannover IFB-Tx GMP-Einrichtung,DEU,Hannover,35–55,academic_gmp,research,"CAR-T, hepatic / paediatric ATMP",,https://www.mhh.de/ifb-tx,oncology_celltherapy,3,industry=1/3 capability=2/2 size=0/2 trigger=0/2,,Tier 3
Charite BCRT / BIH ATMP-Suite,DEU,Berlin,30–50,academic_gmp,research,"CAR-T, MSC, gene therapy translational",,https://bihealth.org/,oncology_celltherapy,3,industry=1/3 capability=2/2 size=0/2 trigger=0/2,,Tier 3
Goethe Universitaet GMP Cell Therapy / Wolfgang-Goethe-Uniklinik,DEU,Frankfurt,30–45,academic_gmp,research,"CAR-NK, allogeneic, paediatric oncology",,https://www.kgu.de/,"oncology_celltherapy,oncology_general",3,industry=1/3 capability=2/2 size=0/2 trigger=0/2,,Tier 3
Nimbus Health (Dr. Reddy's),DEU,Berlin,~30–50,medical_cannabis,research,Manufacturer + wholesaler,Acquired by Dr. Reddy's 2022; ongoing scale-up under Indian pharma parent,https://www.businesswire.com/news/home/20220202005632/en ; https://nimbus.health/,,3,industry=2/3 capability=0/2 size=0/2 trigger=1/2,,Tier 3
Swisscann Tec AG,CHE,Steffisburg / Bern region,~30–60,medical_cannabis,research,Cultivator + EU-GMP producer + wholesaler,Swissmedic GMP cert Dec-2023; high-THC cultivation + EU-GMP pharma manufacturing license,https://swisscanntec.ch/en/,,3,industry=2/3 capability=1/2 size=0/2 trigger=0/2,,Tier 3
Universitaetsklinikum Mainz / TRON ATMP,DEU,Mainz,30–50,academic_gmp,research,"mRNA, neoantigen, CAR-T",,https://www.tron-mainz.de/,oncology_celltherapy,3,industry=1/3 capability=2/2 size=0/2 trigger=0/2,,Tier 3
CHUV Lausanne — Center for Experimental Therapeutics (CTE/LICR),CHE,Lausanne,25–40,academic_gmp,research,"TIL, TCR-T, neoantigen ATMP",,https://www.chuv.ch/,oncology_celltherapy,3,industry=1/3 capability=2/2 size=0/2 trigger=0/2,,Tier 3
FAU Erlangen / Uniklinikum Erlangen ATMP-Herstellung,DEU,Erlangen,25–40,academic_gmp,research,"CAR-T (autoimmune SLE), DC vaccines",,https://www.uk-erlangen.de/,oncology_celltherapy,3,industry=1/3 capability=2/2 size=0/2 trigger=0/2,,Tier 3
Helmholtz Munich (HMGU) Cell Programming & ATMP,DEU,Munich/Neuherberg,25–40,academic_gmp,research,"iPSC, gene therapy, regenerative",,https://www.helmholtz-munich.de/,,3,industry=1/3 capability=2/2 size=0/2 trigger=0/2,,Tier 3
Inselspital Bern Center for Cell & Gene Therapy,CHE,Bern,25–40,academic_gmp,research,"CAR-T, gene therapy, MSC",,https://www.insel.ch/,oncology_celltherapy,3,industry=1/3 capability=2/2 size=0/2 trigger=0/2,,Tier 3
Dermapharm Holding SE,DEU,Grünwald,21,"medical_cannabis,originator_pharma",crustdata+research,Pharmaceutical Manufacturing / Dermapharm is a rapidly growing manufacturer of branded pharmaceuticals. Founded,EUR 60M Brehna sterile + solid-dose 2024–2025,https://ir.dermapharm.de,,3,industry=2/3 capability=1/2 size=0/2 trigger=0/2,,Tier 3
MDC Berlin-Buch / BIH Cell Therapy Platform,DEU,Berlin-Buch,20–35,academic_gmp,research,"iPSC, gene-edited T cells",,https://www.mdc-berlin.de/,,3,industry=1/3 capability=2/2 size=0/2 trigger=0/2,,Tier 3
mediproCan Pharma,DEU,NRW region,~20–30,medical_cannabis,research,Wholesaler + processor (small),EU import + GMP-finishing partnerships,https://mediprocan.com/en/,,3,industry=2/3 capability=1/2 size=0/2 trigger=0/2,,Tier 3
SwissExtract,CHE,Northern CH,~20–40,medical_cannabis,research,Cultivator (organic) + GMP processor,GMP-compliant cultivation focus; supplies Swiss pharmacies,https://swissextract.ch/en/pages/medizinisches-cannabis-aus-der-schweiz,,3,industry=2/3 capability=1/2 size=0/2 trigger=0/2,,Tier 3
TUM / Klinikum rechts der Isar GMP ATMP,DEU,Munich,20–30,academic_gmp,research,"CAR-T, paediatric, translational",,https://www.mri.tum.de/,oncology_celltherapy,3,industry=1/3 capability=2/2 size=0/2 trigger=0/2,,Tier 3
UKE Hamburg GMP Cell & Gene Therapy,DEU,Hamburg,20–35,academic_gmp,research,"CAR-T, allogeneic, gene therapy translational",,https://www.uke.de/,oncology_celltherapy,3,industry=1/3 capability=2/2 size=0/2 trigger=0/2,,Tier 3
Uniklinik Koeln Cell Therapy Centre (CIO),DEU,Cologne,20–30,academic_gmp,research,"CAR-T, lymphoma, paediatric",,https://cio.uk-koeln.de/,oncology_celltherapy,3,industry=1/3 capability=2/2 size=0/2 trigger=0/2,,Tier 3
Universitaetsklinikum Freiburg GMP Cell Therapy,DEU,Freiburg,20–30,academic_gmp,research,"CAR-T, allo HSCT, gene therapy",,https://www.uniklinik-freiburg.de/,oncology_celltherapy,3,industry=1/3 capability=2/2 size=0/2 trigger=0/2,,Tier 3
Universitaetsklinikum Ulm Cellular Therapy,DEU,Ulm,20–30,academic_gmp,research,"Stem cell / haemato ATMP, CAR-T",,https://www.uniklinik-ulm.de/,oncology_celltherapy,3,industry=1/3 capability=2/2 size=0/2 trigger=0/2,,Tier 3
Universitaetsspital Zuerich (USZ) Cell Therapy,CHE,Zurich,20–35,academic_gmp,research,"CAR-T, allogeneic, gene therapy",,https://www.usz.ch/,oncology_celltherapy,3,industry=1/3 capability=2/2 size=0/2 trigger=0/2,,Tier 3
ETH Zurich — Wyss Zurich Translational Center / Bioengineering,CHE,Zurich,15–30,academic_gmp,research,"iPSC, organoid, regenerative ATMP translation",,https://wysszurich.uzh.ch/,,3,industry=1/3 capability=2/2 size=0/2 trigger=0/2,,Tier 3
LMU Klinikum Muenchen GMP Cell Therapy,DEU,Munich,15–25,academic_gmp,research,"CAR-T, dendritic cell vaccines",,https://www.lmu-klinikum.de/,oncology_celltherapy,3,industry=1/3 capability=2/2 size=0/2 trigger=0/2,,Tier 3
Medizinische Universitaet Wien — CCRI / St. Anna CCRI GMP,AUT,Vienna,15–25,academic_gmp,research,"Paediatric CAR-T, neuroblastoma ATMP",,https://www.ccri.at/,oncology_celltherapy,3,industry=1/3 capability=2/2 size=0/2 trigger=0/2,,Tier 3
Universitaetsklinikum Dresden NCT/UCC GMP,DEU,Dresden,15–25,academic_gmp,research,"CAR-T, paediatric ATMP",,https://www.uniklinikum-dresden.de/,oncology_celltherapy,3,industry=1/3 capability=2/2 size=0/2 trigger=0/2,,Tier 3
Universitaetsklinikum Duesseldorf ITZ Cell Therapy,DEU,Duesseldorf,15–25,academic_gmp,research,"CAR-T, allo HSCT ATMP",,https://www.uniklinik-duesseldorf.de/,oncology_celltherapy,3,industry=1/3 capability=2/2 size=0/2 trigger=0/2,,Tier 3
Universitaetsklinikum Heidelberg Paediatric ATMP (KiTZ),DEU,Heidelberg,15–25,academic_gmp,research,"Paediatric CAR-T, neuroblastoma",,https://www.kitz-heidelberg.de/,oncology_celltherapy,3,industry=1/3 capability=2/2 size=0/2 trigger=0/2,,Tier 3
Universitaetsklinikum Leipzig GMP Cell Therapy,DEU,Leipzig,15–25,academic_gmp,research,"CAR-T (joint with IZI), allogeneic",,https://www.uniklinikum-leipzig.de/,oncology_celltherapy,3,industry=1/3 capability=2/2 size=0/2 trigger=0/2,,Tier 3
Universitaetsklinikum Regensburg GMP Cell Therapy,DEU,Regensburg,15–25,academic_gmp,research,"DLI, MSC, CAR-T",,https://www.ukr.de/,oncology_celltherapy,3,industry=1/3 capability=2/2 size=0/2 trigger=0/2,,Tier 3
Universitaetsspital Basel — Stem Cell Lab / DBM ATMP,CHE,Basel,15–25,academic_gmp,research,"MSC, cartilage tissue engineering, CAR-T",,https://www.unispital-basel.ch/,oncology_celltherapy,3,industry=1/3 capability=2/2 size=0/2 trigger=0/2,,Tier 3
Medizinische Universitaet Graz GMP Cell Therapy,AUT,Graz,10–20,academic_gmp,research,"MSC, regenerative ATMP",,https://www.medunigraz.at/,,3,industry=1/3 capability=2/2 size=0/2 trigger=0/2,,Tier 3
Medizinische Universitaet Innsbruck Cell Therapy Unit,AUT,Innsbruck,10–20,academic_gmp,research,"DC vaccines, MSC, CAR-T",,https://www.i-med.ac.at/,oncology_celltherapy,3,industry=1/3 capability=2/2 size=0/2 trigger=0/2,,Tier 3
Universitaetsklinikum Muenster GMP Cell Therapy,DEU,Muenster,10–20,academic_gmp,research,"MSC, paediatric ATMP",,https://www.ukm.de/,,3,industry=1/3 capability=2/2 size=0/2 trigger=0/2,,Tier 3
AGES (Austrian Agency for Health and Food Safety),AUT,Vienna,~1 500 (group),medical_cannabis,research,State monopoly cultivator (only AT body legally permitted to grow medical cannabis),EU-GMP cultivation; sole AT licensor — any private mfg must be ≥75% AGES-owned,https://cms.law/en/int/expert-guides/cms-expert-guide-to-a-legal-roadmap-to-cannabis/austria,,3,industry=2/3 capability=1/2 size=0/2 trigger=0/2,,Tier 3
Berna Biotech / Crucell Switzerland AG,CHE,Bern,,vaccines,research,(historical),wind-down,excluded,,3,industry=2/3 capability=1/2 size=0/2 trigger=0/2,,Tier 3
BioLife Plasma Services (Takeda),DEU,multiple,n/a,plasma_fractionation,research,Collection,,https://www.biolifeplasma.com/locations,,3,industry=3/3 capability=0/2 size=0/2 trigger=0/2,,Tier 3
GlaxoSmithKline GmbH (GSK Vaccines DE),DEU,Marburg (Behringwerke; legacy Chiron/Novartis),,vaccines,research,"Recombinant (Shingrix antigen), adjuvants AS01",ongoing AS01 adjuvant scale-up; Shingrix capacity doubling globally incl. DE,https://de.gsk.com/de-de/unternehmen/standorte/marburg/,,3,industry=2/3 capability=0/2 size=0/2 trigger=1/2,,Tier 3
Grifols Deutschland (ex-Aton centers),DEU,nationwide,n/a,plasma_fractionation,research,Collection,,https://www.grifols.com/en/view-news/-/news/grifols-expands-and-diversifies-its-plasma-collection-network-with-the-acquisition-of-35-donation-centers-in-germany-from-aton,,3,industry=3/3 capability=0/2 size=0/2 trigger=0/2,,Tier 3
"Universitätsklinik Blutspendezentralen (e.g. Charité, UKE, LMU, Heidelberg)",DEU,nationwide university hospitals,per-site varies,plasma_fractionation,research,Collection / processing (small-scale),,https://www.pei.de/EN/newsroom/hp-news/2025/251208-paul-ehrlich-institut-report-supply-blood-2024.html,,3,industry=3/3 capability=0/2 size=0/2 trigger=0/2,,Tier 3
Tecan Group,CHE,Maennedorf (+ Crailsheim DE),"~2,400",bioprocess_vendors,research,"Liquid handling (Fluent, Freedom EVO), Cavro OEM, cell-line dev",,https://www.tecan.com/about-tecan/locations,,2,industry=0/3 capability=0/2 size=2/2 trigger=0/2,direct_competitor,Excluded
Pall Corporation (Danaher),DEU,Dreieich + Bad Kreuznach (Pall Filtersystems),"~1,400",bioprocess_vendors,research,"Allegro single-use, Stax depth filters, Cadence acoustic, Iscon",,https://www.pall.com/en/about-pall/locations.html,,2,industry=0/3 capability=0/2 size=2/2 trigger=0/2,,Tier 4
Romaco Group,DEU,Karlsruhe,~700,bioprocess_vendors,research,"Tablet press, blister, sterile filling",,https://www.romaco.com/,,2,industry=0/3 capability=0/2 size=2/2 trigger=0/2,direct_competitor,Excluded
Bio-Rad Laboratories DE,DEU,Feldkirchen (Munich),~600,bioprocess_vendors,research,"Process chromatography (NGC), ddPCR, Western, QC/QA assays",,https://www.bio-rad.com/de-de/corporate/locations,,2,industry=0/3 capability=0/2 size=2/2 trigger=0/2,,Tier 4
Repligen Corp. (DE office),DEU,Ravensburg + Marburg (Polymem/C-Tech sites),~250,bioprocess_vendors,research,"XCell ATF, KrosFlo TFF, OPUS chromatography, Spectrum hollow fiber",,https://www.repligen.com/about/locations,,2,industry=0/3 capability=0/2 size=2/2 trigger=0/2,,Tier 4
Watson-Marlow Fluid Technology Group,DEU,Roedermark (Spirax-Sarco group),~250,bioprocess_vendors,research,"Quantum / Bredel / Qdos peristaltic pumps, single-use assemblies",,https://www.wmftg.com/de-de/about-us/locations/,,2,industry=0/3 capability=0/2 size=2/2 trigger=0/2,direct_competitor,Excluded
Dallmeier electronic,DEU,Regensburg,153,bioprocess_vendors,crustdata,Security and Investigations / Dallmeier is the only manufacturer of video security technology and video survei,3.3783783783783785% growth,https://www.dallmeier.com/en,,2,industry=0/3 capability=0/2 size=1/2 trigger=1/2,,Tier 4
Bodystreet Global Headquarters,DEU,Karlsfeld,144,bioprocess_vendors,crustdata,Wellness and Fitness Services / Bodystreet: the revolutionary new way of shaping upGone are the days of spending,-3.3557046979865772% growth,https://www.bodystreet.de/company/franchise,,2,industry=0/3 capability=0/2 size=1/2 trigger=1/2,,Tier 4
DESCH Group,DEU,Arnsberg,118,bioprocess_vendors,crustdata,"Industrial Machinery Manufacturing / DESCH was founded in 1906 and from the beginning, the company was managed by the",9.25925925925926% growth,https://www.desch.com/en/,,2,industry=0/3 capability=0/2 size=1/2 trigger=1/2,,Tier 4
AFI Solutions GmbH,DEU,Stuttgart,114,bioprocess_vendors,crustdata,Software Development / AFI is a solution provider and a leading manufacturer of software for the optimi,-21.91780821917808% growth,https://www.doxis.com/de/,,2,industry=0/3 capability=0/2 size=1/2 trigger=1/2,,Tier 4
AEMtec GmbH,DEU,Berlin,102,bioprocess_vendors,crustdata,Computers and Electronics Manufacturing / AEMtec is one of the global acting specialists for the development and productio,7.368421052631578% growth,http://www.aemtec.com,,2,industry=0/3 capability=0/2 size=1/2 trigger=1/2,,Tier 4
digatus,DEU,Munich,102,bioprocess_vendors,crustdata,"IT Services and IT Consulting / We are digatus!As an IT services group, we offer all core elements of the digita",-6.422018348623854% growth,https://digatus.com,,2,industry=0/3 capability=0/2 size=1/2 trigger=1/2,,Tier 4
SIHI Pumps,DEU,Germany,102,bioprocess_vendors,crustdata,"Machinery Manufacturing / SIHI Pumps is one of the world leaders in liquid ring vacuum pumps, liquid ring ",3.0303030303030303% growth,http://www.sihi-pumps.com,,2,industry=0/3 capability=0/2 size=1/2 trigger=1/2,,Tier 4
SANUM-Kehlbeck,DEU,Hoya (Niedersachsen),~95,originator_pharma,research,Microbial homeopathic remedies + herbal,Family-owned >50 yrs; ongoing Hoya plant,https://sanum.com/en/,,2,industry=2/3 capability=0/2 size=0/2 trigger=0/2,,Tier 4
Bencard Allergie GmbH (Allergy Therapeutics),DEU,München,~90,specialty_orphan,research,Allergy immunotherapy / adjuvants,,https://leadiq.com/c/bencard-allergie-gmbh/5a1d7e25240000240058013f,,2,industry=2/3 capability=0/2 size=0/2 trigger=0/2,,Tier 4
Recordati Pharma DE,DEU,Ulm,~90,originator_pharma,research,Rare disease + speciality,Italian parent ongoing site investments,https://www.recordati.com/en/international_presence/germany,,2,industry=2/3 capability=0/2 size=0/2 trigger=0/2,,Tier 4
HAL Allergie GmbH (Droege/HAL Allergy Group),DEU,Düsseldorf,~84 (DE); ~300 group,specialty_orphan,research,Allergy immunotherapy,,https://www.hal-allergy.com/hal-allergy-international/,,2,industry=2/3 capability=0/2 size=0/2 trigger=0/2,,Tier 4
CL Cleanroom GmbH,AUT,Wiener Neudorf,~80,bioprocess_vendors,research,"Cleanroom build, GMP qualification",,https://www.cl-cleanroom.at/,,2,industry=0/3 capability=2/2 size=0/2 trigger=0/2,,Tier 4
CP-Pharma Handelsgesellschaft mbH,DEU,Burgdorf,~80,veterinary_pharma,research,"Vet generics (anaesthetics, antibiotics, hormones), small + large animals",,https://www.cp-pharma.de,,2,industry=2/3 capability=0/2 size=0/2 trigger=0/2,,Tier 4
Dr. Schaette GmbH,DEU,Bad Waldsee,~80,veterinary_pharma,research,"Phyto-veterinary, complementary vet medicine, livestock",,https://www.schaette.de,,2,industry=2/3 capability=0/2 size=0/2 trigger=0/2,,Tier 4
Heel Vet (Biologische Heilmittel Heel — vet line),DEU,Baden-Baden,~80 (vet unit),veterinary_pharma,research,Homeopathic vet medicines,,https://www.heel-vet.de,,2,industry=2/3 capability=0/2 size=0/2 trigger=0/2,,Tier 4
Drossapharm,CHE,Basel + Arlesheim,~75,originator_pharma,research,"Rheumatology, sports, derm, gynecology",Vietnam API site + Swiss formulation,https://drossapharm.ch/,,2,industry=2/3 capability=0/2 size=0/2 trigger=0/2,,Tier 4
Storz & Bickel GmbH,DEU,Tuttlingen,73,medical_cannabis,crustdata+research+research,Medical Equipment Manufacturing / STORZ & BICKEL ist Pionier und Marktführer im Bereich Vaporizer. Mit dem Alleins,Production ~1 500 devices/day; new MD David Männer Apr-26,http://storz-bickel.com,,2,industry=2/3 capability=0/2 size=0/2 trigger=0/2,,Tier 4
Zentrallaboratorium Deutscher Apotheker (ZL),DEU,Eschborn,~70,academic_gmp,research,GMP/Ph. Eur. quality testing for pharmacies,,https://www.zentrallabor.com,,2,industry=1/3 capability=1/2 size=0/2 trigger=0/2,,Tier 4
Krewel Meuselbach,DEU,Eitorf,~61,originator_pharma,research,OTC herbal cough/cold,$47m revenue 2025; Eitorf own production,https://www.krewelmeuselbach.de/,,2,industry=2/3 capability=0/2 size=0/2 trigger=0/2,,Tier 4
Chevita Tierarzneimittel GmbH,DEU,Pfaffenhofen,~60,veterinary_pharma,research,"Poultry + livestock pharma, vitamins, antiparasitics",,https://www.chevita.com,,2,industry=2/3 capability=0/2 size=0/2 trigger=0/2,,Tier 4
"Ecuphar GmbH (Animedica sister, now Animalcare DE)",DEU,Greifswald,~60,veterinary_pharma,research,Companion + equine pharma,,https://www.ecuphar.de,,2,industry=2/3 capability=0/2 size=0/2 trigger=0/2,,Tier 4
MS Schippers (DACH ops),NL,Bocholt (DE office),~60 (DACH),bioprocess_vendors,research,"Hygiene, biosecurity, cleanroom consumables",,https://www.msschippers.com/de,,2,industry=0/3 capability=2/2 size=0/2 trigger=0/2,non_target_country,Excluded
aluvia pharma GmbH,DEU,Lehrte,~50,veterinary_pharma,research,"Vet specialty pharma, contract manufacturing",,https://www.aluviapharma.com,,2,industry=2/3 capability=0/2 size=0/2 trigger=0/2,,Tier 4
Bracco Imaging Deutschland (Singen plant),DEU,Singen / Konstanz,~50–500,originator_pharma,research,Sterile contrast media (largest Bracco site for sterile contrast),Singen is most important sterile contrast site for group,https://www.bracco.com/braccoimagingd-16112022pressemitteilung,,2,industry=2/3 capability=0/2 size=0/2 trigger=0/2,,Tier 4
Orphalan SA (DACH commercialization),FR HQ; CH,Paris HQ; CH mkt,~50,specialty_orphan,research,"Wilson disease — Cuprior (trientine tetrahydrochloride), DACH commercial via Cuprior",Mfg via European partners; not own,https://www.orphalan.com/,,2,industry=2/3 capability=0/2 size=0/2 trigger=0/2,non_target_country,Excluded
Recordati Rare Diseases Germany GmbH,DEU,Ulm,"~50 (DE), ~650 group RRD",specialty_orphan,research,"Endocrine rare (Cushing's – Isturisa, Signifor), urea cycle disorders, Wilson's",Group owns mfg incl. Aulnay (FR); Ulm = DACH commercial,https://recordatirarediseases.de/,,2,industry=2/3 capability=0/2 size=0/2 trigger=0/2,,Tier 4
Stallergenes GmbH (Stallergenes Greer),DEU,Kamp-Lintfort,~50,specialty_orphan,research,Allergy immunotherapy,,https://www.stallergenesgreer.com/germany,,2,industry=2/3 capability=0/2 size=0/2 trigger=0/2,,Tier 4
Steierl-Pharma,DEU,Herrsching am Ammersee,~50–80,originator_pharma,research,"Homeopathic drops, ampoules, tablets","Family-owned, Pasing/Herrsching site",https://www.steierl.de/,,2,industry=2/3 capability=0/2 size=0/2 trigger=0/2,,Tier 4
Cesra Arzneimittel,DEU,Baden-Baden,~45,originator_pharma,research,Phytopharma + cosmeceuticals (Redel-Stiftung owned),Charitable foundation reinvests profits,https://www.cesra.com/en/,,2,industry=2/3 capability=0/2 size=0/2 trigger=0/2,,Tier 4
RIPAC-Labor GmbH,DEU,Potsdam,~45,veterinary_pharma,research,"Autogenous (stall-specific) vaccines, poultry, pig, cattle diagnostics",,https://www.ripac-labor.de,,2,industry=2/3 capability=0/2 size=0/2 trigger=0/2,,Tier 4
Fedegari Deutschland,DEU,Cologne,~40 (DE),bioprocess_vendors,research,"Steam sterilizers, decon, isolators",,https://www.fedegari.com/,,2,industry=0/3 capability=2/2 size=0/2 trigger=0/2,direct_competitor,Excluded
aniMedis / Dr. Rieger Tierpharma,DEU,Berlin,~35,veterinary_pharma,research,"Niche vet specialties, equine ophthalmology",,n/a (Tierärzteblatt advertiser),,2,industry=2/3 capability=0/2 size=0/2 trigger=0/2,,Tier 4
PlantaVet GmbH,DEU,Bad Waldsee,~35,veterinary_pharma,research,Phytotherapy + homeopathic vet remedies,,https://www.plantavet.de,,2,industry=2/3 capability=0/2 size=0/2 trigger=0/2,,Tier 4
aniMed Tierarzneimittel GmbH,DEU,Schwarzenborn,~30,veterinary_pharma,research,Niche vet specialties,,https://www.animed.de,,2,industry=2/3 capability=0/2 size=0/2 trigger=0/2,,Tier 4
Biochemie Lechner GmbH,AUT,Mondsee,~30,veterinary_pharma,research,"Niche vet biologicals, equine + bee",,https://www.lechner-biochemie.at,,2,industry=2/3 capability=0/2 size=0/2 trigger=0/2,,Tier 4
Bionorica research site Innsbruck (AT),AUT,Innsbruck,~30–50,medical_cannabis,research,R&D / cannabinoid research (no THC commercial cultivation),Long-running R&D site; aligns with C³ (DE) extraction know-how,https://www.bionorica.com/,,2,industry=2/3 capability=0/2 size=0/2 trigger=0/2,,Tier 4
Galepharm,CHE,Küsnacht (ZH),~30–60,originator_pharma,research,Niche Rx (irreplaceable preparations),Boutique originator; ongoing licensing model,https://www.galepharm.ch/en/,,2,industry=2/3 capability=0/2 size=0/2 trigger=0/2,,Tier 4
GOC NEXUS Operations (SynBiotic JV),DEU,NRW region,~30–50,medical_cannabis,research,Pharma contract manufacturer + cold-plasma decontamination,Gold-standard plasma-decontam launch w/ SynBiotic 2024,https://www.synbiotic.com/corporate-news/trend-setting-decontamination-synbiotic-and-goc-nexus-set-the-gold-standard-for-cannabis,,2,industry=2/3 capability=0/2 size=0/2 trigger=0/2,,Tier 4
Kadia / DARA Pharma DACH,ES,Reutlingen office,~30 (DACH),bioprocess_vendors,research,Aseptic vial/syringe filling,,https://www.darapharma.com/en/,,2,industry=0/3 capability=2/2 size=0/2 trigger=0/2,non_target_country,Excluded
Mauermann Arzneimittel KG,DEU,Munich (Bayern),~30,specialty_orphan,research,Niche/orphan small-molecule specialty pharma (urology/CNS niche),Own German batch mfg via partner network,https://www.gelbe-liste.de/,,2,industry=2/3 capability=0/2 size=0/2 trigger=0/2,,Tier 4
Pharming Technologies DE,DE (SUBSIDIARY,Berlin,~30,specialty_orphan,research,"Subsidiary of Pharming Group — rare immunology (HAE, leniolisib for APDS)",Berlin = R&D / commercial DACH; mfg in NL,https://www.pharming.com/,,2,industry=2/3 capability=0/2 size=0/2 trigger=0/2,non_target_country,Excluded
Rositron Pharma GmbH,DEU,Hamburg,~30,medical_cannabis,research,Formulation/distribution (medical cannabis flower & extract repackaging),,https://rositron-pharma.de,,2,industry=2/3 capability=0/2 size=0/2 trigger=0/2,,Tier 4
Spexis AG (ex-Polyphor),CHE,Allschwil,~30,specialty_orphan,research,"CF (ColiFin orphan), oncology macrocycles, CXCR4 hematology",Own pilot; commercial mfg via partners,https://www.cbinsights.com/company/polyphor-ag,oncology_general,2,industry=2/3 capability=0/2 size=0/2 trigger=0/2,,Tier 4
Universitaetsklinikum Tuebingen GMP / Cellular Therapeutics,DEU,Tuebingen,30–45,academic_gmp,research,"TCR-T, peptide vaccines, paediatric",,https://www.medizin.uni-tuebingen.de/,oncology_celltherapy,2,industry=1/3 capability=1/2 size=0/2 trigger=0/2,,Tier 4
Vivo Cannabis / Canntec EU (DE arm),DEU,Berlin,~30,medical_cannabis,research,Importer + oil formulation (Beacon Medical brand),,https://vivocannabis.com,,2,industry=2/3 capability=0/2 size=0/2 trigger=0/2,,Tier 4
Vétoquinol Schweiz / Belphar Suisse,CHE,Ittigen,~30,veterinary_pharma,research,"Vet specialties, equine + companion",,https://www.vetoquinol.ch,,2,industry=2/3 capability=0/2 size=0/2 trigger=0/2,,Tier 4
aniSALT / equiMed AG,CHE,Olten,~25,veterinary_pharma,research,Equine pharmacy + nutraceuticals,,https://www.equimed.ch,,2,industry=2/3 capability=0/2 size=0/2 trigger=0/2,,Tier 4
Iromedica (Hedoga),CHE,St. Gallen,~25–50,originator_pharma,research,"OTC, supplements, cosmetics",Hedoga AT/CH family group; small scale,"https://www.northdata.com/Iromedica+AG,+St.+Gallen/CHE-102.051.368",,2,industry=2/3 capability=0/2 size=0/2 trigger=0/2,,Tier 4
Königsegger Tierarzneimittel,AUT,Innsbruck,~25,veterinary_pharma,research,Equine + cattle specialty pharma,,n/a (BVL/AGES register),,2,industry=2/3 capability=0/2 size=0/2 trigger=0/2,,Tier 4
Loraintec GmbH,DEU,Aulendorf,~25,veterinary_pharma,research,"Vet diagnostics + pharma logistics, small-batch specialties",,https://www.loraintec.de,,2,industry=2/3 capability=0/2 size=0/2 trigger=0/2,,Tier 4
Pharmadrug Inc. (DE ops),DEU,Cologne,~25,medical_cannabis,research,Specialty pharma (psychedelic + cannabinoid CDMO partnerships),,https://pharmadrug.co,,2,industry=2/3 capability=0/2 size=0/2 trigger=0/2,,Tier 4
Cannprisma AG,CHE,Zug,~20,medical_cannabis,research,"Formulation (Swissmedic CBD/THC oils, topicals)",,https://cannprisma.com,,2,industry=2/3 capability=0/2 size=0/2 trigger=0/2,,Tier 4
THC Pharm GmbH (C³ subsidiary),DEU,Frankfurt,~20–40,medical_cannabis,research,Synthetic cannabinoid API (Dronabinol),Operates under C³ / Canopy umbrella; long-running dronabinol API supplier,https://www.canopygrowth.com/investors/news-releases/canopy-growth-acquires-germanys-c3-cannabinoid-compound-company/,,2,industry=2/3 capability=0/2 size=0/2 trigger=0/2,,Tier 4
Universitaetsklinikum Wuerzburg / NCT WERA CAR-T,DEU,Wuerzburg,20–30,academic_gmp,research,CAR-T myeloma & solid tumour,,https://www.ukw.de/,oncology_celltherapy,2,industry=1/3 capability=1/2 size=0/2 trigger=0/2,,Tier 4
Curatis AG,CHE,Liestal,~15,specialty_orphan,research,Specialty/orphan drug commercialization (CH),,https://curatis.com/,,2,industry=2/3 capability=0/2 size=0/2 trigger=0/2,,Tier 4
GSK Vaccines (Wavre/Rixensart linked CH ops) — **excluded** primary BE,—,—,,vaccines,research,—,—,—,,2,industry=2/3 capability=0/2 size=0/2 trigger=0/2,non_target_country,Excluded
Hennig (post-acquisition) — see #43,DEU,Flörsheim,—,originator_pharma,research,—,—,—,,2,industry=2/3 capability=0/2 size=0/2 trigger=0/2,,Tier 4
Janssen Vaccines AG,CHE,"Bern (legacy Crucell/Berna Biotech, now closed/sold to Pharvaris/site repurposed 2023)",,vaccines,research,"Historically live attenuated typhoid, cholera",site wind-down completed 2024,https://www.janssen.com/switzerland,,2,industry=2/3 capability=0/2 size=0/2 trigger=0/2,,Tier 4
Klinge Pharma / Astellas Munich,DEU,München,counted under Astellas,originator_pharma,research,—,—,—,,2,industry=2/3 capability=0/2 size=0/2 trigger=0/2,,Tier 4
MSD (Merck Sharp & Dohme) Animal & Human Health Vaccines AT,AUT,Vienna (legacy Baxter / Nanotherapeutics site sold; current MSD presence office),,vaccines,research,n/a (commercial only),—,excluded — no GMP human-vaccine plant in AT,,2,industry=2/3 capability=0/2 size=0/2 trigger=0/2,,Tier 4
"Octapharma AG (CH HQ) — **excluded** plasma, not vaccines",—,—,,vaccines,research,—,—,—,,2,industry=2/3 capability=0/2 size=0/2 trigger=0/2,non_target_country,Excluded
Valneva SE — Solna site,SE,Solna,,vaccines,research,—,—,excluded,,2,industry=2/3 capability=0/2 size=0/2 trigger=0/2,non_target_country,Excluded
Merck KGaA — Process Solutions,DEU,Darmstadt,"~10,000 (DE PS)",bioprocess_vendors,research,"Single-use, filtration, chromatography",,https://www.merckmillipore.com/DE/en/20140212_145002,,1,industry=0/3 capability=0/2 size=1/2 trigger=0/2,,Tier 4
Mettler-Toledo (incl. Ingold),CHE,Greifensee (+ Urdorf),"~3,500",bioprocess_vendors,research,"InPro pH/DO sensors, AutoChem, PAT (FBRM, ReactIR)",,https://www.mt.com/ch/en/home/site_content/aboutus/locations.html,,1,industry=0/3 capability=0/2 size=1/2 trigger=0/2,direct_competitor,Excluded
Steelco Germany GmbH (Miele Group),DEU,Ennepetal,~150,bioprocess_vendors,research,"Lab/pharma washers, sterilizers",,https://www.steelcospa.com/de,,1,industry=0/3 capability=0/2 size=1/2 trigger=0/2,direct_competitor,Excluded
GMP Service & Engineering GmbH,DEU,Mannheim,~80,bioprocess_vendors,research,"GMP qualification, validation services",,https://www.gmp-service.com/,,1,industry=0/3 capability=1/2 size=0/2 trigger=0/2,,Tier 4
Briem Steuerungstechnik,DEU,Tübingen,~80,bioprocess_vendors,research,"Pharma automation, MES integration",,https://www.briem.de/,,0,industry=0/3 capability=0/2 size=0/2 trigger=0/2,,Tier 4
Sentronic GmbH,DEU,Dresden,~80,bioprocess_vendors,research,"SentroPAT FO inline NIR/Raman, optical PAT for bioprocess",,https://www.sentronic.com/en/company/,,0,industry=0/3 capability=0/2 size=0/2 trigger=0/2,,Tier 4
Bioassay GmbH,DEU,Heidelberg,~70,bioprocess_vendors,research,Bio/QC analytical lab services,,https://www.bioassay.de/,,0,industry=0/3 capability=0/2 size=0/2 trigger=0/2,,Tier 4
KEYENCE / VAI Pharma Sensors (skip — not bioprocess),—,—,—,bioprocess_vendors,research,—,,—,,0,industry=0/3 capability=0/2 size=0/2 trigger=0/2,non_target_country,Excluded
Rommelag CDMO,DEU,Sulzbach-Laufen,~600,"cdmo_classic,sterile_generics",research,"Pharmaceutical CDMO / Aseptic blow-fill-seal (BFS) contract manufacturing for liquid pharmaceuticals, ophthalmics, injectables and biopharmaceuticals via bottelpack technology",Sulzbach-Laufen BFS capacity expansion; FDA-registered (FEI 3002808845); CDMO arm of Rommelag Group,https://www.rommelag-cmo.com,,8,industry=3/3 capability=2/2 size=2/2 trigger=1/2,,Tier 1
Holopack Verpackungstechnik,DEU,Sulzbach-Laufen,~720,"cdmo_classic,sterile_generics",research,"Pharmaceutical CDMO / Blow-Fill-Seal (BFS) aseptic filling and blister packaging contract manufacturer for liquid and semi-solid pharmaceuticals (injectables, eye drops, biopharma); CDMO subsidiary of Rommelag Group since 1975",BFS capacity at Sulzbach-Laufen + Untergröningen sites; Rommelag CDMO division,https://www.holopack.de,,8,industry=3/3 capability=2/2 size=2/2 trigger=1/2,,Tier 1
Simtra BioPharma Solutions,DEU,Halle (Westfalen),"~1,700","cdmo_classic,sterile_generics",research,"Pharmaceutical CDMO / Sterile fill-finish CDMO carved out from Baxter BioPharma Solutions in 2023; specializes in high-quality sterile injectables (vials, prefilled syringes, lyophilization) for pharma and biotech partners",Halle/Westfalen DE + Bloomington IN sterile capacity; independent CDMO since 2023 Baxter divestiture (Advent + Warburg Pincus),https://www.simtrabiopharma.com,,9,industry=3/3 capability=2/2 size=2/2 trigger=2/2,,Tier 1
