person_name,title,seniority,years_at_company,company,company_linkedin_id,person_linkedin_url,location,headline
Martin Bultmann,"Director, Head of Process Engineering Sciences, NBE, LU",Director,8,AbbVie Deutschland GmbH & Co,,https://www.linkedin.com/in/ACoAAAH81QYBmLr7NpckbK2eLldVhvGKSIxyQZM,,"Director, Research Fellow, Head of Process Engineering Sciences, NBE, Ludwigshafen at AbbVie Deutschland GmbH & Co. KG"
Jens Wiemer,Deputy Head of Radiopharmaceutical Production,Director,2,ABX advanced biochemical compounds GmbH,3848380,https://www.linkedin.com/in/ACoAAFDYmRcBDUcmAWteFdkZXboW6pTZLTIpR9k,,Deputy Head of Radiopharmaceutical Production bei ABX advanced biochemical compounds GmbH
Sophia Möbius,Head of Radiopharmaceutical Production,Director,2,ABX advanced biochemical compounds GmbH,3848380,https://www.linkedin.com/in/ACoAACBW3-QBoagy2pmIwBCxZkAbb85-aqnlR-o,,Head of Radiopharmaceutical Production
Piergiorgio Donati,Chief of Technical Operations Officer,CXO,6,AC Immune,110202,https://www.linkedin.com/in/ACoAAAHIpgABbQ3f_59duqi9d3mK74795k8t0K8,,Chief of Technical Operations Officer at AC Immune
Susanna Marazzi,Head of manufacturing and CMC development,Director,1,AC Immune,110202,https://www.linkedin.com/in/ACoAAASF3hsB9lk6JYbvoeEYnsrXTiVos4hW4NI,,Head of Manufacturing & CMC development
Jim Jackson,"Vice President, Global Operations and Supply",Vice President,0,ADC Therapeutics,8297253,https://www.linkedin.com/in/ACoAAABdSIYBInjvknVVogE2yPSEg_hDZA52Yfo,,…
Lynda Devine,"Senior Director, Chemical Manufacturing",Director,0,ADC Therapeutics,8297253,https://www.linkedin.com/in/ACoAAA_q13kBOZqXgH6fjwDNGa1QtbkJLtZWsl0,,"Senior Director, Chemical Manufacturing"
Kirk Hayenga,Head of Manufacturing Technical Operations,Director,9,ADC Therapeutics,8297253,https://www.linkedin.com/in/ACoAAAGI5LYB_WEbFPzgtwEyJX30UzmvH_o1hUM,,ADC Therapeutics
Payam Farahani,"Sr. Director, Development and Manufacturing",Director,2,ADC Therapeutics,8297253,https://www.linkedin.com/in/ACoAABoa_6kBu0fY0gWsmqOFi7rQWzxOHGCvca0,,CMC & Technical Operations Leader | ADC + Biologics Manufacturing | External Manufacturing | IND→BLA Strategy | CDMO Gov
Alyson Naughton,Head of Supply Chain Operations,Director,5,ADC Therapeutics,8297253,https://www.linkedin.com/in/ACoAAACCD5kBulrsDE07cmzpHd_BdcZfzPYIHZI,,Head of Supply Chain Operations at ADC Therapeutics
Kirk Hayenga,Head of Mfg Tech Operations,Director,0,ADC Therapeutics,8297253,https://www.linkedin.com/in/ACoAAEUYjUEBn2CRWAF_TuSQjzc2iB_-6KGUBHo,,Head of Mfg Tech Operations at ADC Therapeutics
Lekha Gupta,Director of Chemical Manufacturing,Director,0,ADC Therapeutics,8297253,https://www.linkedin.com/in/ACoAAAkkzfABElNEuexhw07gl1CTHL1SVvmeuzc,,Ph.D. Organic Chemist | Oligonucleotide & API Process Expert | Technical Leader in Drug Development & Purification | ISO
Masanori KUROGOME,"President and Representative Director, and Site Head, Kawagoe",Vice President,0,Adragos Pharma,68553372,https://www.linkedin.com/in/ACoAACq1rv4BIKmDy-ethN0fCHklLOMeP_s8zUc,,"Adragos Pharma, President and Representative Director, and Site Head, Kawagoe"
Morgan Fridez,Deputy head of production,Director,3,Adragos Pharma,68553372,https://www.linkedin.com/in/ACoAAA8nXc4Bbvn7s7WQsQ9YS4cETRUQyCk5k2U,,Pharmaceutical production
Benjamin DELIS,Production director,Director,0,Adragos Pharma,68553372,https://www.linkedin.com/in/ACoAABP8PoIBWvK58BjZpm0ccxYk9_3Y4C9eq1g,,Head of production
Guillaume Mollandin,Head of Engineering and MSAT,Director,1,Adragos Pharma,68553372,https://www.linkedin.com/in/ACoAAAMn8b0BWE2nZSPaCmni6sweGk9P3e_7vQE,,Head of Engineering and MSAT
Gareth Williams,General Manager,Director,11,Akarana Timbers,,https://www.linkedin.com/in/ACoAAB1oq7MB8uEvbWvDlJkNSGbStGaQCO8zwm8,,General Manager at Akarana Timbers
Robert Reames,"Vice President, Global Technical Operations",Vice President,5,Aldevron (Danaher) Halle/Saale,151339,https://www.linkedin.com/in/ACoAAC1TgzwBhpNmt4VouNIpZXz2Ss_pbU4CE24,,"VP, Global Technical Operations"
Luke Kroger,Vice President of Manufacturing,Vice President,2,Aldevron (Danaher) Halle/Saale,151339,https://www.linkedin.com/in/ACoAABSs8t8BtONFI6KmPlk2bFB4Fk8ZmgzhOJY,,"Vice President, Manufacturing at Aldevron"
Philip Pummill,Director of Technical Operations - Protein,Director,3,Aldevron (Danaher) Halle/Saale,151339,https://www.linkedin.com/in/ACoAAAeUys8B9UmzzFZ5rscpuhFbjXG0PF0RvuE,,Director of Technical Operations - Protein at Aldevron
Sabrina Houle,Director Research Grade Manufacturing,Director,3,Aldevron (Danaher) Halle/Saale,151339,https://www.linkedin.com/in/ACoAACEoRg4BxIpASfQl2PiZnA8ofNcAhMmRfZo,,Director of Research Grade Manufacturing
Kate  Thomason,APPalachian Orientation Leadership Corps Director,Director,1,Appalachian State University,16838,https://www.linkedin.com/in/ACoAADk3VOsBxjVjL-c8UYXwkxEib7LAzEaTVJE,,Student at Appalachian State University
"Adeline Espinasse, Ph.D.",Manufacturing and Process Development Associate Director,Director,0,Axolabs,8087075,https://www.linkedin.com/in/ACoAAALq_ioBQRGStrK2LeDDuw2MHyj0WNPasrE,,"Therapeutic Manufacturing Associate Director at Axolabs, LGC"
Toralf Hoenicke,Head of Engineering & Maintenance,Director,1,Axolabs,8087075,https://www.linkedin.com/in/ACoAACXowrsBRRy-BpT_qJtr3DJfrhMdohqoaYg,,Production Manager at Prysmian Group
Lukas Perkams,Associate Director,Director,0,Axolabs,8087075,https://www.linkedin.com/in/ACoAACLGwO0BBfYvX_jQNbTIiHBOvgT_BEgZp08,,Head of Chemical Research and Manufacturing Sciences  bei Axolabs GmbH
Ingo Röhl,Managing Director Operations,Director,5,Axolabs,8087075,https://www.linkedin.com/in/ACoAAAJkqoUB5s-wcvi0zPLAOs_zBk6wCqOcSIw,,Managing Director Analytics at Axolabs
Kai Aurich,Head of Engineering,Director,2,Axolabs,8087075,https://www.linkedin.com/in/ACoAADuMbWYBMsnean8X63mDyD2hU5g4_GCNXcY,,staatl. geprüfter Elektrotechniker
Kathleen J. Campau,Sr Director Operations & Site Lead,Director,1,Axolabs,8087075,https://www.linkedin.com/in/ACoAAAVBk1EBcg2jo44QbBP4ou5JRuEMupluR8U,,Sr Director Operations & Site Lead at LGC Axolabs - Nucleic Acid Therapeutics CMO
Pere P.,COO,CXO,3,Axplora,86461838,https://www.linkedin.com/in/ACoAAAEkUXMB1wXkakB7Jm51G2orggWaijxnUMA,,Technical Operations leader in Pharmaceutical Industry
"Chandrababu, Ph.D l PMP®",Deputy General Manager-API & CDMO,Director,3,Axplora,86461838,https://www.linkedin.com/in/ACoAAA1BXAABPPOHVcz58FafTyTqr0KTGp1W-z0,,"Lead (DGM) • API • Technology Development • Tech Transfer • Manufacturing for NPD, Gx & CDMO • Biocatalysis • PMP® • Six"
Bernard Béraud,Site Head,Director,0,Axplora,86461838,https://www.linkedin.com/in/ACoAAAtMznIBbmfuwdu1Z_5qypt_meRYT4khj7c,,Site Head
Paolo Perracino,Site Director,Director,3,Axplora,86461838,https://www.linkedin.com/in/ACoAAAK7dZkBjmCuNfaxjCKNECIZn9eutSRqlgI,,Site Director @ Axplora | MBA Executive Master
Paolo Niro,Engineering and Maintenance Director,Director,0,Axplora,86461838,https://www.linkedin.com/in/ACoAABuU2IwBU_jhxV33qVZJBWHWQZpVOc1Pf0Q,,Engineering and Maintenance Director at Axplora
Francois Houbart,Site lead,Director,0,Axplora,86461838,https://www.linkedin.com/in/ACoAAABZ9E4BhFsieZN8hxvbLY2SEnZEIU61Rso,,Global Life Sciences Executive / Drug products / Biotech / API / P&L responsibility / Change & Transition management
Melanie Derde,Head of Bioconjugation Operations,Director,2,Axplora,86461838,https://www.linkedin.com/in/ACoAAAjMKDYB2xZS83a8IdoF5OnE8o_MATlyumk,,Head of Bioconjugation Operations
Nathalie Foltran,Head of Procurement Operations - Directrice des Achats Operations,Director,3,Axplora,86461838,https://www.linkedin.com/in/ACoAAAg2J-EBX88SHvClegbVf2nkv-Yf8kAnfz4,,Head of Procurement #Axplora
Gregor Demel,Head of Production,Director,8,Axplora,86461838,https://www.linkedin.com/in/ACoAABTxXT8BM3A7xd73tB9LTLGWI9xYqq4jYjA,,Head of Production
"Guido Wuellner, PhD",Director Production Leverkusen,Director,3,Axplora,86461838,https://www.linkedin.com/in/ACoAAAYYWMYBt8UyBzRP5dsvsAEaRuPpNQQUv54,,Managing Director
Christian Räthel,Head of Engineering and Maintenance,Director,2,Axplora,86461838,https://www.linkedin.com/in/ACoAAB6QHrIBlM4zJOd_-O_IpZOSbwkHACJcG2A,,Head of Engineering and Maintenance
Matthias Herbst,Head of Production Planning,Director,0,Axplora,86461838,https://www.linkedin.com/in/ACoAAEWDsF4Ba32DMQQlO8z_tv_Kda9k-qBB1J0,,Head of Production Planning bei Axplora
Jin Seok Hur,General Manager and Global Platform Head for ADCs,Director,1,Axplora,86461838,https://www.linkedin.com/in/ACoAAAEq59cBq1RUIv_mZeb_13kV1ag3QBzVoEs,,GM and Global Platform Head for ADCs at Axplora
krk chowdary,Deputy General Manager Project,Director,5,Axplora,86461838,https://www.linkedin.com/in/ACoAABJHQwYBq38ubjuyb3rzZTufxC0ur2mXkck,,DGM- API Projects
Francois Beaudry,CDMO Engineering Director ,Director,1,Axplora,86461838,https://www.linkedin.com/in/ACoAABAAssoBhugb8E4GIwC0PB4aUvgU3xs4ERw,,"Project Director | Engineering Director | Technical Services Director | Pharmaceutical, Food, Chemical | Operation, Proj"
Philip McGeeney,Head of Business Operations,Director,0,Axplora,86461838,https://www.linkedin.com/in/ACoAAA1g0v8BFu7GtQERUuk9unTX5EhAkbA4m2c,,Trusted Customer Partner | Life science executive | Business transformation leader | Head of Business Operations @ Axplo
Dr. Tobias Latzkow,Geschäftsführer (COO),CXO,4,BA.Unternehmensgruppe,36470682,https://www.linkedin.com/in/ACoAAB7E1A0BQpWj6LVeYLN2o96vNndYKEGWfP0,,"COO & Geschäftsführer | Pharma- & Healthcare-Industrie | Operational Excellence, Transformation & profitables Wachstum"
Fritz K.,Bereichsleiter Operations / Head of Operations,Director,0,BA.Unternehmensgruppe,36470682,https://www.linkedin.com/in/ACoAACbvWo8BN-mfUK5yQ2NNirdFLDlmWlY3T8w,,Bereichsleiter Operations
Stanley Moore,COO,CXO,0,Bachem,73003,https://www.linkedin.com/in/ACoAAAhYmgwBDHDLTTJr_TzZcYWQpFzd5d9wlko,,COO at Bachem
Eliane Villani,"Head HR Business Partnering Europe / HRD to the COO, Quality & HR",CXO,1,Bachem,73003,https://www.linkedin.com/in/ACoAAAMXou0B-f8SulKRd17lY-ZJs3n_tAY8BOQ,,"Head HR Business Partnering Europe | HRD for Operations, Quality Functions & HR at Bachem | GRP, CCP | Passion for Total"
Upinder Singh,Vice President of Manufacturing,Vice President,2,Bachem,73003,https://www.linkedin.com/in/ACoAAAA5l5EB8yVcVG_zTXOlhWYy5aVF5hL-oFU,,Operations Executive
Manfred Link,Vice President Engineering,Vice President,0,Bachem,73003,https://www.linkedin.com/in/ACoAAAPKjVAB2KHeu1QKtGs6oP9Q-zrTWCoX5wA,,Vice President Engineering
Michaela Freiberger,Head Oligonucleotide Manufacturing ¦ VP Manufacturing,Vice President,2,Bachem,73003,https://www.linkedin.com/in/ACoAAAWR_ToBeH3PPJmC3Bu_tpJch_EwYa3zP_g,,VP Oligonucleotide Manufacturing
Sebastian Hartmann,Vice President Manufacturing,Vice President,3,Bachem,73003,https://www.linkedin.com/in/ACoAADSNb7sBDq82wC_CpXz5nwXR9sJGPb85R-M,,Vice President Manufacturing at BACHEM
Peter Seiz,VP Operational Engineering,Vice President,1,Bachem,73003,https://www.linkedin.com/in/ACoAABdP_BcBWGPpC8oeWLYRHBgLgHtUE-c0_8Q,,VP Operational Engineering bei Bachem
Simon Jermann,Vice President Manufacturing Large Scale,Vice President,3,Bachem,73003,https://www.linkedin.com/in/ACoAAAWP9DkBGCykcC6GRtCl0ZqXPdlLwqhsao8,,Vice President Manufacturing Large Scale bei BACHEM
Wei Wang,Vice President of Production,Vice President,5,Bachem,73003,https://www.linkedin.com/in/ACoAAAaaHKEBVZjWOOjJCGByrPcyz0BhrwVERco,,"Vice President of Production at Bachem Americas, Inc."
"Frank Dettner, PhD",Vice President Global Technical Operations,Vice President,0,Bachem,73003,https://www.linkedin.com/in/ACoAAC-8i6UB2dhXOH389n7bdNyOEHZcIZ7vkJs,,Vice President Global Technical Operations
Mark Meyer,Vice President Site Leader,Vice President,0,Bachem,73003,https://www.linkedin.com/in/ACoAAAGVZSEB8w3WUN4DICAnPMGQX4zk_l7rx-s,,Vice President Site Leader at Bachem
Mirjam ten Dam,Senior Director Business Process Engineering,Director,1,Bachem,73003,https://www.linkedin.com/in/ACoAAAAae9MBO1qNBivCH5TaMQ5tXz1c3GtqP1U,,Senior Director Business Process Engineering
Olivier Ruffiner,Director Engineering,Director,5,Bachem,73003,https://www.linkedin.com/in/ACoAAB9GEUcBJMon6c8nVlfYgGqbZ79z09x5NX8,,Senior Project Manager Engineering
Christoph Steiner,Director Manufacturing Support & Compliance,Director,1,Bachem,73003,https://www.linkedin.com/in/ACoAABJ3WAUBpTSr6_3I5NNjnup6nhs4GKDqD_4,,Director Manufacturing Support & Compliance
Chet Sodkomkum,Director of production,Director,28,Bachem,73003,https://www.linkedin.com/in/ACoAABABsxABTg3rQabN6vfdZuPbuZnKiAuBj4c,,Director of Production at Bachem Americas Inc
Dr. Mario Jauker,Director Oligo Production I,Director,3,Bachem,73003,https://www.linkedin.com/in/ACoAABeHMtgB3_LnLV78D2rNf4fq1nrVZULXKmk,,Director Oligo Production I @ Bachem
Kathrin Ullrich,Director Engineering,Director,2,Bachem,73003,https://www.linkedin.com/in/ACoAABchCXQBK85LiWIkWUddCAOZnE97n-lYr7w,,Director Engineering bei Bachem
Adrian Pritzius,Head of Site Development Sisslerfeld,Director,2,Bachem,73003,https://www.linkedin.com/in/ACoAABQr8DMBU0ChETph_6MxHyjPec6Zy55HSNg,,Head of Site Development Sisslerfeld
Thomas Baumann,Director Peptide Manufacturing,Director,2,Bachem,73003,https://www.linkedin.com/in/ACoAAChitIwBScLsEidlfQLuYaT-9wHtfCtUDEk,,Director Peptide Manufacturing bei Bachem
Andre Casagrande,Site Head Bubendorf,Director,0,Bachem,73003,https://www.linkedin.com/in/ACoAAABKqbgB_tYYs1mS0xOvF5tj79O9NclzyJE,,Site Head Bubendorf
Paul Long,"Senior Director, Production",Director,1,Bachem,73003,https://www.linkedin.com/in/ACoAAAE8ft8BKOXC5wO8JjVknSk-bGAeHfFjLHI,,"Sr Director, Manufacturing at Bachem Vista"
Marc Schmitt,Head of Controlling Operations,Director,0,Bachem,73003,https://www.linkedin.com/in/ACoAABWWgWQBf9zzuc5YaTDngR3m6w6M8U2DMzs,,Head of Controlling Operations at Bachem AG
Heiko Ehrich,Senior Director - Head of Site Development Engineering Sisslerfeld,Director,1,Bachem,73003,https://www.linkedin.com/in/ACoAAAPONz8BMSES8el0EMr5hwLgvDBit0oGKHE,,Head of Site Development Engineering Sisslerfeld
"Margaret Leung, PMP","Director - Head of Engineering, Southern California",Director,8,Bachem,73003,https://www.linkedin.com/in/ACoAAAmg-akBhQC5eg6FFhQslJzNJGno5p3H5bA,,"Head of Engineering, CQV, & Facilities at Lonza"
Mustaqim Syed,Senior Director Production,Director,0,Bachem,73003,https://www.linkedin.com/in/ACoAAAZvFH4BKew6OeXmFSF7SEZVaSXb7PqtboY,,Senior Director Production at Bachem
Thomas Giger,Director API Production,Director,6,Bachem,73003,https://www.linkedin.com/in/ACoAAAosVnUBdtKlKf2RNCjEI7DR4XOTHGQI3KQ,,Director API Production bei Bachem
Roger Wiesner,Director Facility Management,Director,2,Bachem,73003,https://www.linkedin.com/in/ACoAAB9URq4BeMDnJjlpWujpdw-fqLNKGc2mtw4,,Director Facility Management
Stefan Eissler,Head of Technical Operations BBU,Director,0,Bachem,73003,https://www.linkedin.com/in/ACoAAC8jGzkBJ1NdabAZ_A37MEQojYD6FgPHPcs,,Head of Technical Operations at BACHEM AG in Bubendorf: Transfer of Manufacturing Processes for Peptide‑Based APIs to La
Daniel Brodbeck,Head of Peptide Manufacturing Cluster II,Director,0,Bachem,73003,https://www.linkedin.com/in/ACoAADkr5dcBz8e8UYM4b5h18SnxxNggFVOD1Rs,,"Head of Peptide Manufacturing (Cluster Lead) | Cluster-Level Financial & Operational Ownership | GMP, Lean & Scalable Op"
Oliver R.,Director of Quality Engineering,Director,8,Bachem,73003,https://www.linkedin.com/in/ACoAAAGfZj4BKEneDdFTUvaJXrxzoeLiy80WEoY,,Director of Quality Engineering at Bachem
"Patel, Sanjay",Site Quality Head / Director Of Quality Assurance,Director,6,Bachem,73003,https://www.linkedin.com/in/ACoAAADkaaUBWZh94vNS8woWcGWaT2n0kxHvSbk,,Site Quality Head / Director Of Quality Assurance at Bachem
Benedikt Millies,Director Peptide Manufacturing,Director,0,Bachem,73003,https://www.linkedin.com/in/ACoAACd5hJgBHeq4srq6VPZ92x30zwAIAZmW504,,Director Peptide Manufacturing
Michael Meier,Director Engineering Operational Technology,Director,5,Bachem,73003,https://www.linkedin.com/in/ACoAABwCjG8BAW9jmNj96QyK_sm3y4eutTnmcmY,,Director Engineering Operational Technology bei Bachem
Daniel Pfeffer,Director Oligo Production,Director,2,Bachem,73003,https://www.linkedin.com/in/ACoAACukGUkB56sxJBQT3OrtO7EkrDhqsn7IDO0,,Director Oligo Production bei Bachem
Uta Corinna Stange,Head of Site Management Office - BSF,Director,1,Bachem,73003,https://www.linkedin.com/in/ACoAABqK7KQBmOk6ZJxEDJdZuBYxPgVR2Tw3aag,,Head of Site Management Office bei Bachem Sisslerfeld
Karin Wertz,Senior Director Manufacturing Coordination,Director,2,Bachem,73003,https://www.linkedin.com/in/ACoAAATyHugBf422XwDFOUfz1W1BRw8VUyp5MdM,,Drive for business success & positive impact on people | love innovation on life science & digital
John Nguyen,Quality Control Site Head / Director Of Quality Control,Director,4,Bachem,73003,https://www.linkedin.com/in/ACoAAB6GZY4BI8d9Eko0FgzbsqNGw2yDrOUnL6Q,,Quality Control Site Head / Director Of Quality Control
"Jae Hyun Park, Ph.D., MBA",Director of Production,Director,1,Bachem,73003,https://www.linkedin.com/in/ACoAAAYiLkEBcuSMuVhJtWeXMagG7BjJSIkb86E,,Leadership in Drug Discovery and Development
Sven Schwerdtfeger,Head PMO Strategic CAPEX Engineering,Director,1,Bachem,73003,https://www.linkedin.com/in/ACoAABeLesQBXdU7QMQKp-mWzLBnQp31Y0Nmh_Q,,Project Leader and Engineering Manager
Gavin Noble,Director of Production,Director,2,Bachem,73003,https://www.linkedin.com/in/ACoAABL618kBrRSaRvcjEW-2EsWCflaoa4ntswo,,Director of Production at Bachem UK
Patrick Scheidegger,Site QA Head,Director,1,Bachem,73003,https://www.linkedin.com/in/ACoAAA5t_FwBIVIjQj45VtpWXzc2znDah7-aEJY,,"Site QA Head, VP"
Volker Prior,Director API Production,Director,5,Bachem,73003,https://www.linkedin.com/in/ACoAAAD2eW0BR2FBQXvi20oIhd3hzDqz_CdL6Cg,,Director API Production bei BACHEM AG
Joachim Eigemeier,Global Head of Engineering,Director,0,Bachem,73003,https://www.linkedin.com/in/ACoAABHF2GIBjXsKdFcNeFkFCDBFsCOOO8Vp8oY,,Senior Corporate EHS Leader | Lean Sigma Black Belt | CAPEX Manager | Engineering Project Director
Nicole Schmid,Director QA Engineering,Director,1,Bachem,73003,https://www.linkedin.com/in/ACoAAE-TpgQBJXoAGlZuGXp_i5sdgk6UvFO5WwU,,"Director QA 
Spezialist Systemqualifizierung/-validierung"
Kamyar Karimli,Director of Quality Engineering,Director,4,Bachem,73003,https://www.linkedin.com/in/ACoAACXzwwoBwyfQDlEDnaElLYhxve_PL_ccafM,,"Director, Quality Engineering and Validation at Bachem America’s, Inc."
Roman Erath,Head of Manufacturing - BSF (Bachem Sisslerfeld),Director,1,Bachem,73003,https://www.linkedin.com/in/ACoAAB-YencBAIQgjjWQcsWIx3GhJbgPi9G60w8,,...
Jelena Nesic,Quality Site Head,Director,1,Bachem,73003,https://www.linkedin.com/in/ACoAAAftprwBfw0tYIA8VLdxT_6XXlH_8ODly8A,,Quality Site Head Bachem SA
"Thomas Heel, Ph.D.",Technical Operations Director,Director,1,Bachem,73003,https://www.linkedin.com/in/ACoAABQRL2QBGMHtfNLP8ESBqLKCSnc2fhe7TJc,,Seasoned Leader | Biotechnology | Technical Operations | Process Development | Start-up
Rene Boros,Director Engineering,Director,2,Bachem AG,65209264,https://www.linkedin.com/in/ACoAAAnD__0Bz7tW5Pxu64_VXfK7HDCEB29yIOE,,Director Engineering at Bachem AG
Michael Sirotovitch,COO Intl,CXO,25,Berlin-Chemie Bernburg site,46085,https://www.linkedin.com/in/ACoAAADWmtcBsVPg1RZk1HekbkDw2Ex1M6AAmUQ,,"COO, Head of Intl Division at Berlin-Chemie AG"
Eszter Dobos,Head of Business Intelligence and Strategic Operations,Director,4,Berlin-Chemie Bernburg site,46085,https://www.linkedin.com/in/ACoAABLW6w8BYGFHczvKcTHVJlZxeOdfnaXJZIM,,Head of Business Intelligence and Strategic Operations at BERLIN-CHEMIE Menarini
Simon Müller,Head of Business Operations,Director,0,Berlin-Chemie Bernburg site,46085,https://www.linkedin.com/in/ACoAAERDQj4BT5dsSk_6ZuIqNfE4wwY7SskMBj8,,Head of Business Operations bei BERLIN-CHEMIE Menarini
Magdalene Schade,Head of Production Planning,Director,5,Berlin-Chemie Bernburg site,46085,https://www.linkedin.com/in/ACoAAEyj3VwBMNxOSZDs7ZuCsP9akUEMVmC37H8,,--
Ines Höfig,Head of Vector Manufacturing,Director,6,BioNTech IMFS,5371448,https://www.linkedin.com/in/ACoAAB91ercBXNaJPDUsxGLvtLwNssXjgWwVe54,,Head of Vector and CGT Mfg @BioNTech IMFS
Jonathan Trauth,Head of QA Operations,Director,1,BioNTech IMFS,5371448,https://www.linkedin.com/in/ACoAADQdXrsBmf05kKMR8lixo_-TzSKUZOyO3Sw,,Head of QA Operations bei BioNTech IMFS
Iris Bigalke,"Head of Cell Therapy, Manufacturing",Director,6,BioNTech IMFS,5371448,https://www.linkedin.com/in/ACoAAAW8hfIBSl2mvFQrNiTBecGbpJ5v60dr1gM,,Head of Cell Therapy Manufacturing bei BioNTech IMFS
Sebastian Mohr,Head of Site Service & Engineering,Director,2,BioNTech IMFS,5371448,https://www.linkedin.com/in/ACoAABrT7h8BwsMdomUMo39oJEXkSrhcIwOQYtU,,Head of Site Service & Engineering
Amy Bergeron,Head of Technical Operations,Director,3,BioSpring GmbH,14793435,https://www.linkedin.com/in/ACoAAAG2WP0BotLYMdG2VREmrcLJCgAImJLeV5o,,Head of Technical Operations
Raoul Hennig,Head of Manufacturing Site / Bereichsleiter,Director,3,BioSpring GmbH,14793435,https://www.linkedin.com/in/ACoAABhFsD4B_Yw7BsEuNZc0xUAvHyx6nCGowPA,,Project lead therapeutic cGMP manufacturing
Sven Warhaut,Vice Head of Manufacturing,Director,3,BioSpring GmbH,14793435,https://www.linkedin.com/in/ACoAACBSjkABFOhJwUZEtIVxmqH2C9IFg32xUGE,,BioSpring GmbH
Patrick Seyfried,Senior Project Lead GMP and Large Scale Production of Oligonucleotides,Senior,8,BioSpring GmbH,14793435,https://www.linkedin.com/in/ACoAACRrgDABdANwWU3yToW_S1gmbUBtVCJezZ8,,Senior Project Lead GMP and Large Scale Production of Oligonucleotides
Dr. Thomas Eisele,Chief Operations Officer,CXO,2,Biosynth,9444277,https://www.linkedin.com/in/ACoAAABL7rcB2mB8oKSoH_4IIeNnfryMaz9RgU0,,Chief Operations Officer Biosynth Group
Rosendo Estrada,Vice President Operations,Vice President,5,Biosynth,9444277,https://www.linkedin.com/in/ACoAAAOUrzgBf2v26NanzdpNwgmxHOVWP-suJks,,Vice President Operations at Biosynth
Jannis Kuepper,General Manager,Director,6,Biosynth,9444277,https://www.linkedin.com/in/ACoAAAm9iiMBiIxDszHLh3_L9L_W-vQYFktIHuQ,,General Manager and Head of Sustainability at Biosynth
Dr. Paul Philip Lange,General Manager & Head of Supply Chain Managment,Director,2,Biosynth,9444277,https://www.linkedin.com/in/ACoAAASwj48BubYfGL8YJ6dogR6WtHg1f1GKP3E,,"General Manager, Chemicals Division"
"Maria Ufret, PhD, PMP","Director, Downstream Operations",Director,5,Biosynth,9444277,https://www.linkedin.com/in/ACoAAAEdKasBUppvT1wmUh_FWWm8XfH3ELuAk0I,,"Director, Downstream Operations at vivitide"
Christian Wiegand,Deputy Head of Production,Director,5,Biosynth,9444277,https://www.linkedin.com/in/ACoAAAy3GqUBjYZ6wZ8AF7Wm4Ivfz-AQ4WNQnwY,,Deputy Production Manager bei Biosynth
Dr. Huiji Zhu,Head Of Production,Director,9,Biosynth,9444277,https://www.linkedin.com/in/ACoAABaiuYQBIy6c3ODDSFNSTUHfIwJUx0AYLu8,,Head Of Production
Frank Leenders,General Manager,Director,2,Biosynth,9444277,https://www.linkedin.com/in/ACoAABGuEkcBnt46UAohpdz2EuJJe6Z7ypGBB5I,,"General Manager Biosynth, Berlin"
Daniela Reinisch,Head of Manufacturing Science & Technology,Director,5,Boehringer Ingelheim,3235,https://www.linkedin.com/in/ACoAABhJsWMBLXpS2x5JBjaqaW10lklcmf7zrmk,,Head of Manufacturing Science & Technology Cell Culture at Boehringer Ingelheim
Heiko Meents,Head Of Downstream Manufacturing,Director,9,Boehringer Ingelheim,3235,https://www.linkedin.com/in/ACoAAACOW0QBssrp4WxTFkfTJjjmlgbjne5OOGU,,Head Of Downstream Manufacturing
Hannes Schmidinger,Head Unit Process Engineering Cell Culture,Director,8,Boehringer Ingelheim,3235,https://www.linkedin.com/in/ACoAAAJdSKsBiQAFHF3ujZx1RGecQVQMHhp4Td8,,Head Unit Process Engineering Cell Culture
Silvia Kainer,Head of Engineering and Technology,Director,3,Boehringer Ingelheim,3235,https://www.linkedin.com/in/ACoAAAVmaU8BCCRexNcy_d6-64wMyOr_AvyIrfA,,Head of Engineering and Technology Biopharma Austria
Tudor Moiceanu,Deputy Head of Unit Production,Director,2,Boehringer Ingelheim,3235,https://www.linkedin.com/in/ACoAACDTCSUB-jixBHfYa5ybR9dA4QVbmPGSzpw,,Deputy Head of Unit Production at Boehringer Ingelheim 
Hannes Hofer,Director Manufacturing Science and Technology,Director,14,Boehringer Ingelheim,3235,https://www.linkedin.com/in/ACoAAAAR_egBoI-GTFoHUSLE19dzyJPfcGtM7Rw,,Director Manufacturing Science and Technology at Boehringer Ingelheim
Michael Haunschmid,Deputy Head of Unit Production,Director,4,Boehringer Ingelheim,3235,https://www.linkedin.com/in/ACoAAC7YFnYBFmrcFGytH-tkMLANjVPrSIA1Uco,,Deputy Head of Unit Production bei Boehringer Ingelheim
Bernhard Hilmar,"Head Of Unit, Site Quality QC Lab Systems",Director,7,Boehringer Ingelheim,3235,https://www.linkedin.com/in/ACoAAB2YHj8BS7jzltzSEvAHthCublcuCNzQR0U,,Head Of Unit bei Boehringer Ingelheim
Raoul Friedberg,Head of Unit Production,Director,1,Boehringer Ingelheim,3235,https://www.linkedin.com/in/ACoAACwyl4AB2D9ip0k1IEvn_It86rg4chYEqWY,,Head of Unit Production at Boehringer Ingelheim
Panagiota Makri,"Head of Team Site Quality Microbiology, Biopharma Quality Austria",Director,3,Boehringer Ingelheim,3235,https://www.linkedin.com/in/ACoAABMaL4UBdG6kcy6MzmgcWPXmILA6_RBMr0o,,"Head of Site Quality Microbiology, Biopharma Quality Austria, Boehringer Ingelheim RCV"
Goran Vuk Grujicic,Deputy Head of Unit Production,Director,2,Boehringer Ingelheim,3235,https://www.linkedin.com/in/ACoAACpyG0sBHOdN2LQsxKXKZcnZYh429tVUNZY,,Deputy Head of Unit Production | Boehringer Ingelheim | 🟢 Biopharma manufacturing | Downstream processing | Compliance |
Clemens Heissenberger,Head of Unit Plant Engineering Microbials,Director,3,Boehringer Ingelheim,3235,https://www.linkedin.com/in/ACoAAC9C-wEBfkwfXr6iOdUHZFjPkmMmt96aEVQ,,Head of Unit Plant Engineering Microbials - Boehringer Ingelheim RCV
Oskar Boeck,Head Facility Engineering & Utilities,Director,5,Boehringer Ingelheim,3235,https://www.linkedin.com/in/ACoAAAI5iegBnognRPRTWMiaHlFQMuWPp4kU-UM,,Head Facility Engineering & Utilities at Boehringer Ingelheim
Harry Quendler,Head of Unit Production (Downstream),Director,7,Boehringer Ingelheim,3235,https://www.linkedin.com/in/ACoAAANGOWYBz2hFeMc9BFw0UWYH1TxmmOSCF50,,Head of Unit Production (Downstream) at Boehringer Ingelheim
Peter Kaluscha,Head of Unit Quality Operations,Director,5,Boehringer Ingelheim,3235,https://www.linkedin.com/in/ACoAABN8uB4BbDzQoG0r57Spp9F7yIaaEUlI29M,,"Head of QA in Operations at Boehringer Ingelheim | Leadership, Empowerment and Mentorship 🟢 Life forward - Develop your "
Frank Hamhuis,Director Operations | Deputy VP BU Specialities,Vice President,0,CARBOGEN AMCIS,140405,https://www.linkedin.com/in/ACoAAAUVK4gB-4PqnZ9xRiinFJzDTcFtj0OwaBo,,Director Operations CARBOGEN AMCIS BV
Heilam Wong (Harry),General Manager,Director,3,CARBOGEN AMCIS,140405,https://www.linkedin.com/in/ACoAAAKOGLsBpYj4iPSsq0XunfgYHK5wXJHFHJU,,"General Manager, CARBOGEN AMCIS Shanghai"
Julie Pagenaud,Director of Pharmaceutical Operations,Director,3,CARBOGEN AMCIS,140405,https://www.linkedin.com/in/ACoAAAKO8J4ByyqwFZ_Sb1zrvR5kDadlcG6Tedw,,Head of Pharmaceutical  Operations
James Tomlinson,Site Lead/Country Manager for the UK,Director,2,CARBOGEN AMCIS,140405,https://www.linkedin.com/in/ACoAAA-iBcYBmXDjAVwmKMnr3--vIc5rBOETQEI,,Site Lead/Country UK Manager
Damien Bray MIET,Head of Engineering,Director,3,CARBOGEN AMCIS,140405,https://www.linkedin.com/in/ACoAADpAbvIBeOlt_wcsA9LTVQIWHIVFYCvDZKA,,head of engineering at carbogen amcis
Mohan Murthy,Head of Manufacturing Compliance ,Director,0,CARBOGEN AMCIS,140405,https://www.linkedin.com/in/ACoAAD2JLxoBaIvSIqtwW51J13mZz-Jq5C7mwdU,,Head of Manufacturing Compliance(QA)  at CARBOGEN AMCIS
Carl Baker,Site Director,Director,5,CARBOGEN AMCIS,140405,https://www.linkedin.com/in/ACoAAAKt5uMBxYOBOtEWhk1ta2VKTHYWun_PPLE,,Vice President Drug Substance
Barbara Carl,Head of Production,Director,1,CARBOGEN AMCIS,140405,https://www.linkedin.com/in/ACoAABRoFNAB5uUtNAzeS8U7qM46qsW6x7mNpl0,,Manager Production bei CARBOGEN AMCIS
Robert Rhodes,Director Operations,Director,11,CARBOGEN AMCIS,140405,https://www.linkedin.com/in/ACoAAAHVjhsBFNtD26xD4nFZPVMnn3MNit1d-Nk,,Director Operations Carbogen Amcis Limited
Jessica Huang,Head of M&A; Site SAP Project Lead,Director,3,CARBOGEN AMCIS,140405,https://www.linkedin.com/in/ACoAACYY1FgB_Vv1-RQTMvtzfRip1NqM8SFw6rE,,"Head of M&A, Site SAP Project Lead"
Patrick Gay,Manager PR&D & Vionnaz site lead,Director,4,CARBOGEN AMCIS,140405,https://www.linkedin.com/in/ACoAAAFi_H8B-oEOyav33NUZ95IrjL7vbjTzdrE,,Manager PR&D & Vionnaz site Manager chez CARBOGEN AMCIS
Arne Schmitz,Director Manufacturing Drug Substance,Director,1,CARBOGEN AMCIS,140405,https://www.linkedin.com/in/ACoAAFKWca0B1eTDNRX2z6gFux7-fiVwyy6_Mu8,,Director Manufacturing Drug Substance bei CARBOGEN AMCIS
Stefan Arts,General Manager and Vice President Specialties,Vice President,0,CARBOGEN-AMCIS BV,,https://www.linkedin.com/in/ACoAAAg6IhoB8G4dY68GK_yFyAAJG3eUByNZEwA,,General Manager at CARBOGEN-AMCIS BV
Anja Paschold,Director Cell Manufacturing Plant B,Director,2,Cellex Cell Professionals,13073361,https://www.linkedin.com/in/ACoAABNtqmMBoMcMZl70vAvqv_027S1_zEMbSj0,,Senior Director Cell Manufacturing Plant
Jessica Malcev,Head of Manufacturing,Director,2,Cellex Cell Professionals,13073361,https://www.linkedin.com/in/ACoAAC5QqMgBeB9vVUvfANa2H3BmLBZ4FQVOEho,,Biomedical Scientist
Maximilian Henze,Head of Manufacturing,Director,6,Cellex Cell Professionals,13073361,https://www.linkedin.com/in/ACoAADSQvTQBMENcfHfuUiewHU7gUpu05gRqan4,,Production Planner & Head of Manufacturing bei Cellex Manufacturing Transports and Logistics GmbH
Mira Gregor,Senior Specialist/ Head of Manufacturing & Operations Progamm Manager,Director,5,Cellex Cell Professionals,13073361,https://www.linkedin.com/in/ACoAAEeEClsBR-B301VfMTKE-kUOGVBJ7AIhuuU,,--
Margaux Berg,Head of Manufacturing,Director,0,Cellex Cell Professionals,13073361,https://www.linkedin.com/in/ACoAADDkMxwB8f75zIdKrF3cPVHjK4JS1rQ5DBQ,,licensed pharmacist / quality in healthcare
Jani Åman,Head of Manufacturing,Director,1,Cellex Cell Professionals,13073361,https://www.linkedin.com/in/ACoAAC-1y6wBUuAUoq5NiS4vGQdE79Es5S24iEQ,,"Head of Manufacturing, Cellex Cell Professionals | Master of Science"
Lukas Letmathe,Head of Manufacturing,Director,4,Cellex Cell Professionals,13073361,https://www.linkedin.com/in/ACoAADQezqcBPBh7dc1_GHjLiIefjCDyrVftpS4,,Manufacturing of CAR-T Cells
"Mona Tabel, PhD",Head of Manufacturing,Director,2,Cellex Cell Professionals,13073361,https://www.linkedin.com/in/ACoAADKvNwwBeVT9if4FKZX2KkEvdgWZ5frmhok,,Head of manufacturing
Sharmilla R.,Senior specialist manufacturing / Head of Manufacturing,Director,6,Cellex Cell Professionals,13073361,https://www.linkedin.com/in/ACoAADLnHycBB_QfbSBpZwXVoL-bJayrU92djQo,,Senior Specialist & Head of  CAR-T Manufacturing bei Cellex Cell Professionals
Dr. Anna-Lene Kiffe-Delf,Head of Manufacturing,Director,1,Cellex Cell Professionals,13073361,https://www.linkedin.com/in/ACoAAC5pZdEBfHynVXOibFS3WesOZ7q6pBfeBag,,Process Lead
Ruth Murphy,Director Strategic Manufacturing Solutions,Director,0,Celonic Group,560173,https://www.linkedin.com/in/ACoAAB_NTnQBtqGZ7bNqFhAi1mAV27aA-ZQ5tOM,,Director Strategic Manufacturing Solutions
Dominik Esser,Senior Director/ Head of Manufacturing,Director,0,Celonic Group,560173,https://www.linkedin.com/in/ACoAACS53jMBqaJ_82Oz7oXK1YuzX2q7_1CWFCk,,Biopharma Professional/Senior Director
Francesca  Scarpitta,Production Director,Director,4,Cerbios-Pharma SA,307119,https://www.linkedin.com/in/ACoAAARGGnQBPI_Dyf_ic3lazN2xHnYVjssA1Ds,,Production Director at Cerbios-Pharma SA
Anabeth Tomalis,Swim Instructor,Entry Level,2,Chapel Hill Student,8062318,https://www.linkedin.com/in/ACoAAE5qaYQB20jXHseR-ifg7fTLgMKODPEXvGg,,University of North Carolina at Chapel Hill Student | Double Major in Business and Sports Administration | Minor in Span
Laurent Claisse,President & CEO,CXO,1,Clean Biologics,51121962,https://www.linkedin.com/in/ACoAAAIzky8BmdGpsCaCgo5o0bCoGzpt7kuOuaM,,President & CEO at Clean Biologics
Vu Trung Kien,General Manager,Director,16,Climate Change Resilience Centre,,https://www.linkedin.com/in/ACoAABENoEwB8xmy4AWkSEAueddECQFpClpmPk0,,General Manager at Climate Change Resilience Centre
Egor Y.,"Co-Founder, CTO",CXO,2,Cloud Zeta,,https://www.linkedin.com/in/ACoAAAgMqOkBRf5R8NHNra6JfcHhDD0wiK8UqJ4,,"Co-Founder at Cloud Zeta, Founder at Diligent Graphics | previously: Magic Leap, Google, Microsoft, Intel"
Giulietta Roël,Executive Director Manufacturing,Director,2,CO.DON / Tetec / B. Braun cell therapy,17921992,https://www.linkedin.com/in/ACoAABsgX2sBTAso0D5AoV_WMlG0iPqm40DBdAw,,Executive Director Manufacturing - CO.DON GmbH
Sven Hauptmann,Chief Operations Officer Drug Product,CXO,1,Corden Pharma - A Full-Service CDMO,1331758,https://www.linkedin.com/in/ACoAAAFdtxEB2grIRq-0vM8o5x7jgjC6QiTBSQM,,Experienced Technical Operations Leader passionate about bringing great people together and delivering great results.
Ana Calado,Technical Operations Director,Director,0,Corden Pharma - A Full-Service CDMO,1331758,https://www.linkedin.com/in/ACoAAAkpAEUBJqwuaZGXk5rB-RuhttcZczBBkeI,,"Production Director, Technical Operations Director, PMO, Quality Manager, R&D and Regulatory Affairs Manager"
Dr Oliver Schinzinger,Head of Pharmaceutical Development,Director,9,Corden Pharma - A Full-Service CDMO,1331758,https://www.linkedin.com/in/ACoAAAl7vCsBiyq-S2aX87jh3sKktcVKatPoHQo,,Head of Pharmaceutical Development
Brian McCudden,Global Head of Peptide Operations,Director,2,Corden Pharma - A Full-Service CDMO,1331758,https://www.linkedin.com/in/ACoAAAHlYiIBLL2RPL5HcDxU4Uv38g5hK3ZBU1k,,Global Head of Peptide Operations
Martin Hagen,Head of Manufacturing and Operations,Director,6,Corden Pharma - A Full-Service CDMO,1331758,https://www.linkedin.com/in/ACoAABFn7AkBcuGMgfOn5hISs_ZRX70lgQ1KOuI,,Head of Manufacturing and Operations bei Corden Pharma - A Full-Service CDMO
Kim Geib,Head of Engineering,Director,2,Corden Pharma - A Full-Service CDMO,1331758,https://www.linkedin.com/in/ACoAAERXg_gBDu8HeGjsmmUC4xwb-NlVBNa2qD4,,"Head of Engineering & Deputy Head of Tech Ops
 bei Corden Pharma - A Full-Service CDMO"
Michael Graf,Head of Engineering & Maintenance,Director,2,Corden Pharma - A Full-Service CDMO,1331758,https://www.linkedin.com/in/ACoAADRPz64B6hIRUjB4kN5lrOnAJklK9o68gvc,,Engineering & Maintenance (@Life Science)
"Christian Kleemann, MBA",Head of Technical Operations,Director,1,Corden Pharma - A Full-Service CDMO,1331758,https://www.linkedin.com/in/ACoAADJwha4BbO20agCmCZf-1nCrRxU36fq7rQc,,Experienced Plant & Project Manager
Torben Christof,Teamlead and Deputy Head of Manufacturing Formulation Development,Director,3,Corden Pharma - A Full-Service CDMO,1331758,https://www.linkedin.com/in/ACoAACKrSUsBhfKCI12rCI1fEcOMOIVyn4UDBqM,,Teamlead and Deputy Head of manufacturing Formulation Development bei Corden Pharma
Dr. Tobias Schönberg,"Head of Site Quality and Compliance, Qualified Person",Director,2,Corden Pharma - A Full-Service CDMO,1331758,https://www.linkedin.com/in/ACoAAD9VvmUBhd65eNNRCTg_L5lrBUEzkfca-z8,,"Head of Site Quality and Compliance, Qualified Person"
Sabine Frutiger,Head of Production,Director,0,Corden Pharma - A Full-Service CDMO,1331758,https://www.linkedin.com/in/ACoAAA4MzJUB6BNjerYoEmsDgoJyeye3vyVfXQc,,Head of Production
Joel Vannieuwenhove,Head of Operations,Director,3,Corden Pharma - A Full-Service CDMO,1331758,https://www.linkedin.com/in/ACoAAB10jTsB9DIn0tPGeSlj44VqqiaHAplMpy0,,Head of Operations
Charles Tucker,"Director, Manufacturing, Science & Technology",Director,10,Corden Pharma - A Full-Service CDMO,1331758,https://www.linkedin.com/in/ACoAAAEyVZUBodJGhqF7H49wgLYt6t19k3OvWag,,"Director, Development at Corden Pharma Colorado"
Theresa J. Heimes,Head of Manufacturing Formulation Development,Director,4,Corden Pharma - A Full-Service CDMO,1331758,https://www.linkedin.com/in/ACoAACRg0k0BmDmckUbpvtdM4ew4dIjhecu74V8,,Head of Manufacturing Formulation Development
Onur Ceylan,Deputy Head of Veterinary Production,Director,4,Corden Pharma - A Full-Service CDMO,1331758,https://www.linkedin.com/in/ACoAACC2uXsB30H9-nrWoG_7S37LRhr7c4dJFls,,"Innovation leben, Qualität sichern, Gesundheit gestalten."
Serra Gürcan,"Associate Platform Director, Lipid & Nanomedicine Manufacturing Services, including LNPs.",Director,1,Corden Pharma - A Full-Service CDMO,1331758,https://www.linkedin.com/in/ACoAAC02kVEBW558WtMHtO0pY0urrv3QFYyxsL4,,"PhD, Advancing mRNA delivery by LNP development & manufacturing, and lipid scale-up & manufacturing CDMO services"
Nicolas Gobet,Head of Drug Product Manufacturing,Director,1,Corden Pharma - A Full-Service CDMO,1331758,https://www.linkedin.com/in/ACoAAAFaPigBjMhlM41X37URXuqAlGUhpzTNz5E,,Head of Drug Product Manufacturing
Patrick Wolff,Site Head CordenPharma Ettingen,Director,4,Corden Pharma - A Full-Service CDMO,1331758,https://www.linkedin.com/in/ACoAACBEugUBCF3Ubce_XDJ8ZYP_12FK3rqWt5k,,Site Head CordenPharma Ettingen
Karsten Meyenberg,Site Head - Frankfurt,Director,4,Corden Pharma - A Full-Service CDMO,1331758,https://www.linkedin.com/in/ACoAAAjMhZsBoiOy-aZ_UYu_6nImRoeDRlEP_cI,,Site Head - Frankfurt | MD | Driving Innovation and Excellence in API Manufacturing
"Jonathan Dreiling, MSc",Head of Technical Operations,Director,0,Corden Pharma - A Full-Service CDMO,1331758,https://www.linkedin.com/in/ACoAABLfco0BvDV5seqUGRpCqm8H4pBnI7ZPrWw,,Head of Technical Operations Corden Pharma - A Full-Service CDMO
Christoph Blümer,"Head QM Bulk Manufacturing, Qualified Person",Director,5,Corden Pharma - A Full-Service CDMO,1331758,https://www.linkedin.com/in/ACoAAAFQCEgBsVMJdpird-tN8NECvzDAKJXek28,,"Head Quality Management Bulk Manufacturing, Qualified Person bei Corden Pharma - A Full-Service CDMO"
Andreas Schönhals,Head of Manufacturing (LdH) CTD 4 Formulation Development,Director,3,Corden Pharma - A Full-Service CDMO,1331758,https://www.linkedin.com/in/ACoAAFR2CjoBuemrA4Z8BBGN_xcNi45m6hPnqQs,,Head of Manufacturing (LdH) Formulation Development bei Corden Pharma - A Full-Service CDMO
Nathalie Kolb,Head of Quality & Compliance | Site Quality Head,Director,1,Corden Pharma - A Full-Service CDMO,1331758,https://www.linkedin.com/in/ACoAAEDXIuwBtSXlIrT45oMSCY4IQhMaphZpBxU,,Head of Quality & Compliance | Site Quality Head
Mario Kleinschmidt,"Associate Director, Operational Excellence Site Lead",Director,3,Corden Pharma - A Full-Service CDMO,1331758,https://www.linkedin.com/in/ACoAAA1dUV0BBUmQPJZYgxMmyjV-SNGsl0OCwLw,,"Operational Excellence Manager (LEAN Six Sigma, Process Optimization); QA Manager (Pharma, Medical Device), cGMP Complia"
Massimo Fiori,Quality Operations Director,Director,0,Corden Pharma - A Full-Service CDMO,1331758,https://www.linkedin.com/in/ACoAAAL7cJIBV8woVWbkXNT7eYWDK3PCzNxB8AU,,Quality Operations Director
Fabio Loguercio,Technical & Operations Director,Director,6,Corden Pharma - A Full-Service CDMO,1331758,https://www.linkedin.com/in/ACoAAAAiMHMBas-UYNEpq1CaWBy7e8-kwOvxcSs,,Site Director  Pharmaceutical Company
Iris M. Ziegler,Director Pharmaceutical Sciences and QbD,Director,9,Corden Pharma GmbH,,https://www.linkedin.com/in/ACoAAAIYF50BCm4e5YRJjmAmgqCctKgp7AAKd4Y,,"Director Development, Business Development & Production at Corden Pharma GmbH"
Jack Roh,General Manager,Director,0,Coriolis Pharma,1289842,https://www.linkedin.com/in/ACoAAC6oBFIB0NHF_NbcPM7QJTTG9GDwnPu9Bps,,Coriolis Pharma General Manager
Michaela Breitsamer,Head of US Operations and Site Development,Director,0,Coriolis Pharma,1289842,https://www.linkedin.com/in/ACoAACorsnwBINgINtcCz5WAA1RB4plAINtIeRs,,Head of US Operations and Site Development bei Coriolis Pharma
Kevin Huang,General Manager of China VFK,Director,2,CSL Vifor,263528,https://www.linkedin.com/in/ACoAAAvQT-UB941HJXumh4sh3aKh_C5DebqSuYU,,"General Manager of China VFK, CSL Vifor"
Timur Ladygin,General Manager,Director,6,CSL Vifor,263528,https://www.linkedin.com/in/ACoAAAvSg5oB9xP3XyU_UAeNsC41VoadiIyle_Q,,Selling Excellence Ops Lead
Kate Nunn,Deputy Site Head & Facilities Lead Switzerland,Director,4,CSL Vifor,263528,https://www.linkedin.com/in/ACoAAAwETUIBRq_Gn8GZ2BcJeXP0NN8jGYbUpHk,,Site Head Glattbrugg  & Facilities Lead Switzerland at CSL Vifor
Steve Allan,General Manager,Director,1,CSL Vifor,263528,https://www.linkedin.com/in/ACoAAALaR_YB5WdCkCdOc5nDqzH4o56ThkCjQ2M,,"General Manager at CSL, UK & Ireland"
Sven Knapinski,Director Site Partnerships,Director,2,CSL Vifor,263528,https://www.linkedin.com/in/ACoAABFvy78BQ7629rVlUcik-VzVONdwrY_mDNs,,Director Site Partnerships at CSL Vifor
Burkhard Kriwet,Head of Pharmaceutical Development,Director,4,CSL Vifor,263528,https://www.linkedin.com/in/ACoAAAfUnNABnZVMgrzOKhPLyTD_SJhDCmGVKLM,,Head of Pharmaceutical Development at CSL Vifor
Davide De Ferrari,Head of Supply Operations and Services,Director,3,CSL Vifor,263528,https://www.linkedin.com/in/ACoAAAAxTFkBMJMCz5hifPGzrw5r4uadHZiwcss,,Head of Supply Operations and Services
Lucinda Struch,"HR Director, HRBP TechOps, HR Site Lead",Director,2,CSL Vifor,263528,https://www.linkedin.com/in/ACoAAAuo7fQBC66Pc3Ygq7_xHV5Bex9Zb6SZD5k,,"HR Director, HRBP TechOps, HR Site Lead"
"Charis Giannoulis, MBA",Head of International Market Operations,Director,4,CSL Vifor,263528,https://www.linkedin.com/in/ACoAAAGdP5ABQrCXx4-PSTq59Dv9RX5OFAVtrOg,,"Global Pharma Executive | Commercial Excellence & Transformation | Strategy, Ops & Analytics |   Innovation | Team Build"
Jorge Parodi,General Manager,Director,9,CSL Vifor,263528,https://www.linkedin.com/in/ACoAAAAbV5oB5_QxNyA513-WHabe_Ms7Vi7QAt0,,Former CEO of Vifor/OM Pharma Perú | Director ALAFARPE | Coach-Mentor | Investor
Theo Nieuwenhuis,General Manager Benelux at CSL Vifor,Director,3,CSL Vifor,263528,https://www.linkedin.com/in/ACoAAAA0dKoBi-2lZzS_y1z-G5LdPd2E8-wF4XY,,General Manager Benelux at CSL Vifor
Ruth González Subils,General Manager Assistant,Director,7,CSL Vifor,263528,https://www.linkedin.com/in/ACoAABrg7IgB7lNLuPt3pLJFSadIwyAIBux3wiU,,Executive Assistant
Emilie Kwiatkowski,"Head of Customer Operations and Demand Management, Associate Director",Director,2,CSL Vifor,263528,https://www.linkedin.com/in/ACoAAA4lWeoBxeZx5DijK3LLQGZpQp-KZrh6GUI,,Supply Chain Enthusiast | Customer-Centric Operations | Global Reach
alain winling,Head Quality Operations Drug Products and External API’s,Director,1,CSL Vifor,263528,https://www.linkedin.com/in/ACoAACjz0hgBxpP9rs8NluNLlqtnRz-SMdisW5Y,,Head Quality Operations Drug Products and external API
Anastasia M.,Head QA Operations Manufacturing Science,Director,1,CSL Vifor,263528,https://www.linkedin.com/in/ACoAAAoWuzIBCo7rUP9g3MxZ7Az5bqwSy93KQ8k,,Head QA Operations Manufacturing Science
Manfred Treitz,Head Quality Operations Oral Products,Director,4,CSL Vifor,263528,https://www.linkedin.com/in/ACoAACNU4mIBoFosvHgh3c0ZD-pCon4kzP1wR_w,,Head Quality Operations Oral Products bei Vifor Pharma
Houman Mesghali,Co-Founder and COO,CXO,4,CTMC,81619341,https://www.linkedin.com/in/ACoAAAD1e50B73wcIhVht2kavOG3Tnv1MXwJf28,,Co-founder and COO at CTMC - A joint venture between Resilience and MD Anderson Cancer Center
Dr. Sandra C. Wullich,Strategy & Program Realization Manager (COO),CXO,1,CureVac,806783,https://www.linkedin.com/in/ACoAACyC1LwBYce6PfP8NEsyMNQOrt-saCbsWAM,,Strategy & Program Realization Manager (COO) | PhD Applied Microbiology/Biotechnology | IPMA® Level D
Olivier Jarry,Head of QA External Manufacturing/CMO,CXO,3,CureVac,806783,https://www.linkedin.com/in/ACoAAAKv7vgBZPNE2GiuE6r8R6GqtbKLxHtyO_g,,Head of QA External Manufacturing at Curevac
Lisa Müller,Executive Assistant to COO,CXO,1,CureVac,806783,https://www.linkedin.com/in/ACoAADEYoj4BnSyFgh_FKpJpNO2QWgec6_sf5as,,Project Coordinator at CureVac | M.Sc. in Molecular Nutrition Science
Lavinia Kästner,Project Manager Operations and Assistant to VP Technical Development,Vice President,2,CureVac,806783,https://www.linkedin.com/in/ACoAACZEGz8B5cbJyPyPpFFi4T7wDtUhB8lAwyU,,Project Manager
Dr. Yvonne Gebhardt,VP Manufacturing,Vice President,2,CureVac,806783,https://www.linkedin.com/in/ACoAAB7gtgkBqacdxcPjbTOvFb93Z22d4ry_8OA,,--
James Houston,Sr Director IT Infrastructure and Operations,Director,2,CureVac,806783,https://www.linkedin.com/in/ACoAAAEsZO4BejsRFd5z8BrzdNGU-74t4_PGQY8,,Information Technology Leader
Stefan Schaefer,Head of Engineering & Facility,Director,1,CureVac,806783,https://www.linkedin.com/in/ACoAAA9rA9kBdm-emGG8t9y7BfeP-DKz4U3Noh0,,Engineer with Business Administration
Ulrich Zerbini,Associate Director Asset & Facility Management,Director,3,CureVac,806783,https://www.linkedin.com/in/ACoAAAf162cBoWmw2o3qNHDlxo5XN67XIFyGA1s,,Projektmanagement
Andaluri Srikanth,Associate Director Supply Chain Operations,Director,2,CureVac,806783,https://www.linkedin.com/in/ACoAAAUzmwwBW9JsWRFRr1ScKgM6697RH-BMGqE,,"Leader in Supply Chain Management, CPIM"
Georg M Sambeth,Director Scalable Manufacturing,Director,1,CureVac,806783,https://www.linkedin.com/in/ACoAAC9j5jMBiPGTJrxMvCZjgPRrmSdkjCL4P7Y,,Director Scalable Manufacturing at CureVac
Marcus Cano,Head of Business Development Operations,Director,1,CureVac,806783,https://www.linkedin.com/in/ACoAAAJww1AB44CSmAPNoCnu60xVLgpcJ92qv_g,,Head of Business Development Operations @ CureVac | PMP
Nils Hamann,Senior Director Quality Manufacturing & QP,Director,1,CureVac,806783,https://www.linkedin.com/in/ACoAABc1Ge0BR-Zg5jxfHacurcyReACGjx6FpAg,,Senior Director Quality Manufacturing & Qualified Person (AMG §15.3 + 3a)
Dr. Marcell Wagner,Head of Production,Director,3,CureVac,806783,https://www.linkedin.com/in/ACoAAB-s0ugBCWBamCPmj14mrM0Wxu5XN_vmz28,,--
KESAVARAO TEKI,General Manager - Quality Control & Analytical Development,Director,8,DCAL,114863,https://www.linkedin.com/in/ACoAABqfQsIBNJ1qviLjdklb3u22ECZ818equc0,,General Manager - Quality Control & Analytical Development at DCAL
Marco Salvagni,Director of Operations,Director,11,Debiopharm,32979,https://www.linkedin.com/in/ACoAAAJm9A0BpmLpvtuCpbOQBoqL6bKYHaYFDxE,,Operations Executive Director
Sabine Brunel,Head of IP - Portfolio Strategy and Operations,Director,1,Debiopharm,32979,https://www.linkedin.com/in/ACoAAAB82qUB9aRWg-C9WvxWE3OqBANIBfo4N4Y,,Head of Intellectual Property - Portfolio Strategy & Operations
"Olivier COCHET, PhD",Head of Pharmaceutical Development,Director,3,Debiopharm,32979,https://www.linkedin.com/in/ACoAAAIG4uoBHnwUAufXOyJIeAabPPLO4nD9ZQ4,,Head of Pharmaceutical Development at Debiopharm International SA
Evgenia Delyagina,Head of Transparency & TMF Operations,Director,0,Debiopharm,32979,https://www.linkedin.com/in/ACoAAAN_FPkBEmC-I-GY56heQxIEIGGd4TdUTvM,,Experienced TMF (Trial Master File) professional
Anita Scott,Managing Director (COO),CXO,17,DFE Pharma,2266410,https://www.linkedin.com/in/ACoAAALc7ecBsZMRW-lhFnaQrqHCXtGD4Z7iEDQ,,Managing Director (COO) at DFE Pharma
Sendhil Saravanan Sankar,Site Director,Director,0,DFE Pharma,2266410,https://www.linkedin.com/in/ACoAAEFbb_YBSxXJXabap8DhoGpmZioJv4LlXms,,Site Director at DFE Pharma
Andries Koers,Manufacturing Director,Director,5,DFE Pharma,2266410,https://www.linkedin.com/in/ACoAAABi2xwBdPuqRgok6Y0yu3LmPHtWhwGLvkc,,Manufacturing Director at DFE Pharma
Selvaraj Venkatachalam,Site Director - Operations,Director,1,DFE Pharma,2266410,https://www.linkedin.com/in/ACoAAAVlwaoBqLCX8GhRunBjDxYVVFQcpdn1A_4,,Site Director | Operations | Project Management | Health & Sustainability
Sharon Shen,"General Manager,China",Director,9,DFE Pharma,,https://www.linkedin.com/in/ACoAABNVbd8BsV69QorxxY63FJYefU_-185UwuA,,General Manager at DFE Pharma
ABHISHEK KUMAR SINGH,Assistant General Manager,Director,5,DISHMAN CARBOGEN AMCIS Limited,114863,https://www.linkedin.com/in/ACoAABV-p_8BDyRcQgQ_Uz5nuGBmZp2XwR-NrLE,,"Assistant General Manager at DISHMAN CARBOGEN AMCIS Limited, Bavla - Ahmedabad"
Paresh Prajapati,Assistant General Manager-Maintainance,Director,28,Dishman Carbogen Amcis Limited,114863,https://www.linkedin.com/in/ACoAADIhuAwBRlJnUQ_1aWOO8ukbgqgoLiUlgqA,,Assisting General Manager at Dishman Carbogen Amcis Limited
Dr.Tejas Malavaniya,Deputy General Manager,Director,9,Dishman Carbogen Amcis Limited,27545883,https://www.linkedin.com/in/ACoAAAZSeZoBKvgTwNXZyJ2b1iLGJuIDHcNijD4,,Deputy General Manager at Dishman Carbogen Amcis Limited
Rakesh Khandelwal,Assistant General Manager,Director,0,Dishman Carbogen Amcis Ltd,114863,https://www.linkedin.com/in/ACoAAB3rY_IB8aeQIWmb119_oGGjb7ahBOSx_94,,Assistant General Manager at Dishman Carbogen Amcis Ltd
Kesavarao Teki,General Manager,Director,0,Dishman Carbogen Amcis Ltd,114863,https://www.linkedin.com/in/ACoAADxLMZEBCas7QTBPcvQ9Fw1tJ9kDw-hA7Fg,,General Manager at Dishman Carbogen Amcis Ltd
Rohit Mishra,Assistant General Manager,Director,0,Dishman Carbogen Amcis Ltd,114863,https://www.linkedin.com/in/ACoAAD0SsqwBaB-McZ-SkZNDV-ezt-BOko4rNBc,,Assistant General Manager at Dishman Carbogen Amcis Ltd
Digant Chokshi,General Manager,Director,20,Dishman Carbogen Amcis Ltd,114863,https://www.linkedin.com/in/ACoAADXS3koBGpx_Zx1peX2_njrDHM73MhswOhI,,General Manager at Dishman Carbogen Amcis Ltd
Mahesh Panchal,General Manager,Director,0,Dishman Carbogen Amcis Ltd,114863,https://www.linkedin.com/in/ACoAAD_SWnQBLOfjvf4nLPsKs-BcCJ962SOMibA,,General Manager at Dishman Carbogen Amcis Ltd
Ashish Shah,General Manager Engineering,Director,3,Dishman Carbogen Amcis Ltd,114863,https://www.linkedin.com/in/ACoAAAkmJOABFUmky3t9T20V3TubE27sYYFM8jQ,,General Manager - Engineering at Dishman Carbogen Amcis Ltd
instrument naroda,Assistant General Manager - QC,Director,32,Dishman Group,114863,https://www.linkedin.com/in/ACoAACUWVGcBB0IIksEnJTiqpZTiFtGGVEiPi_k,,Senior Manager at Dishman Group
Dr Mahadeo Kubal,General Manager,Director,51,Dishman Group,114863,https://www.linkedin.com/in/ACoAACTWMTkBrMvVOjyXKygbAahdssEjLqwvlDM,,General Manager at Dishman Group
Giuseppe Isoni,General Manager,Director,4,Dr,84789985,https://www.linkedin.com/in/ACoAAAFE94UBsa1BDB6S54ArzZQn-NOE75KeRQM,,General Manager at Dr. Falk Pharma Italia
Ben Hopkins,General Manager (Australia & New Zealand),Director,0,Dr Falk Pharma,23771982,https://www.linkedin.com/in/ACoAAAFizY4BQu6WsQNVq0HnNhTSFA70TMHw8gE,,General Manager (Australia & New Zealand) at Dr Falk Pharma
Andreas Rascher,Managing Director Technical Operations,Director,2,Dr. Falk Pharma,152904,https://www.linkedin.com/in/ACoAAAEN3wUBIl19o2vOD4A3FxAPrlJK_YwdZ7g,,Managing Director Technical Operations
Miguel Pereira Gonçalves,General Manager Iberia,Director,8,Dr. Falk Pharma,152904,https://www.linkedin.com/in/ACoAACqHo4gB-YdEfLu4RfLh3w9acxV8rw-EaM4,,--
Thomas Kogler,Head Of Production,Director,9,EVER Pharma,2851392,https://www.linkedin.com/in/ACoAADEHJZwBfRcUP7fXMMSHUHu9FpHdBANAlCY,,Head Of Production bei EVER Neuro Pharma
Georges Kahwati,General Manager,Director,10,EVER Pharma,2851392,https://www.linkedin.com/in/ACoAAAALa8wBA-mJ8E7-sW31b76rjw2dogn2jM4,,General Manager Ever Pharma
Lukas Pargger,Deputy Head of Production,Director,3,EVER Pharma,2851392,https://www.linkedin.com/in/ACoAABwrGIoBOzPpga5IMlcUp48NjDyaCTXbl40,,"Deputy Head of Production, EVER Pharma"
Sergio Santoro,General Manager,Director,3,EVER Pharma cell arm,80406584,https://www.linkedin.com/in/ACoAAAGPM6MBm4C3qerz-ImZANcdieriDCXx22c,,General Manager
"Thomas Langguth, MBA",Head of Production,Director,2,Ever Pharma Jena GmbH,12499900,https://www.linkedin.com/in/ACoAAA9p3ToBAGl0s3MiTulmtvGIXMGbRJ8h5gY,,Head of Production bei Ever Pharma Jena GmbH
Cyril Grandchamp-Desraux,"EVP, Chief Operations Officer (COO)",CXO,2,Ferring Pharmaceuticals,163789,https://www.linkedin.com/in/ACoAAADkYlcBWGKmnAQ5hO510AlbFfvIFKFuPds,,"Helping people live better lives | Ferring Pharmaceuticals | EVP, Chief Operations Officer"
Laura Demino,"Chief of Staff to the EVP, Operations",CXO,0,Ferring Pharmaceuticals,163789,https://www.linkedin.com/in/ACoAACVDtPkB-dtgKh6CfoijIcJjla2_w_41QDw,,External Innovation & Scientific Licensing Senior Manager @ Ferring Pharmaceuticals | MEng; BCG Alumna
Jens Regelin,Senior Vice-President Global Manufacturing Network,Vice President,6,Ferring Pharmaceuticals,163789,https://www.linkedin.com/in/ACoAAACDifoBw7rrDrizizo0ieYkHwpOTKb-qw4,,Senior Vice-President Global Manufacturing Network at Ferring Pharmaceuticals
Sean Goudy,Vice President Site Leader and General Manager,Vice President,1,Ferring Pharmaceuticals,163789,https://www.linkedin.com/in/ACoAAAPE9QQBFVQw4UbYAFdt1EpX_GUyN0K1t7g,,"Vice President, Site Leader & General Manager, Ferring Pharmaceuticals"
François Hosotte,VP Strategic Projects and Engineering,Vice President,8,Ferring Pharmaceuticals,163789,https://www.linkedin.com/in/ACoAAABEPPkB9pbjGe0dwl35pmCmo7QGZ7O0Gzo,,"Engineering and manufacturing leader. Recognized successes in challenging projects, sites and cluster management."
Stacey Antar,"VP, General Counsel & Corporate Secretary | Head, Corporate Security & Site Services",Vice President,11,Ferring Pharmaceuticals,163789,https://www.linkedin.com/in/ACoAAArs11IBmxxC2ZbYvkDGLgHOOoXOB1IqrvE,,"GENERAL COUNSEL | SEASONED PHARMA LEADER ►Advise the C-suite & Boards of Directors on Business Models, Global Brand Equi"
Jenise Doutsas,"Senior Vice President, Head of Greater China & China General Manager",Vice President,0,Ferring Pharmaceuticals,163789,https://www.linkedin.com/in/ACoAABO5cv0BnXOzGv4733k2QEElQV0TOWlNxR8,,"Senior Vice President, Head of Greater China & China General Manager"
Thomas Klaemmt,"VP HR Operations, Rewards & Digital",Vice President,4,Ferring Pharmaceuticals,163789,https://www.linkedin.com/in/ACoAAADicngBmvOglTodUbpwl_YCnpVI68X9eGo,,Leader in digital HR Transformation and innovative HR Operations
"Jørn Skibsted Jakobsen, MD PhD","Vice President Operations, TA head Uro-oncology & Urology",Vice President,0,Ferring Pharmaceuticals,163789,https://www.linkedin.com/in/ACoAAAjuPsUBeIGz6N8r_PAoI76dKPdyKWgVNHU,,"Vp Global Research & Medical l
Pharma executive I Senior Oncology & Immuno-modulatory Leader 🧬I Board-Certified Urologis"
Lynne Miller,Senior Vice President Supply Network Operations,Vice President,4,Ferring Pharmaceuticals,163789,https://www.linkedin.com/in/ACoAABql_mgB7i_IOmSGRnEZH-odkvZgGJznbOk,,SVP Supply Network Operations I FMCG I Pharma I End to End Planning I Supply Chain Transformation I
Gaetano Dolgetta,General Manager Italy,Director,0,Ferring Pharmaceuticals,163789,https://www.linkedin.com/in/ACoAABcUG9gB1dh6rkkf4LV817nQ3u-KR2CExeY,,General Manager Italy
Gregoire Seigneur de Bast,Head of Global Procurement Operations Excellence,Director,2,Ferring Pharmaceuticals,163789,https://www.linkedin.com/in/ACoAAABANUYBK07h1ziPLy0uqzUeysNuXMA4tcU,,Procurement Director | Programme Director | Procurement Center of Excellence | Implementation of Transformation Programs
Vikas Koul,Director - Site Operations Head,Director,1,Ferring Pharmaceuticals,163789,https://www.linkedin.com/in/ACoAAARtOzsB9heR2PKKRrkc2qz80eUyeYnWhzU,,"Director Operations Head:
Ferring Laboratories Pvt. Ltd., Hyderabad(HQ: Ferring Pharmaceuticals, Saint-Prex, Switzerland"
Sandeep Kumar,Site HR - Head,Director,2,Ferring Pharmaceuticals,163789,https://www.linkedin.com/in/ACoAAAK5osQBssKeJ1NXOTpFIG6kCefJ4Yz4Aa4,,Site HR - Head
Mahesh Yadav,Associate Director(Site Engineering Head),Director,4,Ferring Pharmaceuticals,163789,https://www.linkedin.com/in/ACoAABGJe8MBN__Ru8JTGZdmeXaNemz44kd5qQ0,,"Site  Head- Engineering & Projects: Cipla|xFerring|xDRL|xRexam(Ball)|x3M|xLupin:
B.E| MBA-IIM|DCS|SCADA|MES|Utilities|ET"
Jazzlyn Loo 吕玉梅,"Regional Total Rewards & HR Operations Excellence Head, Asia Pacific, Middle East, Turkey and Africa",Director,3,Ferring Pharmaceuticals,163789,https://www.linkedin.com/in/ACoAAAKdBpUBEZfPkmRSoGH41Agc0pGXAhsGH4w,,People Operations | Total Rewards | Strategic HR Leader | HR Transformation Expert | APAC & META | SAFe® Agilist | Gallu
Lígia S. Póvoa,Associate Director TechOps Quality & Compliance - Manufacturing Quality Excellence,Director,2,Ferring Pharmaceuticals,163789,https://www.linkedin.com/in/ACoAAABqNB8BiZf80c3xS8tLNqE7MZT7I_wJlSs,,Associate Director TechOps Quality & Compliance - Manufacturing Quality Excellence
Kornyok Sakkarinkul,General Manager,Director,0,Ferring Pharmaceuticals,163789,https://www.linkedin.com/in/ACoAAAhxivUB1eJ-wrSeeC6N5RmAZTTypvqio-M,,General Manager | Business Leader  | Pharmaceuticals | Commercial | Market Access | Hospitals & Drugstores | Business Tr
MAGESH SELVARAJ,Associate Director Engineering,Director,1,Ferring Pharmaceuticals,163789,https://www.linkedin.com/in/ACoAAFE26uoBH13WmvFxdH9zf9w0GovNK5TbtLQ,,Site Engineering Head 🛠 Engineering Maintenance and Projects🔌 Energy conservation💰(OpEx)&(CapEx)🚰PWS&WFI♦️Utilities ♻️EH
Angie Kim,General Manager,Director,2,Ferring Pharmaceuticals,163789,https://www.linkedin.com/in/ACoAAA4a-BQB7oIoUb2jy4AdjJpXcLzU6gsLbZo,,GM at Ferring Pharmaceuticals
Nybie Philipsen,"Director, Head of Global Medical Operations, Global Medical Excellence, Global Research & Medical",Director,4,Ferring Pharmaceuticals,163789,https://www.linkedin.com/in/ACoAABZVU4EBtil0Ry0rWh2MAKkwwOI4xC6ObrQ,,"Director, Head of Global Medical Operations & Systems | Digital Transformation, AI, Technology & Innovation leader"
Inbal Ben David,General Manager,Director,0,Ferring Pharmaceuticals,163789,https://www.linkedin.com/in/ACoAAASuL9UBK1ctqz7Sz-de65RTp1NJyzzZu5I,,General Manager |Reality Designer | Capability Builder| MBA in Marketing
Carolina Andrea Martinez,Director Manufacturing Techology and Science,Director,0,Ferring Pharmaceuticals,163789,https://www.linkedin.com/in/ACoAAAMcFx8Bu4Ampp63kC_K2UTWg4s9rPPMbdk,,Director MTS - Ferring Pharmaceuticals
Lynn Carmichael,"Head of US Regulatory Excellence (Ad/Promo, Labeling & Regulatory Operations)",Director,1,Ferring Pharmaceuticals,163789,https://www.linkedin.com/in/ACoAAABe4WoBR41vxTKQ-VzCneo0MN2MAw-TfR4,,"Head of US Regulatory Excellence (Ad/Promo, Labeling, and Regulatory Operations)"
Perrine Berlier,General Manager France & Belgium,Director,0,Ferring Pharmaceuticals,163789,https://www.linkedin.com/in/ACoAAAC0WDoBUBSeS8UfOvpSPqf_Wo4uKAYcNe4,,General Manager France & Belgium - FERRING Pharmaceuticals
Neil Chuprinko,Director Site Services,Director,0,Ferring Pharmaceuticals,163789,https://www.linkedin.com/in/ACoAAABDq_cB83tEvYQU54eF3XnyVxg2x-qmdKY,,Facilities Management Professional - nchuprinko@gmail.com
Janni Hermansen,"Director, Head of Safety Operations, Global Safety, Ferring Pharmaceuticals",Director,2,Ferring Pharmaceuticals,163789,https://www.linkedin.com/in/ACoAAA1zBIMBgvsvISr34-6XkWZGa_Q8l25T52s,,"Director, Head of Safety Operations, Global Safety, Ferring Pharmaceuticals"
Lawrence Wong,General Manager,Director,10,Ferring Pharmaceuticals,163789,https://www.linkedin.com/in/ACoAAAT8HKABbuxod5xGvodg2osTY-2ED8GsVy8,,General Manager at Ferring Pharmaceuticals
Abdallah Haj Abed,Associate Director Engineering and Maintenance for Process Equipment,Director,1,Ferring Pharmaceuticals,163789,https://www.linkedin.com/in/ACoAAAXwJhQBIQKqcXPmDVO2kIzoW2QQkizPSFo,,Associate Director Engineering and Maintenance - Process Equipment
Pradip Adhya,Head Of Operations,Director,16,Ferring Pharmaceuticals,163789,https://www.linkedin.com/in/ACoAAAh8VdkBn4F1g5cBQBotouR_4VuNByb5v2M,,Head of Operations at Ferring Pharmaceuticals
Sushil Kumar,Associate Director Engineering,Director,1,Ferring Pharmaceuticals,163789,https://www.linkedin.com/in/ACoAAA7r0pQBpTBME1Rc8uogIXvjWUKZpYeoqc0,,Engineering & Project Leader with diversified experience in Pharmaceutical Organization
Anindya Ghosh,"Site Director (Managing Director), Board Member, Manufacturing Plants",Director,9,Ferring Pharmaceuticals,163789,https://www.linkedin.com/in/ACoAAAJiYKIBRYD1W3bnNRmK-cCg0glsbwpCpRw,,Site Head | Board of Director | Global Pharmaceutical Manufacturing Leader | Site Transformation | Digital Manufacturing
Nitin Chaudhari,Head of Engineering,Director,0,Ferring Pharmaceuticals,163789,https://www.linkedin.com/in/ACoAAD7WPzQB4ZjWFpNyDzdm5NiHIXZTc99o90k,,Head of Engineering at Ferring Pharmaceuticals
Deni Y. Martin,Country General Manager,Director,10,Ferring Pharmaceuticals,163789,https://www.linkedin.com/in/ACoAAAuMVRIBxW572KB5QpcoG7nul-Ehj8raan8,,Country General Manager at Ferring Pharmaceuticals
Christian Daniel Demarchi,HR Director Argentina Operations,Director,2,Ferring Pharmaceuticals,163789,https://www.linkedin.com/in/ACoAAARfHmIBI4Ugy5wWbQxMyhFDB49eL-FXi40,,HR Director Argentina Operations en Ferring Pharmaceuticals
Jim Stead,Director - Contract Operations Market Access,Director,12,Ferring Pharmaceuticals,163789,https://www.linkedin.com/in/ACoAAA0AmjIBGYyoYxBlbyX1CqqLtqCDBzHIPYk,,Ferring Pharmaceuticals
Joe DeRogatis,"Associate Director, Quality Operations",Director,17,Ferring Pharmaceuticals,163789,https://www.linkedin.com/in/ACoAAAAeCAYBgBuwt8iiebpRGblnrnMWlzQQ2Bo,,Associate Director at Ferring Pharmaceuticals
Luc Etienne DUFOUR,Head of Supply Network Operations Western Europe & Canada,Director,1,Ferring Pharmaceuticals,163789,https://www.linkedin.com/in/ACoAAALMBxQBHP-n6Nre9Q7rxUos3ar4_fdtWJQ,,Head of Supply Chain Western Europe & Canada
Lee Ferreira,"General Manager, Canada",Director,8,Ferring Pharmaceuticals,163789,https://www.linkedin.com/in/ACoAAAChqJQBHaH843Exyk3_vpjmc_UkdMBmg5c,,"General Manager at Ferring Pharmaceuticals, Canada"
Florence Partouche,GENERAL MANAGER,Director,0,Ferring Pharmaceuticals,163789,https://www.linkedin.com/in/ACoAAAAXF3cBlVyM8cLFg_c30dUj2aOk9hGq0iw,,GENERAL MANAGER at FERRING PHARMACEUTICALS
Pål Graff,general manager,Director,16,Ferring Pharmaceuticals,163789,https://www.linkedin.com/in/ACoAAAlKgQ0BpHKSKQ-oH1Zr-6ry6sh_4NR3vzg,,general manager at Ferring Pharmaceuticals
Giuseppe Tedeschi,General Manager,Director,0,Ferring Pharmaceuticals,163789,https://www.linkedin.com/in/ACoAAACsZ7UBeBZHPA4hvON8ILzL03vpeNSvw7s,,General Manager at Ferring Pharmaceuticals
Linda Juul Schæffer,Quality Head - Syntese site,Director,6,Ferring Pharmaceuticals,163789,https://www.linkedin.com/in/ACoAAAcJ9C8BuPRKTWl-v_qVUZFuOm7xoUl5rCY,,Quality site Head
Florence Partouche,General manager,Director,0,Ferring Pharmaceuticals,163789,https://www.linkedin.com/in/ACoAAAF9e-QBOtCOrN_e1KSV8p5iiwEg6u-BnOw,,General manager at Ferring Pharmaceuticals
Peter Marcusson,General Manager,Director,0,Ferring Pharmaceuticals,163789,https://www.linkedin.com/in/ACoAAAlseGsBPlRi5xXhspRFAHtnmqEQy4MLCzk,,General Manager at Ferring Pharmaceuticals
Juan-Carlos Aguilera,General Manager,Director,18,Ferring Pharmaceuticals,163789,https://www.linkedin.com/in/ACoAAAAfndcBDzY1_-lO_9clUEJyqqM8sD3trEQ,,Senior Director Iberia & Greece at Ferring Pharmaceuticals
Ido Yogev,"Head of Engineering Division, Biotechnology General Israel",Director,16,Ferring Pharmaceuticals,163789,https://www.linkedin.com/in/ACoAAAezx78BrtlbajY_8MiZNetTB6uAsSq5K3A,,Engineering Department Manager at Ferring Pharmaceuticals
Marc Renard,Head of global Operational Excellence and performance for manufacturing,Director,2,Ferring Pharmaceuticals,163789,https://www.linkedin.com/in/ACoAAAP3hB0BQiwx7G2HURJL7IL4dXxjJhyoOrw,,Head of TechOps Operational Excellence and performance
Carlos Alberto Rosic,Head of Engineering and Maintenance,Director,2,Ferring Pharmaceuticals,163789,https://www.linkedin.com/in/ACoAAAMFA4wBAd0Y3IOPzsnw-SUOaOaOCTcWzY8,,LATAM Engineering Manager en The Clorox Company
Philippe Remandet,Restaurant General Manager,Director,17,Ferring Pharmaceuticals,163789,https://www.linkedin.com/in/ACoAAAk1H7cBDMj_LeWcDhWbt56knOZEozIM0Ds,,restaurant manager Ferring Pharmaceuticals
Sara Wall,"Senior Director, Technical Operations",Director,5,Ferring Pharmaceuticals,163789,https://www.linkedin.com/in/ACoAAAFA4aABUS8J84TQPMtU3mWrZhM6cX_wGPo,,"Senior Director, Technical Operations at Rebiotix Inc (a Ferring Company)"
Gerald Beste,Senior Director Biotherapeutic Engineering,Director,4,Ferring Pharmaceuticals,163789,https://www.linkedin.com/in/ACoAAAFV1k8Bxi6UVsrr_NIADree3cwETaSYQKc,,"Senior Director, Biotherapeutic Engineering"
Henri Kornmann,"Senior Director, Head of Biologics Innovation Centre",Director,2,Ferring Pharmaceuticals,163789,https://www.linkedin.com/in/ACoAAAAgiFoB9N2gE4sFzRwCB_YMeexM8W46Trs,,"Head of Operations & Development in Biotech, Cell and Gene and Medical Devices | Sr. Director of CMC Biotech Development"
Don Mitchell,"Associate Director, Americas Site Delivery",Director,12,Ferring Pharmaceuticals,163789,https://www.linkedin.com/in/ACoAAAGOBN4BTSb7H7nKgt1gk91H8ZYiwADjaTw,,"Associate Director, America’s Site Delivery at Ferring Pharmaceuticals"
Bruno Alexandre Santos Simões,Head of SAP Platform & Operations,Director,0,Ferring Pharmaceuticals,163789,https://www.linkedin.com/in/ACoAAAD7CKsBeUHn9Z11ncEDeGF4ta1_5XoDW7I,,"Head of SAP Platform & Operations @ Ferring Pharmaceuticals | Integration Office | Solution Architecture, Business Case "
Daniel Alberto Crapis,General Manager BIMSA - TechOps Ferring Argentina / Site Head BIMSA,Director,0,Ferring Pharmaceuticals,163789,https://www.linkedin.com/in/ACoAAAosnisB_hPpcMb_QMDubNN6DdNqVE0oYCM,,"General Manager BIMSA - TechOps Ferring Argentina /  
Site Head BIMSA"
María Belén Sabalza,Production Head,Director,2,Ferring Pharmaceuticals,163789,https://www.linkedin.com/in/ACoAAAShdTMBiapxBbjxVxcgnJJd3vvylj1QGlU,,Food Engineer || LSS Green Belt Certificate || Production Head at Ferring Pharmaceuticals
Rafel Hermiz,Production Director,Director,0,Ferring Pharmaceuticals,163789,https://www.linkedin.com/in/ACoAACZ8BREBKJtE5j7JkMY0fMFjOg6ZZ2mGWrg,,Pharmaceutical Production & Engineering
Doru Torge,General Manager,Director,0,Ferring Pharmaceuticals,163789,https://www.linkedin.com/in/ACoAAANjtNUBvJBwPaftTtGOwgzlfH3XuR8_Irg,,General Manager at Ferring Pharmaceuticals
Jia Fei,General manager,Director,15,Ferring Pharmaceuticals,163789,https://www.linkedin.com/in/ACoAAAsFzRcB10LkrcCgRp7wqjKfYNrKccMgrmI,,General manager at Ferring Pharmaceuticals
Tatiana Chernaya,"General Manager. Russia, Belarus",Director,3,Ferring Pharmaceuticals,163789,https://www.linkedin.com/in/ACoAAAnPmoMBiEMeldqmoDTqx-TQPqVzK3ThFJM,,"General Manager. Russia, Belarus"
Maja Lassenius Kramp,"General Manager, Nordics",Director,2,Ferring Pharmaceuticals,163789,https://www.linkedin.com/in/ACoAAAF60DsBCTFD7Ca7cMSsILeYFD4TyFZFZZs,,"General Manager, Ferring Nordics"
Trong Le,General Manager,Director,0,Ferring Pharmaceuticals,163789,https://www.linkedin.com/in/ACoAADsOHKcB_JGNG5XhTvgH9j7GFCgkUtDSpv8,,General Manager at Ferring Pharmaceuticals
Sara Wall,Senior Director of Operations,Director,0,Ferring Pharmaceuticals,163789,https://www.linkedin.com/in/ACoAAD4R7Y0B1rtJBo5XV9PED_UQoGBTeqmHtOE,,Senior Director of Operations at Ferring Pharmaceuticals
Dave Huang,General Manager,Director,5,Ferring Pharmaceuticals,163789,https://www.linkedin.com/in/ACoAAABYm9EBWQJSkTAQCaR_dgi67YEjWdf16B4,,"General Manager, Taiwan"
Sven Reher,Director Engineering & Maintenance,Director,1,Ferring Pharmaceuticals,163789,https://www.linkedin.com/in/ACoAAAkWomYBaWH8SajceYRsm30V1NrYorUhfYk,,Director Engineering & Maintenance bei Ferring Pharmaceuticals
Marwan Omar,General Manager,Director,3,Ferring Pharmaceuticals,163789,https://www.linkedin.com/in/ACoAABBt-6EB_j9ogwtTzOwtaZdlQah6efARxVI,,"Guiding Pharma Growth with Vision, Integrity and a Personal Touch | General Manager | GCC Cluster at Ferring Pharmaceuti"
Pål Ivar Graff,General Manager,Director,0,Ferring Pharmaceuticals,163789,https://www.linkedin.com/in/ACoAAAYWdL8BDtfWc-YkxszFG7PoUVGUpf3PMVM,,General Manager at Ferring Pharmaceuticals
Judy Klapal,Director Quality Operations,Director,4,Ferring Pharmaceuticals,163789,https://www.linkedin.com/in/ACoAAACtwjEB2LMj5A3pSFSzYte8RLgoZocFgKE,,QA Operations
Fabian García,General Manager North of Latinamerica Cluster,Director,2,Ferring Pharmaceuticals,163789,https://www.linkedin.com/in/ACoAAAHudG4BMr8zF3L9g8SRjW8LH1gg9zH6cXc,,General Manager South America Cluster en Ferring Pharmaceuticals
Mel Foster-Hawes,General Manager,Director,1,Ferring Pharmaceuticals,163789,https://www.linkedin.com/in/ACoAAAArb8ABlZgUfnz98t8lC9g8lBvHL1umj4Q,,General Manager UK & Ireland at Ferring
Irem Akyüzlü Malaz,Assistant to General Manager,Director,0,Ferring Pharmaceuticals,163789,https://www.linkedin.com/in/ACoAAECRZgYBON8OzI3sT0fUjbnmpn29AsVHiRU,,Assistant to General Manager at Ferring Pharmaceuticals
Sharon Amsler-Valdettaro,"Global Head of Communication, Technical Operations",Director,6,Ferring Pharmaceuticals,163789,https://www.linkedin.com/in/ACoAAAF_TxgBldyg33FouNCjK2KbhI0CqVM3ONw,,Internal and External Communication Leader
Ankur Chakraborty,Head of Statistical Operations,Director,5,Ferring Pharmaceuticals,163789,https://www.linkedin.com/in/ACoAAAjDgywBpSWiEP9ADPfqvSpopva6XRTeyr8,,"Associate Director, Statistical Operations"
Inga Siemsen,Director Manufacturing Technology & Science,Director,6,Ferring Pharmaceuticals,163789,https://www.linkedin.com/in/ACoAAEjrJF0BdF8P4cBDhzdaba08bsZjg1BrxiQ,,Director Manufacturing Technology & Science
Rebecca Carroll,"Associate Director, Site Management",Director,5,Ferring Pharmaceuticals,163789,https://www.linkedin.com/in/ACoAACMGihEBrxA6Sv7ksYkKQ5DJMG0X9Ti9MPY,,"Leading site management initiatives on sponsor oversight with a focus on inspection readiness, preparation, and support."
Debbie Tay,Director Field Operations,Director,0,Ferring Pharmaceuticals,163789,https://www.linkedin.com/in/ACoAAEUTfOoB1nZ_V1V42b0n8BDbcVIj67_BG40,,Director Field Operations at Ferring Pharmaceuticals
Dan Sherer,"Global Program Director, Global Technical Operations",Director,5,Ferring Pharmaceuticals,163789,https://www.linkedin.com/in/ACoAAAASKlQBG0TFAPM9_az9lOFivmXOA7nbwDw,,"Global Program Director, Global Technical Operations at Ferring Pharmaceuticals"
"Daniel Zerpa, MBA",Interim Director of Engineering,Director,0,Ferring Pharmaceuticals,163789,https://www.linkedin.com/in/ACoAAAYvBiAB8tMYSqpKTT67Xavwi56s-IjiRrU,,Pharmaceutical Operations & Supply Chain Executive | Engineering Oversight | Commercial Launch & Network Strategy | Form
Beth Peluso,"Senior Manager, Head of US Regulatory Operations",Director,2,Ferring Pharmaceuticals,163789,https://www.linkedin.com/in/ACoAACcdVAwBEHrpeu8nQ0KCyA8TdvqxtCFmJlM,,"Senior Manager, Head of US Regulatory Operations"
William Foreit,"Associate Director, Contract Operations (Market Access)",Director,0,Ferring Pharmaceuticals,163789,https://www.linkedin.com/in/ACoAAAKEkqABpv3i3mXkpEZlDemfd4USxMeVPSI,,Market Access Professional
Dr. Sten Schuster,Associate Director Production,Director,2,Ferring Pharmaceuticals,163789,https://www.linkedin.com/in/ACoAABEvZzMBbkZ0Vf7PnHA5suWoic9ku0_uKKo,,Associate Director Production
Benjamin Hansen,Associate Director Production,Director,2,Ferring Pharmaceuticals,163789,https://www.linkedin.com/in/ACoAADFqItsBhKgk8DTwVTk_Qa7DaGwc8Ddwg3c,,"Associate Director bei Ferring Pharmaceuticals | Pharmazie, Biologie"
Arvid Sievers,Associate Director Facility Management & Sites Services,Director,1,Ferring Pharmaceuticals,163789,https://www.linkedin.com/in/ACoAAFTofEUBVcIpjsi0sTQ73tPbd6SkhV_LYkI,,Associate Director Facility Management & Sites Services bei Ferring Pharmaceuticals
Christian Nerlich,Global QA Director Manufacturing Quality Excellence,Director,3,Ferring Pharmaceuticals,163789,https://www.linkedin.com/in/ACoAACZS6WAB_SSTagNNCpPMt8qa4_oErqaHEJw,,Global QA Director Manufacturing Quality Excellence
Ian Wilson,Head of APAC Supply Network Operations & Manufacturing Operations Indonesia,Director,5,Ferring Pharmaceuticals,163789,https://www.linkedin.com/in/ACoAAAEnra0BA-LpEa4XwslSM9oqwT6-gnID4GQ,,Head of APAC Supply Network Operations at Ferring Pharmaceuticals
Andy Sheppard,"Department Head, Operations",Director,0,Ferring Pharmaceuticals,163789,https://www.linkedin.com/in/ACoAAAClqpEBFRnqtz-mwocde5Wmws_FiO057wU,,"Department Head, Operations at Ferring Pharmaceuticals"
Gema García-Delgado Sobejano,Global QA Associate Director - External Manufacturing,Director,4,Ferring Pharmaceuticals,163789,https://www.linkedin.com/in/ACoAAAUsjw0BTRFcguzuFHdx3A_RXA__JFuSaJE,,Associate Director Global QA External Manufacturing
Paula Idoate,"Associate Director, External Manufacturing Quality",Director,2,Ferring Pharmaceuticals,163789,https://www.linkedin.com/in/ACoAABRW5VgBSvOIsKgoYwhbuQSGt6UjmNyvOxQ,,QA - External Manufacturing
Rodrigo Von Unger,General Manager Argentina - Chile Cluster,Director,2,Ferring Pharmaceuticals,163789,https://www.linkedin.com/in/ACoAAACH_eEBXyuYLSv87TxfeeMIgVizMixUG-8,,General Manager Argentina & Chile
Bolat Abishev,"General Manager, Central Asia & Armenia",Director,3,Ferring Pharmaceuticals,163789,https://www.linkedin.com/in/ACoAACle7m4BdkGyZACSumzVlt-waHOUyCzqtDU,,"General Manager, Central Asia & Armenia"
Vadim Lukaševič,Plant Director,Director,6,Ferring Pharmaceuticals,163789,https://www.linkedin.com/in/ACoAAAeG5AQBLprIWNPxjsUUHBCLUEqjcPnK2_4,,Plant Director ve společnosti Ferring-Léčiva a.s.
Muhannad Al-Qadi,General Manager -AFRICA,Director,3,Ferring Pharmaceuticals,163789,https://www.linkedin.com/in/ACoAAAooy2sBjjrMYnjhwhS_1Ex7ev7Xm3yyFqo,,Experienced Pharmaceutical Leader | Pharmacist | Cross-Functional Leadership | Setting Profitable growth Strategies | Bu
Ligia Povoa,Associate Director TechOps QA - Manufacturing Quality Excellence,Director,2,Ferring Pharmaceuticals,163789,https://www.linkedin.com/in/ACoAAAITuwkBMFfxqrGXWZvpr6l2qWsqEevkJf8,,Associate Director TechOps QA - Manufacturing Quality Excellence
Thomas Leiers,"Head region Africa, Levant, Türkiye & General Manager Türkiye",Director,1,Ferring Pharmaceuticals,163789,https://www.linkedin.com/in/ACoAAAZbSvsBjCYR9m6Ap2fYKxstwqPjrAHoMT0,,"Head Region Africa, Levant, Türkiye | Strategic Management | General Management | Transformation | Change | Leadership |"
Julien Bray,"Head Of Production, Swiss Manufacturing Plant",Director,6,Ferring Pharmaceuticals,163789,https://www.linkedin.com/in/ACoAAAJLihoBiERTZzINOM51ifRshlonsTQzZQQ,,"Head Of Production, Swiss Manufacturing Plant at Ferring Pharmaceuticals"
Yann Berchoux,Senior Director Global Engineering,Director,3,Ferring Pharmaceuticals,163789,https://www.linkedin.com/in/ACoAAAUVOC0BTjz-5W7AXAV-ZwidHx4V6YwXjoU,,"Global Engineering, Technology and Safety - Senior Director Head of Global Engineering"
Isabelle GIERCZAK,"Associate Director, Third Party Manufacturing Management",Director,3,Ferring Pharmaceuticals,163789,https://www.linkedin.com/in/ACoAAAKrX_cBd8iA_2tc5Eczfmc0aAmr6-ResxM,,Senior Direct Procurement Manager
Charles Apara,Senior Director Technical Operations Quality,Director,2,Ferring Pharmaceuticals,163789,https://www.linkedin.com/in/ACoAAAKmfOcBIA_PxW3LP5lV4NFOPsT1F71dY68,,"Senior Director, 
Biotechnology & Aseptic Manufacturing Quality, Technical Operations"
Wassim Henoud,"Senior Director, Head of US & InterContinental Supply Network Operations and Global Trade Compliance",Director,0,Ferring Pharmaceuticals,163789,https://www.linkedin.com/in/ACoAAAPfIGwBbzA3svmjIRISv53GZOnVNrfqQx0,,"Senior Director,  Head of US & InterContinental Supply Chain and Global Trade Compliance. Certified Global Gallup Streng"
Nicolas Wark,"Sr. Director / Head of Global External Manufacturing Network, CDMO & Strategic Partnerships",Director,1,Ferring Pharmaceuticals,163789,https://www.linkedin.com/in/ACoAAAPN0BwBh2D-Ihvrrmhu_cL3aiOf0p5NBsA,,"Global Supply Chain & Operations Executive | Driving Enterprise Transformation, External Manufacturing, Strategy & E2E P"
Stéphane Gorgerat,Head of Center of Expertise Manufacturing Processes,Director,2,Ferring Pharmaceuticals,163789,https://www.linkedin.com/in/ACoAAADktJgB3isoaXwvC_Gm2HEVBuoDgHh8Jxs,,Head of Center of Expertise Manufacturing Processes at Ferring Pharmaceuticals
Frédéric Bouat,"Senior Director, Value Stream Leader RMMH  Supply Network Operations",Director,3,Ferring Pharmaceuticals,163789,https://www.linkedin.com/in/ACoAAAFVvzcBEi9kjPCDSKPMUooOW5j15RhhtMQ,,"Senior Director, Value Stream Leader RMMH"
Ruth Ward,"Head of Performance and Analytics, Supply Network Operations",Director,1,Ferring Pharmaceuticals,163789,https://www.linkedin.com/in/ACoAAAMLFOEB_RoX6B8vETfyfx90VWxIUxEOQs8,,Supply Chain Director/ Transformation Leader/ Program and Project Manager/ Supplier and External Manufacturing Managemen
Charlie Birch,Site Head - Swiss Manufacturing Plant,Director,4,Ferring Pharmaceuticals,163789,https://www.linkedin.com/in/ACoAAAVAEbABc37EOdMMo154TifFsdmU9-Pd0bw,,Site Head - Swiss Manufacturing Plant at Ferring Pharmaceuticals
Bruce Loetscher,Director Engineering & Facilities,Director,1,Ferring Pharmaceuticals,163789,https://www.linkedin.com/in/ACoAAACcp8EB1eD3H42ClHLGLIjmJ32-cna6O7M,,Director Engineering & Facilities chez Ferring Pharmaceuticals SA
Monika Kozera,Value Stream Supply Network Operations Head,Director,2,Ferring Pharmaceuticals,163789,https://www.linkedin.com/in/ACoAAA__iBgB8UlXiKbqzUM8PaqU74dk0Vm5NDM,,Supply Chain Value Stream Head
Davide Turchi,Global QA External Manufacturing - Associate Director,Director,2,Ferring Pharmaceuticals,163789,https://www.linkedin.com/in/ACoAABQzZ8cBixiL4ooGF38C9l3ySEhpyLg55vY,,Results-driven Quality Assurance and Manufacturing Science & Technology professional with 15+ years of experience across
Jerome Baumgartner,Financial Director Reproductive Medicine Franchise & Global Operations,Director,1,Ferring Pharmaceuticals,163789,https://www.linkedin.com/in/ACoAAAAp4E4B7VLpfNIW7LpG_wP2rU-9bIrzGjo,,"Driving Biopharma Growth Through P&L Leadership, CAPEX Governance and Commercial Excellence"
Guy Halpern,Associate Director Manufacturing Quality Excellence at FERRING Pharmaceuticals,Director,4,Ferring Pharmaceuticals,163789,https://www.linkedin.com/in/ACoAAAXbruABa4gmNYX0cKUDC_m3u0YrHB5wsVY,,Associate Director Manufacturing Quality Excellence at FERRING Pharmaceuticals
D. Akin Kurtoglu,"Head of Global Business Development, Evaluation, Due Diligence and BD Operations",Director,4,Ferring Pharmaceuticals,163789,https://www.linkedin.com/in/ACoAAABzyE8BC9Wl3keNedE9WwtzicUnkXigEDs,,Pharmaceuticals Business Development | Portfolio Strategy | Venture Investing | New Product Planning | Commercial Operat
İrem Akyüzlü Malaz,Assistant to General Manager,Director,3,Ferring Pharmaceuticals,163789,https://www.linkedin.com/in/ACoAACcW-VYBhO1AaffJUGQJaYjLTrBoPvPrzpU,,General Manager's assistant at Ferring Pharmaceuticals
Başak Kapucuoğlu Karagür,General Manager- SEE Cluster,Director,1,Ferring Pharmaceuticals,163789,https://www.linkedin.com/in/ACoAAAHtoq0BWao5ddXbF5yv2_NddWDqz4752nk,,Ferring - General Manager South East Europe
Federico Cilenta,Operations Sr Director,Director,0,Ferring Pharmaceuticals,163789,https://www.linkedin.com/in/ACoAAAFivxIBBCA0OyDSbuZRovveeWeneJr2zm4,,Experienced Supply Chain & Operations Director | People Leader | Continuos Improvement | Plant Manager
Jan Douglas,"Director, Technical Operations Strategy",Director,0,Ferring Pharmaceuticals,163789,https://www.linkedin.com/in/ACoAAAb4VM8B2BWkYtugxluVHcHbozQ9uUw58tE,,"Strategy Director, eMBA, eCBL, BSc. Medical Device lifecycle proficiency (NPD, Marketing, Clinical, RA, Manufacturing). "
Micah Yeung,General Manager,Director,0,Ferring Pharmaceuticals,163789,https://www.linkedin.com/in/ACoAAA7GUicB_TSazPZTi_vPW7jMBzRQQUYhCU8,,"General Manager, Ferring Australia and New Zealand"
Francois Nebbia,Head of Digital Factory – Swiss Manufacturing Plant,Director,0,Ferring Pharmaceuticals,163789,https://www.linkedin.com/in/ACoAAAIZIwkBCNGwlOz_Nsd6E2yji79SbzLoyok,,Head of Digital Factory - Swiss Manufacturing Plant at Ferring Pharmaceuticals
Minh Nguyen,General Manager - South East Asia,Director,1,Ferring Pharmaceuticals,163789,https://www.linkedin.com/in/ACoAAAistZkBv15iMHue4KeELWjISZscPmmXIk4,,Optimist | Energetic Leader | Curious to try what’s next
Pramod Dhene,Associate Director Manufacturing & Warehouse,Director,0,Ferring Pharmaceuticals,163789,https://www.linkedin.com/in/ACoAAATSM9QBVsIpk54OmkIpi5V3uVDBz-6Z37I,,Associate Director Manufacturing & Warehouse
Rachit Garg,General Manager - India region,Director,0,Ferring Pharmaceuticals,163789,https://www.linkedin.com/in/ACoAAAARWKoB9xhCNvc1gtLPoZZZGA49QwQJmyo,,General Manager - Ferring India | ex IQVIA | Johnson & Johnson | Pfizer | IIT Bombay | IIM Lucknow | Art of Living Facul
judith paltiel,Director of protein engineering ,Director,7,Ferring Pharmaceuticals,163789,https://www.linkedin.com/in/ACoAABsYhK8B5UYEoRHcCMbhTto40nFDidHiv28,,Director of protein engineering  at Ferring Pharmaceuticals
Sharon Qiu,"Regional Supply Network Operations Head, Japan, Australia, Korea and Greater China",Director,1,Ferring Pharmaceuticals,163789,https://www.linkedin.com/in/ACoAAAh91YEBD6oR5Z1UXNWaYgn-ihQsHFuytNQ,,"Regional Head of Supply Chain, Japan, Australia, Korea and Greater China"
Leonardo Jorge,General Manager,Director,0,Ferring Pharmaceuticals,163789,https://www.linkedin.com/in/ACoAAAIl3MsBLCHBS0PM80aWCL8_pTw8OKpyBoQ,,General Manager | Board Member | Angel Investor
Mauricio Mangieri Furman,Engineering head,Director,0,Ferring Pharmaceuticals,163789,https://www.linkedin.com/in/ACoAACGpFwIB6VyqP4NKdHIljKKCj2Nr8FxdNBE,,Engineering Head at Ferring Pharmaceuticals
Dima Talfiti,Supply Network Operations Senior Business Partner Intercontinental,Owner / Partner,1,Ferring Pharmaceuticals,163789,https://www.linkedin.com/in/ACoAAAeifSEB1lkswXLpor8S7FtHABwJIC4Rybk,,Supply Network Operations Senior Business Partner Intercontinental at Ferring Pharmaceuticals
Elodie Ruyant,Product Owner Manufacturing,Owner / Partner,4,Ferring Pharmaceuticals,163789,https://www.linkedin.com/in/ACoAAABIhAQB-_D4uty0roKdRoqs4lEWP2uSsAo,,Product Owner Manufacturing at Ferring Pharmaceuticals
Sylvia Tran,Team Lead Production - Visual Inspection,Senior,2,Ferring Pharmaceuticals,163789,https://www.linkedin.com/in/ACoAABe80DEBByuXO0LRBXeEChf9XQe40Uv3MF8,,"Head of Production Visual Inspection, Pharmacist"
Isabelle Husson,"Pharmaceutical Affairs Director FR & BE, Responsible Pharmacist FR, Deputy General Manager FR",Director,4,FERRING SAS,65582711,https://www.linkedin.com/in/ACoAAACHGyAB3TeVBCQVDIbc_saAuSF4uBsSt-0,,"Pharmaceutical Affairs Director, Responsible Pharmacist & Deputy General Manager at FERRING SAS"
Jörg Lehmann,"Vice head Dept. Cell Engineering, Head Cell Engineering/GLP unit",Director,20,Fraunhofer IZI,612078,https://www.linkedin.com/in/ACoAAARhd-IBlgFJ_vYAxbkAXehp0R1ZRHWVqHc,,"Head of Department Preclinical Development and Validation, Head of GLP Test Facility, Fraunhofer IZI"
Ella Reichenborn,Senior Manager Third Party Manufacturing - CMO BU MedTech,CXO,0,Fresenius Kabi,7442561,https://www.linkedin.com/in/ACoAADN-eBMB5JP7L4mYzMoaf59dHy78mqd0FPk,,Senior Manager Third Party Manufacturing bei Fresenius Kabi
Ronny Lawton,Wastewater Treatment Plant Chief Operator,CXO,31,Fresenius Kabi,9711,https://www.linkedin.com/in/ACoAABZtmPsBFHoHiwKS7FYgFx3_yUZy9F1_-uc,,Senior Waste Water Treatment Technician at Fresenius Kabi USA
RAKESH PATEL,Chief Operating Officer (COO),CXO,1,Fresenius Kabi,9711,https://www.linkedin.com/in/ACoAAAUZopcB8VYbOICE9C75l460PswoxpcI_Ds,,Chief Operating Officer @ Fresenius Kabi Oncology Limited | Pharmaceutical Operations Management
Nicolas Ferre,CFO Global Technical Operations & Quality,CXO,1,Fresenius Kabi,9711,https://www.linkedin.com/in/ACoAABmhOLIBvIq-83BPiuuCKtjJT2TOvy7z41I,,CFO Global TechOps & Quality
Frank Tegen,VP Project and Program Management Global Manufacturing Pharmaceuticals,Vice President,7,Fresenius Kabi,9711,https://www.linkedin.com/in/ACoAABd4fAgBio6vNW_REMeXlrrjt6Rtil0w8zs,,Vice President Engineering bei Fresenius Kabi
Franz Kainz,"Senior Vice President, B2B Operations",Vice President,2,Fresenius Kabi,9711,https://www.linkedin.com/in/ACoAAANP244BmJOfz9qZqhBZfOUzjc1wLweM12E,,"SVP, Contract Manufacturing Services at Fresenius Kabi"
Hilary Metcalfe,"Senior Vice President R&D, Manufacturing & Supply",Vice President,6,Fresenius Kabi,9711,https://www.linkedin.com/in/ACoAAA4sYiEBlPmYxFJU3U0uy7pZ4BLYwVFraiA,,"Senior Vice President R&D, Manufacturing & Supply at Fresenius Kabi"
Dr. Alexander Hohl,Managing Director Austria & Site Head Graz (Vice President),Vice President,0,Fresenius Kabi,9711,https://www.linkedin.com/in/ACoAAC_XUhQBGDymLVE9Z2rr3jEv_KwdYUEDY5w,,Managing Director Austria & Site Head Graz - Fresenius Kabi
Eduardo Montanha,"EVP, Head of Global Technical Operations & Quality",Vice President,2,Fresenius Kabi,9711,https://www.linkedin.com/in/ACoAAAE4v6QBwOKuh2OGNdZwBf-gInyfy92kK18,,EVP - Head of Global Technical Operations & Quality
Axel Kretschmann,VP Plant Manager,Vice President,12,Fresenius Kabi,9711,https://www.linkedin.com/in/ACoAADSqITQBI0C8JvijGrz-CfMNZIPEg3ZokzE,,Pharma Plant Manager
Steven R. Nowicki,"Vice President, Manufacturing & Quality Control",Vice President,17,Fresenius Kabi,9711,https://www.linkedin.com/in/ACoAAAFApoAB78NTshpQtvV-VaGejJ2lEKAcUPU,,"Vice President, Manufacturing & Quality Control at Fresenius Kabi"
Wai Hing Lam,Senior Vice President Operations Asia BU Nutrition,Vice President,6,Fresenius Kabi,9711,https://www.linkedin.com/in/ACoAAAEsE6kBPnVEgbXpFkw6JE2Wx5qpbvqHRtE,,Senior Vice President Global Nutrition at Fresenius Kabi
Gary Zhang,Vice President Operations,Vice President,6,Fresenius Kabi,9711,https://www.linkedin.com/in/ACoAAALSnQkBBRBO64BfpurGd-YGIAcmIDfxFoo,,VP Operations China-Fresenius Kabi MedTech
Nadine K.,Vice President Customer Operations,Vice President,0,Fresenius Kabi,9711,https://www.linkedin.com/in/ACoAAAj1TYABw60ttNsAdRmAGTGTE4P3t1w0qo8,,"Vice President Customer Operations
Mitglied der Geschäftsleitung 
Fresenius Kabi Deutschland"
Jan Keller,"Vice President, B2B Operations",Vice President,1,Fresenius Kabi,9711,https://www.linkedin.com/in/ACoAABh6BmgBJsMKo_5pJlcMRL2-PH6R8NVGVOM,,Key Account Management | Fill & Finish Services | CMO
Friedrich Bischoff,VP PU Third Party Manufacturing,Vice President,9,Fresenius Kabi,9711,https://www.linkedin.com/in/ACoAACq1-xsB6CvjzW5BJ0vURPnJb_UuvR_QOh0,,VP Production Unit Third Party Manufacturing bei Fresenius Kabi
Thomas Bier,Head of Site QA / QC - VP,Vice President,4,Fresenius Kabi,9711,https://www.linkedin.com/in/ACoAABFLSxkBiSVTwgtLHH2JY5zL2ybU1A_EUi0,,Head of Site QA / QC - VP
Paola Calamai,VP Operations iPSUM BU API,Vice President,5,Fresenius Kabi,9711,https://www.linkedin.com/in/ACoAABirwVIBY8P9r4pWnhucas8664J_9LjBR4Y,,VP Operations iPSUM BU API presso Fresenius Kabi
Sikko P. van der Tuin,Vice President Operations EN ECO,Vice President,2,Fresenius Kabi,9711,https://www.linkedin.com/in/ACoAAAF84esBV0xsMhEF15o0vyf9Z6bmEo6ttis,,Vice President Operations EN ECO
Bernardo Alvarez,VP Manufacturing Operations DR,Vice President,4,Fresenius Kabi,9711,https://www.linkedin.com/in/ACoAAAkXgvYBug3W85pJStIgWyLr6vuvFaqhUQ4,,VP Manufacturing Operations at Fresenius Kabi DR
Viktor Ewald,Production manger SVP,Vice President,0,Fresenius Kabi,9711,https://www.linkedin.com/in/ACoAABENzrQBU4z9cvzRi8oG3t9g0jIVXuGi2so,,Production Manager på Fresenius Kabi
Dr. Jutta Valkenberg,SVP TechOps Digital Operations,Vice President,0,Fresenius Kabi,9711,https://www.linkedin.com/in/ACoAAAALrR0ByH7pdyLw2rLNsVxLeZnRSRKVNrY,,SVP I Global Leader in IT & Digital Transformation I Inspiring people to collaborate I Leverage technology to achieve bu
Karen Twardzik,"Vice President, Customer Operations & Trade Relations",Vice President,20,Fresenius Kabi,9711,https://www.linkedin.com/in/ACoAAAlCM9sB7pZ_EBOQzJUvdAbcd4fP1g7YiTE,,--
Marcel Kirsch,"Vice President Fi&Co, Supply Chain Mgt. / Global Operations MedTech",Vice President,4,Fresenius Kabi,9711,https://www.linkedin.com/in/ACoAAAJzOW4BxR3cFtyfxHlBeYZ9mRIw6dzNOV0,,"Vice President Fi&Co, Supply Chain Mgt / Global Operations MedTech"
Thomas Dams,VP Head of Global Manufacturing Sciences and Technology,Vice President,1,Fresenius Kabi,9711,https://www.linkedin.com/in/ACoAACMGjhsBsXE6cJVtsO15Zlh6gz7BxZXiGuY,,Head of Biologics Drug Substance Commercial Support EU/APAC
Peter Kalinski,VP - Global Head of Supply Chain MedTech,Vice President,0,Fresenius Kabi,9711,https://www.linkedin.com/in/ACoAAAEDU-8B9hVcMHETeeNmtZ5Ptlt_t_tC6mc,,Global Supply Chain Executive | VP Operations & Integrated Planning | Transformation | P&L Leadership | EMEA & APAC
Georgi Jekov,Senior Vice President Operations,Vice President,0,Fresenius Kabi,9711,https://www.linkedin.com/in/ACoAABuN8qsBDldyHE3aFcVv1UzB9afbj0kyCXg,,Senior Vice President Operations at Fresenius Kabi
Anna Thalacker,Vice President Supply Chain Management & Manufacturing Biopharmaceuticals,Vice President,2,Fresenius Kabi,9711,https://www.linkedin.com/in/ACoAAAOXoW4Bs8DR3GkpqM5Hrp6EgYCe3uELttk,,Responsible for end to end Supply Chain and manufacturing processes for biosimilars
Guillaume THOMAS,General Manager,Director,4,Fresenius Kabi,9711,https://www.linkedin.com/in/ACoAAAE3hpsB9hndIudWHEdYTW0lEv5Ruz4FqLg,,General Manager & Chief Financial Officer chez Fresenius Kabi
Gart Chinwanno,Country General Manager,Director,0,Fresenius Kabi,9711,https://www.linkedin.com/in/ACoAAAbR-3gBj8Cf9eT2ZMGbFIHf1CB8pcqoHkQ,,General Manager at Fresenius Kabi Thailand
Pavan Kumar M,Deputy General Manager,Director,2,Fresenius Kabi,9711,https://www.linkedin.com/in/ACoAAA_797cBa-vcZQN060k6lPnK6DpvSr2pHds,,"Highly proficient Microbiologist with extensive experience in quality systems and sterility assurance in Vaccines, Biosi"
Vandana Chaubal,"Sr. Engineering Specialist (Director), R&D, Disposables Engineering",Director,8,Fresenius Kabi,10809,https://www.linkedin.com/in/ACoAAAFA4n0BrRZ_OWyISyH72KZR8E1ULRBDZNo,,Sr Engineering Specialist at Fresenius Kabi
Manoranjan Singh,Sr. General Manager-Admin & Facilities,Director,22,Fresenius Kabi,9711,https://www.linkedin.com/in/ACoAAAepX4oB-mjyqjIpb_zoMTQbqtwhSy5Av38,,Sr. General Manager-Admin & Facilities at Fresenius Kabi Oncology Ltd
Puran Chand Taradia,Deputy General Manager,Director,0,Fresenius Kabi,9711,https://www.linkedin.com/in/ACoAAAcJz-gBgTzHOYOE62_42IlatH5n5nkQ3N4,,"Procurement & Supply Chain Leader | 20+ Yrs in Pharma, Biotech & Agri-Tech | Greenfield Projects | Strategic Sourcing | "
Tomas Petrla,Director of Engineering and Projects,Director,0,Fresenius Kabi,9711,https://www.linkedin.com/in/ACoAAAwFSxIBU7Ob2zXAArnGRVjRz-PTaAObdhg,,Manufacturing & Engineering Manager | Driving Operational Excellence & Sustainable Transformation | Pharma Operations Le
Ariel Tu,"Associate Director, Engineering",Director,4,Fresenius Kabi,10809,https://www.linkedin.com/in/ACoAAAFwk6MBeJVdGKIuZpxVtmgvGCuiM183WVg,,"Associate Director, Engineering at Fresenius Kabi"
Goryl Zbigniew,Director of Manufacturing IT,Director,1,Fresenius Kabi,10809,https://www.linkedin.com/in/ACoAAAPUZBEBjfQmseM2M1ZtHaHKuvMCnEOF3qI,,Director of Manufacturing IT at Fresenius Kabi
Steve Katz,Sr. Engineering Specialist (Director),Director,15,Fresenius Kabi,9711,https://www.linkedin.com/in/ACoAAAD23qUBBXI-aaobfV-IWQycCWqo4ZwWiVU,,Sr. Engineering Specialist (Director) at Fresenius Kabi
Christian Mrotzek,Senior Director Engineering & Technology Center North America,Director,10,Fresenius Kabi,9711,https://www.linkedin.com/in/ACoAAA6tE04BTccR_l049NTYrwPvRAzYUWuJluk,,"Senior Director, Engineering US, Operations Management Pharma, TechOps & Quality at Fresenius Kabi USA"
PRAKASH PATIL,Head Manufacturing Operations (Whole Time Director ),Director,6,Fresenius Kabi,9711,https://www.linkedin.com/in/ACoAAA_jAikBMXXZtJFjZXCVrSRQ6_nAD51hJ8k,,Head Manufacturing Operations.
Rohit Gaur,Deputy General Manager ( Procurement & Supply Chain),Director,21,Fresenius Kabi,9711,https://www.linkedin.com/in/ACoAAALhl-kBxIpxWwfPEgNbPHS7VzmDR8YVkko,,General Manager (Procurement) at Fresenius Kabi
Anil Kumar Sharma,Deputy General Manager,Director,10,Fresenius Kabi,9711,https://www.linkedin.com/in/ACoAACy_j4YB55C0_JdTY9u9VEU94uPraFWh_lw,,Deputy General Manager at Fresenius Kabi Oncology Limited. - India
Dipesh Raut,Head of Production,Director,15,Fresenius Kabi,9711,https://www.linkedin.com/in/ACoAAAgBeVEBIUUVE4rHnMjiYpvvgAw9nw3LytE,,Production Head at Fresenius Kabi
Rahul Bendre,Deputy General Manager,Director,7,Fresenius Kabi,9711,https://www.linkedin.com/in/ACoAACuHr1cBcre1JTkH9BMpVOAhTiAGi8XGz4A,,Deputy General Manager at Fresenius Kabi
Manish Mishra,General Manager Production,Director,1,Fresenius Kabi,9711,https://www.linkedin.com/in/ACoAAAb8wwwB5qFCsM9YRyqSzmUs0oNmq3rcU1Y,,"General Manager – Operations | Sterile Manufacturing operations, GMP Compliance & Operational Excellence"
Ratandeep chharia,Senior General Manager ,Director,9,Fresenius Kabi,9711,https://www.linkedin.com/in/ACoAAAxh83EB_fT_OfK4x5v7_XfPWkzSCWBSO98,,Senior General Manager  at Fresenius Kabi Oncology Limited. - India
Neeraj Kumar S.,General Manager - Engineering & Projects,Director,5,Fresenius Kabi,9711,https://www.linkedin.com/in/ACoAAAHqGVEBtH3R6XYAH4s-bi1ILU7O55k9ZBM,,General Manager - Engineering & Projects at Fresenius Kabi
Sudipta Kumar Banerjee,Assistant General Manager,Director,0,Fresenius Kabi,9711,https://www.linkedin.com/in/ACoAAEgVIhEB4B2KPgj844veoqW2WesvDCZC3p0,,Assistant General Manager at Fresenius Kabi
Cma Ashutosh Gupta,General Manager,Director,9,Fresenius Kabi,9711,https://www.linkedin.com/in/ACoAAAlv0msBTdOiyH1xkRDssE_N_ivDGr7sSo8,,General Manager at Fresenius Kabi Oncology Limited
Fiona Tini,Site Head of Quality,Director,1,Fresenius Kabi,9711,https://www.linkedin.com/in/ACoAAAcZub4BIjm4Rruag_KEHlboCvvj3zJlyX8,,MSc. | MPhil | Site Head of Quality | Pharmaceutical | Sterile Manufacturing
Nils Krause,Head of Project Management Office - TechOps & Quality - Digital Operations,Director,2,Fresenius Kabi,9711,https://www.linkedin.com/in/ACoAACRi20oBl-Cd5R8yfoGGUHyycdKWKv9zZEY,,"Create value, by bringing people and technology together"
Loida  Perez,Director of Operations,Director,1,Fresenius Kabi,9711,https://www.linkedin.com/in/ACoAAAt5f1sBZss_TZN4V6fWQTRXZruKHpytQeM,,Director of Operations at Fresenius Kabi
Erich ROIS,Head of Manufacturing Unit 1 Pharma Production,Director,12,Fresenius Kabi,9711,https://www.linkedin.com/in/ACoAAAp6YhkBKaU5mwxxoaq4DOS2DRtn_x2nVDI,,Head of Manufacturing Unit 1 at Fresenius Kabi
Herman Van Der Merwe,Plant Director,Director,0,Fresenius Kabi,9711,https://www.linkedin.com/in/ACoAAEDUGgoBO1dR14ObclB0RG5c0vumdZY9JaQ,,Plant Director at Fresenius Kabi
Cornel Iofcea,General Manager,Director,26,Fresenius Kabi,9711,https://www.linkedin.com/in/ACoAAATqhJcB9TrRpz_WjX7FqcT5mcbe8s1m5rI,,GM
Pietro Previero,Head of Engineering Department,Director,2,Fresenius Kabi,9711,https://www.linkedin.com/in/ACoAAA2bcpYBkLVsclGxhM43p2aiOlnL1yjCMDc,,Student at Engineering of Management (University of Padova)
Violeta Bajeliene,General Manager Baltics and Finland,Director,2,Fresenius Kabi,9711,https://www.linkedin.com/in/ACoAAAFqL_wBC9Q7wxWxFtcF_ezRV9eh-XgKHKA,,General Manager Baltics and Finland at Fresenius Kabi
Timo Matser,director operations,Director,25,Fresenius Kabi,9711,https://www.linkedin.com/in/ACoAAADa9MQBg7ietZ4nDwDfM_gUcDURwIGs7VI,,director operations at Fresenius Kabi
Yuhong Zhang,Plant HR Associate Director,Director,15,Fresenius Kabi,9711,https://www.linkedin.com/in/ACoAAB_gUToBRsLTUTYG-I6mpouXci78cAlaCT4,,Fresenius Kabi - Plant HR Associate Director
Björn Carlborg,Director Manufacturing Operations Sweden,Director,3,Fresenius Kabi,9711,https://www.linkedin.com/in/ACoAAApP53MBV2KUjsLVKi6vLZzLiV1eynpSH8k,,Director Manufacturing Operations Sweden på Fresenius Kabi
Vassilis Vougioukas,Head of Accounting & SC operations,Director,7,Fresenius Kabi,9711,https://www.linkedin.com/in/ACoAADB-nYIBIr3nFXbjU271hWdLqTvEThB4F_k,,Head of Accounting & SC operations at Fresenius Kabi
Shoji Hoshiyama,"執行役員, Director, Operations",Director,1,Fresenius Kabi,9711,https://www.linkedin.com/in/ACoAAAasFMMBBET1eEHvb_tht9MtB_MqDRkJ7mk,,"Director, Operations at Fresenius Kabi"
Eva Vencovska,General Manager Czech Republic and Slovakia,Director,12,Fresenius Kabi,9711,https://www.linkedin.com/in/ACoAAA37DDwBKYFrynx1fyDc5qRdgR32_O4w68g,,Inspiring Leader & Experienced General Manager in Pharma Industry
Manish Bhatkar,General Manager,Director,0,Fresenius Kabi,9711,https://www.linkedin.com/in/ACoAAAL1tA8B0WW7f5LCkopw2ncnSnb-zOlXGBM,,General Manager at Fresenius Kabi Oncology Limited
Rakesh Singh,General Manager,Director,25,Fresenius Kabi,9711,https://www.linkedin.com/in/ACoAACUqo_MBfTJK-ysPG1e7W4eCNrPodBrjKwQ,,General Manager at Fresenius Kabi Oncology Limited. - India
Joseph Corbett,Associate Director of Operations,Director,0,Fresenius Kabi,9711,https://www.linkedin.com/in/ACoAAFQyPkkBw1gGbYByUlghBVt7gvOy9O0KhHA,,Associate Director of Operations at Fresenius Kabi
Indrawati Taurus,General Manager,Director,0,Fresenius Kabi,9711,https://www.linkedin.com/in/ACoAADWB8tIBNsCZ-Gb9tPVPVR7HPnqiZFw1T18,,General Manager at Fresenius Kabi
Marcio Leite,Site Director,Director,3,Fresenius Kabi,9711,https://www.linkedin.com/in/ACoAAAQSQr0Bm7FIY7mG-Tt5MopkJItn7YwDYNs,,Site Director at Fresenius Kabi | Engineer leading medical device-pharmaceutical company to deliver quality and cost-eff
Carsten Korte,Director Supply Chain Management PU Third Party Manufacturing,Director,6,Fresenius Kabi,9711,https://www.linkedin.com/in/ACoAABi8hvsBtcGWtmUN0SOJKizksDOrfDRz-nc,,Director Supply Chain Management PU Third Party Manufacturing bei Fresenius Kabi
Rebekka Horsch,Head of Biological QC - Operations and Monitoring,Director,4,Fresenius Kabi,9711,https://www.linkedin.com/in/ACoAACLQPtYBBrEHGCkbvbwLbFNi14izXyJOee8,,Head of Biological QC - Operations and Monitoring bei Fresenius Kabi
Frank Becker,Senior Director Operations Controlling,Director,0,Fresenius Kabi,9711,https://www.linkedin.com/in/ACoAADu-MjEBbXYXdgPbViM7AEy-pj7PLskVNIU,,Senior Director Operations Controlling bei Fresenius Kabi
Andreas Hergesell,"Head of Production (AMWHV) I.V. Bottles, Compounding and Energy",Director,4,Fresenius Kabi,9711,https://www.linkedin.com/in/ACoAAA_QIP4BG6xlm4Vtmwb1dbPeHI9O8JtLN70,,"Head of Production (AMWHV) I.V. Bottles, Compounding and Energy"
Y. Schwarz,"Sachkundige Person (Qualified Person), Head of Production",Director,3,Fresenius Kabi,9711,https://www.linkedin.com/in/ACoAADzb41ABIoGSElcjNTg85I0bA650BUtfULk,,"Pharmacist, Qualified Person, Head of Production"
"Dr. Gudrun Sauer, PMP",Director CapEx Project Portfolio Management - Operations for Nutrition and Standard Solutions ,Director,6,Fresenius Kabi,9711,https://www.linkedin.com/in/ACoAADnrJkUBk9qUUE3P1cXC04H6SfICVylvlyY,,Director Projects in Operations Clinical Nutrition
Chris Ashcroft,Director Of Compounding Operations,Director,4,Fresenius Kabi,9711,https://www.linkedin.com/in/ACoAAAQ5iIoBk-5KrQvRrX6wIieh0fXSfrdeb78,,Director of Compounding Operations
Dipesh Patel,Senior Director Quality Operations: Europe & South Africa,Director,0,Fresenius Kabi,9711,https://www.linkedin.com/in/ACoAABdUpGwBVd_n7-4zte24GQvDRBEZa2or7-E,,Senior Director Quality Operations: Europe & South Africa at Fresenius Kabi
Negrier Bertrand,Director Export Operations,Director,11,Fresenius Kabi,9711,https://www.linkedin.com/in/ACoAAAF8UNwBXrvzANBqYB3wzICZCOr2Z1vvwIM,,Director Export Operations
Michel Blezat,GENERAL MANAGER,Director,0,Fresenius Kabi,9711,https://www.linkedin.com/in/ACoAAAla-OYBmjbkNQVNk24xdD8JjGfxg0ukaQE,,GENERAL MANAGER chez Fresenius Kabi
nasser JHUBOO,System Engineering Director,Director,6,Fresenius Kabi,9711,https://www.linkedin.com/in/ACoAABaegCcB5hVMjlxSoBsO6nQojIHzaGzohH4,,System Engineering Director (Fresenius Kabi)
Emmanuel Noharet,R&D Director - Sustaining Engineering Program,Director,1,Fresenius Kabi,9711,https://www.linkedin.com/in/ACoAAAWN-FsBDZ9WZ7v-h8L15k71b3yTb1YirDE,,R&D Director - Sustaining Engineering Program chez Fresenius Kabi
Damien Barbeyrac,R&D Manager - Head of Systems Engineering,Director,4,Fresenius Kabi,9711,https://www.linkedin.com/in/ACoAAAZhqJgB-8LU0yACgqSMj0Q2FYwLJQmuWRg,,R&D manager - Systems Engineering
Céline Mullet,General Manager Business Unit,Director,0,Fresenius Kabi,9711,https://www.linkedin.com/in/ACoAAFAWSC8B9XT8zYP56y0jHLudSjZuy4Lvsow,,General Manager Business Unit chez Fresenius Kabi
Fabio Martinelli,Operations Director,Director,12,Fresenius Kabi,9711,https://www.linkedin.com/in/ACoAACvF8g4BhU06tiq-5fZLatY9Tsz5vOUzcPU,,Operations Director presso Fresenius Kabi
Francesco Cea,"Senior Director Manufacturing QA Projects at Pharmaceutical Division, Fresenius Kabi",Director,5,Fresenius Kabi,9711,https://www.linkedin.com/in/ACoAAAEr2TQBuiUFZHxMC5345CV1W84tqEmkZAk,,"Senior Director @ Fresenius Kabi | Global Quality Management, Pharmaceuticals"
Luca Ferraresi,Site Head - Plant Manager,Director,2,Fresenius Kabi,9711,https://www.linkedin.com/in/ACoAAAy03AYB-RbFe-wx1Eckiq6_lwsrSQsQvuI,,Site Head - Amm.Delegato - Mirandola Filter Production Plant
Simonetta Falsiroli,OpEx Site Lead,Director,2,Fresenius Kabi,9711,https://www.linkedin.com/in/ACoAAAcSSqABsculOUCui6kzB-dJBswRYB3AHCk,,Pharma Aseptic Operations/ Pharma Packaging Operations/ OPEX/ Continuous Improvement
Suleiman Valdomir,General Manager Fresenius Kabi LAM Exports,Director,1,Fresenius Kabi,9711,https://www.linkedin.com/in/ACoAAAClX_QBZknlfUqsOqHh9Not5AzD3zGRyWs,,Gerente General Fresenius Kabi Colombia
Luis Orozco,general manager,Director,20,Fresenius Kabi,9711,https://www.linkedin.com/in/ACoAAAC2w0wB73bNDgODbhkjriURJdO8eQ5ypOs,,general manager at fresenius-kabi
Gabriel Froidevaux,General Manager,Director,0,Fresenius Kabi,9711,https://www.linkedin.com/in/ACoAACd992YB5MFoSYUUOmY3irUFZU8ajNqd3cE,,General Manager en Fresenius Kabi
Daniel Dzierzyc,Production Director,Director,7,Fresenius Kabi,9711,https://www.linkedin.com/in/ACoAACOQeRYBk0eMkDbJL6ZrQZXiKJ8z1ovIdcg,,Production Director w Fresenius Kabi
Tomasz Dudziński,Country Procurement Operations Head,Director,0,Fresenius Kabi,9711,https://www.linkedin.com/in/ACoAACFeXEEBj6WjCtg9pAEvcraKPZH-hvFmXQw,,Country Procurement Operations Head
Agnieszka Strońska,Production Training and Documentation Supervisor Assistant General Manager,Director,24,Fresenius Kabi,9711,https://www.linkedin.com/in/ACoAADTL4lUBa_cyal9BaPXHNXgxFsb818XkDLg,,Production Training and Documentation Supervisor Assistant General Manager w Fresenius Kabi
Andre Schütte,Senior Manager (Head of) MCSA Operations - Digital Transformation & AI,Director,1,Fresenius Kabi,9711,https://www.linkedin.com/in/ACoAAAqhnxEB1L50bRm-nHtY8_ZnF_7YIdGOFL4,,Head of MCSA Operations - Digital Transformation & AI at Fresenius Kabi
Roxana Manole,General Manager,Director,6,Fresenius Kabi,9711,https://www.linkedin.com/in/ACoAAALnDs8BltvkFcEEkrGc0ir_fhaQRzqkVIE,,General Manager
Amit Kataria,Managing Director South America,Director,1,Fresenius Kabi,9711,https://www.linkedin.com/in/ACoAAAC_KI0BYZSBDNp_9uciQQahLxJtcHlt64w,,"Managing Director South America | Driving Healthcare Growth, Impact & Execution | Committed to Life"
RENAN VILLIEU,General Manager Philippines,Director,1,Fresenius Kabi,9711,https://www.linkedin.com/in/ACoAAAA5PJkB52tfaMfv8Sh5pqE1hYl-kO38jyI,,General Manager at Fresenius Kabi
Derek Fermin,"Sr Director Operations, Technology & Engineering",Director,2,Fresenius Kabi,9711,https://www.linkedin.com/in/ACoAAAJ6EMUBs7lnFrUCrsnnkkdxGv4njMn4NP8,,"Sr Director Manufacturing, Technology & Engineering at Fresenius Kabi leading high performance teams and driving operati"
Jorge A. Bandeira,Director,Director,18,Fresenius Kabi,,https://www.linkedin.com/in/ACoAACYL7ScB2WGIhZ4COcya4kCei9NPsCrYllk,,Production and Projects Director at Fresenius Kabi
Joana Loureiro,General Manager Assistant,Director,7,Fresenius Kabi,9711,https://www.linkedin.com/in/ACoAAA2KekwBgCXegW5j7_cA44ziA1QkXwagWTI,,Engenheira Química e Bioquímica
Michael Holzweber,Head of Quality Operations / Deputy Head of QA / Global Auditor,Director,1,Fresenius Kabi,9711,https://www.linkedin.com/in/ACoAACR0TScBSyC53LMQAi7wJDBvmEYgQ-Rlq5I,,"I'll either find a way, or make one."
Kerstin Gradauer,"Head of Quality Operations & Release, Qualified Person",Director,6,Fresenius Kabi,9711,https://www.linkedin.com/in/ACoAABwXig0BycUYgar1QS3HEPD21h1HXJNnu3c,,"Head of Quality Release, Qualified Person at Fresenius Kabi"
Christoph Schwer,Director Packaging Operations,Director,5,Fresenius Kabi,9711,https://www.linkedin.com/in/ACoAAAwypKoBCu-gThDr6pSOJTtYS-ONcKuOELA,,Director Packaging Operations at Fresenius Kabi
Lysiane Daves,Senior Director Quality Operations,Director,2,Fresenius Kabi,9711,https://www.linkedin.com/in/ACoAAAi8sOgBdOcTmZyb5TnwD5pJpkdobqBZffw,,Quality Senior Director
"Jérôme Crittin, Ph.D.",Director - Third-Party Manufacturing & Supply Chain Quality - Responsible Person,Director,0,Fresenius Kabi,9711,https://www.linkedin.com/in/ACoAAAJSIMMBx0Mq_kRkZ3GhIO_VcPtqyuEa8Xg,,Directeur External manufacturing Quality & QP 🚀 Améliorer la Santé par la Qualité
Nina Gabrielsen,"Director, Contract Manufacturing, Region Nordics",Director,5,Fresenius Kabi,9711,https://www.linkedin.com/in/ACoAABC_bgoBG7yD7RCRxaGKYc3DQWpaitA9esY,,"Director, Contract Manufacturing, Region Nordics i Fresenius Kabi"
ASHISH SHUKLA,Deputy General Manager,Director,0,Fresenius Kabi,9711,https://www.linkedin.com/in/ACoAAAydNv4BlixnTmQwZokpszDNaKTs9NDVLzg,,"18 years experiences in Formulation OSD/Sterile/API/FMCG plants, Certified Lean Six Sigma Black Belt (LSSBB), Green Belt"
Samantha James,Senior Director of Revenue Operations,Director,7,Fresenius Kabi,9711,https://www.linkedin.com/in/ACoAAEM6g20BTWOQcR2rOtQu5D-le117Hfq_JTg,,"Fresenius Kabi-Senior Director of Revenue Operations
"
"Saskia Spahn, PhD",Director Strategic CAPEX Projects - Global Engineering,Director,0,Fresenius Kabi,9711,https://www.linkedin.com/in/ACoAABj8TjAB0QfNkUXKwuA1u9-okGoFNhE1-O8,,"Director Strategic Projects bei Fresenius Kabi l Experience in Pharma Operations, Engineering, Quality and Strategy"
Bettina Moritz,Head of Production Planning,Director,4,Fresenius Kabi,76554050,https://www.linkedin.com/in/ACoAAB1TXP0B_zO2hjRHcOMlHHXZMPd1iJdC1UQ,,Head of Production Planning bei Fresenius Kabi
Yatendra Gargsar,Deputy General Manager,Director,1,Fresenius Kabi,9711,https://www.linkedin.com/in/ACoAAA4PKbEB3Z7wLDYmTF6xGqruaeuYMS25VlE,,Chartered Accountant l Cert FxTM l dip IFRS
Massimiliano Ricciardi,"Head of  Global Alliance Management, Business Development & Third Party Manufacturing",Director,7,Fresenius Kabi,104314502,https://www.linkedin.com/in/ACoAAAB8dkUBmaxGg3CQ_S41Q9XEO-imT0YGx3c,,"Head of Global Business Development, Alliance Management & Third Party Manufacturing SVP at Fresenius Kabi"
Chandramohan Reddy,Site Head,Director,0,Fresenius Kabi,9711,https://www.linkedin.com/in/ACoAAATlOgoBBcrf31QEw2hY1cwgmKFYhpZxvxw,,"SIte Management/ Operations/Process Engineering/Ex-Sanofi, Teva, DRL, Biocon, Cipla"
Pete Garite,Director of Customer & Technical Service Operations,Director,4,Fresenius Kabi,9711,https://www.linkedin.com/in/ACoAAADasvQB7s8MuNaVpfXNkzJqsvRa5SN7RfI,,Director of Customer & Technical Services Operations
Marc Sanchez,Director of Hardware Engineering,Director,1,Fresenius Kabi,9711,https://www.linkedin.com/in/ACoAABB6nSABfwsExN82CwGhoSieTezsl3zD6Pk,,Director of Hardware Engineering @ Fresenius Kabi
Gerry O'Connor,General Manager,Director,0,Fresenius Kabi,9711,https://www.linkedin.com/in/ACoAAANKpSsBL-nAxJ64KmOQBzLn8t3nAbI70DI,,Retired General Manager at Fresenius Kabi
Sunil Honkalas,Senior Deputy General Manager,Director,2,Fresenius Kabi,9711,https://www.linkedin.com/in/ACoAAALPlqUB34PvWM8QM2FJvuvo_FoNOs_M7-8,,"Senior DGM, Medical Affairs and Pharmacovigilance at Fresenius Kabi South Asia"
Marek Tietze,General Manager Czech Republic,Director,0,Fresenius Kabi,9711,https://www.linkedin.com/in/ACoAABRYrMYB6KEatAyVgBxVvCezgxMTWUma79c,,General Manager Czech Republic
Marco Pianta,General Manager,Director,4,Fresenius Kabi,9711,https://www.linkedin.com/in/ACoAAASRWa4BcNNdC1Q3nlcnAuxGHsqFhyGdyAY,,General Manager at Fresenius Kabi
Shivaji Chakraborty,Asst. General Manager,Director,15,Fresenius Kabi,9711,https://www.linkedin.com/in/ACoAAAS3YCIBIWX-39KdbxQuUKQwGRQrXrslJt4,,Asst. General Manager at Fresenius Kabi Oncology Ltd
Venkatesh prasad,Production Head,Director,0,Fresenius Kabi,9711,https://www.linkedin.com/in/ACoAAAM4kN0BnKKSglqDEBv5lB-blmWO4KlBED4,,Production Head at fresenius kabi oncology ltd.
Amit Sarkar,Deputy General Manager,Director,4,Fresenius Kabi,9711,https://www.linkedin.com/in/ACoAADFqVH8BAhC-vG74Fk9r4gYg76sJjZTgAbw,,--
Yashvantkumar Desai,General Manager - Technical (Enteral Nutrition),Director,0,Fresenius Kabi,9711,https://www.linkedin.com/in/ACoAAAeQsywBeTuiF2TpLHrBmUvZ_gIYxHyCAuY,,General Manager - Technical (Enteral Nutrition) at Fresenius Kabi
Rich West,Director of Mechanical Engineering,Director,0,Fresenius Kabi,9711,https://www.linkedin.com/in/ACoAAEg9JgoByHdycxP1pdIMNfws68ty0TmwWgg,,Director of Mechanical Engineering at Fresenius Kabi
Hamza Senalan,"Head of Combination Products Competency - NAM, Quality Engineering Manager",Director,8,Fresenius Kabi,9711,https://www.linkedin.com/in/ACoAAAtQEroBe8bGb6RMAlnlW0x6AoNmt54LNac,,Head of Combo Products Competency - NAM @ FK - ASQ CMQ/OE® Certified
subir chopra,Asst. General Manager,Director,0,Fresenius Kabi,9711,https://www.linkedin.com/in/ACoAAAIKD_oBTCYBflDDXr5yVsGdn6xCVu1YK60,,Asst. General Manager at Fresenius Kabi
Kais Abbes,Country General Manager,Director,0,Fresenius Kabi,9711,https://www.linkedin.com/in/ACoAAACAjvkBRCXg5g0REUxCEIFcc1p4FeqOlwE,,General Manager
Anna Ekwall,Financial Director Market Unit Sweden,Director,9,Fresenius Kabi,9711,https://www.linkedin.com/in/ACoAAAAPU6sBbj-DsD22CBhLSLpyUWm45F9Jrcc,,"General Manager Market unit Sweden, Norway, Denmark"
Sabine Hinterkeuser-Freye,Director Global Manufacturing Project  Controlling,Director,1,Fresenius Kabi,9711,https://www.linkedin.com/in/ACoAAALq6GcBEClOcKq6C6paIFf80099xyHodZA,,Internationally experienced leader in Finance and Operation responsible for the operational and strategic leadership of 
James Chiu,General Manager,Director,10,Fresenius Kabi,9711,https://www.linkedin.com/in/ACoAAANXx1gB9D0hlJlKOockhLAbzhDbX8O-0B0,,"Be in charge of Nutrition, Pharmaceutical & Medical Devices Business in Taiwan"
Rohit Koundal,Manager EHS (Site EHS Head),Director,0,Fresenius Kabi,9711,https://www.linkedin.com/in/ACoAAE_kQPkB_qCF1g8IsHcmmLxUtEcY83Mht1U,,"Manager EHS @ Fresenius Kabi | EX -USV PRIVATE LIMITED, EX DR REDDYS,  EX ITC, EX CHEMBOND CHEMICALS, EX ZEON LIFESCIENC"
Ronald Geerdink,Business Process Owner Production and Plant Maintenance,Owner / Partner,11,Fresenius Kabi,9711,https://www.linkedin.com/in/ACoAABfIqgQBw0dchtrNlXvIwLDVkWulZmw3kDQ,,Director IT & SHE bij Fresenius Kabi
Marko Krenzlin,Global Engineering Business Partner,Owner / Partner,0,Fresenius Kabi,9711,https://www.linkedin.com/in/ACoAACMUKIcBMT8GuIyT24mIEdnJ-PdIt8NYum0,,--
Ranjit Singh,Site Head-HR Business Partner,Owner / Partner,0,Fresenius Kabi,9711,https://www.linkedin.com/in/ACoAAAOibqQBPeWqPIVmOtNS5DETs8H1kgbxOhQ,,Site Head-HR Business Partner at Fresenius Kabi
Wojciech Miśkowski,Engineering Manager,Entry Level Manager,24,Fresenius Kabi,9711,https://www.linkedin.com/in/ACoAACHL7coBzSKNf_RA-fWQN6ffqVM-VVgvQuA,,"Technical & Engineering Director at Fresenius Kabi, Proxy Fresenius Kabi Plant Błonie"
medrick rainbow,Sr. Director Operations,Director,13,Fresenius Kabi Australia Pty Ltd,2753280,https://www.linkedin.com/in/ACoAABBiTOYBD41wpdSdDBXMPnRBi1EAjikp_MI,,medrick.rainbow@fresenius-kabi.com at Fresenius Kabi Australia Pty Ltd
Alexandra Langmann,Head of Process Engineering and OpEx,Director,1,Fresenius Kabi Austria,76554050,https://www.linkedin.com/in/ACoAACRKZDoBDkikb1gfLW6E-pnCjFpw3eaw4p4,,Packaging Operations bei Fresenius Kabi Austria
Maria Ennemoser,Head of Manufacturing Unit 3,Director,1,Fresenius Kabi Austria,76554050,https://www.linkedin.com/in/ACoAACqd_-IBzyvk5YkoRlLh0Pzc_0PeILbIC_k,,Head of Manufacturing Unit 3 at Fresenius Kabi Austria
Bernhard Hutter,"Head of Global Manufacturing IT, Infrastructure",Director,4,Fresenius Kabi Austria GmbH,76554050,https://www.linkedin.com/in/ACoAACJbHTIBPvMO7o77Ay39HjW3jkoUrlPYzqc,,IT-Experte bei Fresenius Kabi Austria GmbH
Paul Filzwieser,Head of manufacturing unit (aseptic LVP filling),Director,2,Fresenius Kabi Austria GmbH,76554050,https://www.linkedin.com/in/ACoAADmclEcBMTuZ-VvVD9OSGvdKJCWMp4Jptbg,,Abteilungsleiter bei Fresenius Kabi Austria GmbH
Aleksandra Kaleta,Head of Accounting and Procurement Operations in SSC,Director,0,Fresenius Kabi Business Services Sp,16225430,https://www.linkedin.com/in/ACoAAACCLRoBCbCkaVaRGkpRCkgI5tcLAf9ZoG8,,F&A and Procurement Operations Director at Fresenius Kabi Business Services Sp. z o.o.
Holger Jungekrüger,Senior Director Contract Manufacturing Operations & Trading Goods,Director,8,Fresenius Kabi Deutschland GmbH,7442561,https://www.linkedin.com/in/ACoAAAfyUV4B6biK9t5gI76S4ZbqiUM_5Xq296g,,Senior Director Contract Manufacturing Operations & Trading Goods bei Fresenius Kabi Deutschland GmbH
Antonio Cericola,Operations Peptides Director at Fresenius Kabi iPSUM – Peptides plant,Director,3,Fresenius Kabi iPSUM,,https://www.linkedin.com/in/ACoAAAn5Z0EB9pO86Lww6MW6CXPfgr4257TOY0Q,,Operations Peptides Director at Fresenius Kabi iPSUM
Joerg Pluskwik,General Manager,Director,4,Fresenius Kabi Medtech,,https://www.linkedin.com/in/ACoAAAy-XRIBX8xH2RyMEgO6n-_dnmmZXessV3E,,General Manager at Fresenius Kabi Medtech
Christian Schwan,Senior Manager Head of Production Quality,Director,2,Fresenius Kabi MedTech Europe,69030851,https://www.linkedin.com/in/ACoAAFe_0nMBsS2sWZuCRTnpk9DzyN9sCItY2Sw,,Senior Manager | Head of Production Quality bei Fresenius HemoCare
Chris Daniel,Director Quality Systems,Director,8,Fresenius Kabi NC,1185,https://www.linkedin.com/in/ACoAAAXCgmMBnfp_erhMdbGCMPZqnHTK001oHcI,,"Sr Director, Plant QA at Fresenius Kabi NC"
Arvind Kumar Sharma,General Manager & Saite head,Director,0,Fresenius Kabi Oncologly Ltd,,https://www.linkedin.com/in/ACoAAANDXH4Bh1CAu6NNfatf431W0VyCdiYLG1s,,General Manager & Saite head at Fresenius Kabi Oncologly Ltd
Amit Kumar Sarkar,Deputy General Manager,Director,15,Fresenius Kabi Oncology Ltd,,https://www.linkedin.com/in/ACoAAGQ_fwsBBSqldn-mpGUtDkBiZZ-7f3TZVtw,,Head Warehouse SCM at Fresenius Kabi Oncology Ltd
"Iván A. Pérez Rosario, MBA, EIT, PMP",Director of Engineering,Director,1,Fresenius Kabi Puerto Rico PU,102784273,https://www.linkedin.com/in/ACoAAA64dDwBfL014MbgT4FQAYwnLOlGOVT_kmI,,Engineering Director at Fresenius Kabi Puerto Rico PU
Kris Swinnerton,Operations Director,Director,7,Fresenius Kabi UK,14000206,https://www.linkedin.com/in/ACoAAADMt6EB1NANe_HRqRQF_10ujBn4wI5kUAk,,Operations Director at Fresenius Kabi UK
Luis Quesada,"VICE PRESIDENT, MANUFACTURING OPERATIONS AND SUPPLY CHAIN",Vice President,3,Fresenius Kabi USA,10809,https://www.linkedin.com/in/ACoAABIKWN0BkE-zJdiSqzmKsjWEeRt9m-_gC7Y,,"Vice President, Manufacturing Operations and Supply Chain at Fresenius Kabi USA"
Brant Morris,"Senior Director, Distribution Operations",Director,0,Fresenius Kabi USA,10809,https://www.linkedin.com/in/ACoAAAbFqX8BTtre2jLF1ADLIKzn6irSUMLHYrw,,Senior Director Distribution Operations at Fresenius Kabi USA
Ydari Rodriguez,Director of Operations,Director,3,Fresenius Kabi USA,10809,https://www.linkedin.com/in/ACoAABuR4akBKmT3mDC8kMiKsidPjw_A8sgZdcU,,Operations Director at Fresenius Kabi USA
Thomas Furtek,Sr Director of 3rd Party Manufacturing NAM,Director,10,Fresenius Kabi USA,10809,https://www.linkedin.com/in/ACoAAAAzwycB7XOFi8ns4Fg5WTXe114uUFiW1gc,,VP of Third Party Manufacturing  at Fresenius Kabi USA
Alexander Vakula,"Senior Director, Serialization & Packaging Engineering",Director,1,Fresenius Kabi USA,10809,https://www.linkedin.com/in/ACoAABAh0hMBGP2Na8U8MaqwsZbzfz3qzG2-teA,,"Senior Director, Serialization and Packaging Engineering bei Fresenius Kabi USA, LLC"
Georgia Hizon,Director of Regulatory Operations ,Director,7,Fresenius Kabi USA,10809,https://www.linkedin.com/in/ACoAAAFXwTEB0Wkfz4UeN05318Cp0SWVOsnV79c,,Director of Regulatory Operations  at Fresenius Kabi USA
Ben Kusters,Sr. Engineering Specialist - Director,Director,2,Fresenius Kabi USA,10809,https://www.linkedin.com/in/ACoAABPdbxAB5mEpn4fl4d59JrMVoJnVR_ojhlA,,Sr. Engineering Specialist - Director at Fresenius Kabi USA
Rich West,"Senior Director, Mechanical Engineering",Director,46,Fresenius Kabi USA,10809,https://www.linkedin.com/in/ACoAABv60BcBAk7WmsOaBfRLOB3xCXoV_7eDkkk,,"Sr. Director, Mechanical Engineering at Fresenius Kabi USA"
Jim Burnetti,Director,Director,10,Fresenius Kabi USA,10809,https://www.linkedin.com/in/ACoAAADxC4oB5X3vZxWIMZ3pJuCd7yAqqUigj2I,,"Director, Supply Chain, Third Party Manufacturing at Fresenius Kabi USA"
Kurt Attermeier,"Senior Director, Engineering and Packaging Systems",Director,5,Fresenius Kabi USA,10809,https://www.linkedin.com/in/ACoAAADukwAB9Ph3PIWiVhfHmdf_ujp67M25sTI,,"Senior Director, Engineering and Packaging Systems at Fresenius Kabi USA"
Daniel Caplan,"Director Quality Engineering, Head of Competence Center Combination Products",Director,4,Fresenius Kabi USA,10809,https://www.linkedin.com/in/ACoAAAJ-KyoBEeTBR5BtSCEO0sVXedr8QyQDSq8,,"Director Quality Engineering, Head of Competence Center Combination Products at Fresenius Kabi USA"
Baltisar Oswald,Head of Software Engineering,Director,3,Galenica,1520327,https://www.linkedin.com/in/ACoAABCUZBUB3EPYrJmIt-R9DrmTvMXzQpabkfw,,Head of Software Engineering
Bernhard Schuetz,Head of Operations,Director,0,Galenica,1520327,https://www.linkedin.com/in/ACoAAAAoFIYBdLf11V9Ja3m8VdRxd-hIa4f88lc,,Head of Operations at Galenicare
Aleksandra Dos Santos,Head of Financial Operations & Accounts Receivables,Director,0,Galenica,1520327,https://www.linkedin.com/in/ACoAAAme4woBuEwIvzWKTNM7ch8qB8DRo9acWu8,,Head of Financial Operations & Accounts Receivables
VASSO MAVROU,Plant manager & QA Head,Director,6,GALENICA S,1784450,https://www.linkedin.com/in/ACoAAAVDVXUB2JB29mB3-xrp35xG_7-GpTgD5F8,,Plant manager at GALENICA S.A.
Thomas Adelsberger,Head of Buildings & Engineering,Director,5,Gebro Pharma GmbH,20498848,https://www.linkedin.com/in/ACoAACQY5tQBu3cusSQ8_VXIUaN6HX-UXZqb4O8,,Head of Buildings & Engineering bei Gebro Pharma GmbH
Kelly Dutton,"Group Account Director, Media Planning",Director,0,Getting,54324395,https://www.linkedin.com/in/ACoAAABokuUB9GfW0vz_LKUKOlzOurVKKLZPZKE,,Paid Media Strategy Leader |  15+ Years Driving New Business | Relationship Builder  | Team Mentor  | Skilled at Getting
"Montasir Ahmed, MBCI, CPP, CSCSS, SAS, CSP",Partner- Asia Operations,Owner / Partner,0,Group Resilience,106332615,https://www.linkedin.com/in/ACoAACw9orEBDeObVn24Up0RPnIICzkaPLM55Yg,,Partner Asia Operations at Group Resilience | Business Resilience and Continuity Management | Board Certified in Securit
Fernando Oliva,General Manager/Industrial Engineer,Director,0,Grupo Zeta,36160,https://www.linkedin.com/in/ACoAAAAPeiABIKC2LzwIfPS2_OA5Aa912fdgnRY,,"General Manager/Industrial Engineer at Grupo Zeta, Zeta Gas El Salvador"
Markus Klug,Director Of Operations,Director,8,Heraeus,15366815,https://www.linkedin.com/in/ACoAABuvACcBe1eG2BZb-FodUjKpd09QPORf4-8,,Director of Operations at Heraeus
Jochen Rienecker,Director Operations CP/Gauzes,Director,4,Heraeus,15366815,https://www.linkedin.com/in/ACoAABWvzwkBywKrehw51I4d9N648AgEgwg-MeQ,,Production Manager Chemical Products bei Heraeus
Murat Hotunlu,Global Head of Operations (SVP),Vice President,0,Heraeus Precious Metals,90616874,https://www.linkedin.com/in/ACoAADpmICIBTtIaI6wcLwgFaDUDyguFkrFqRjU,,"Global Head of Operations (SVP), MBA"
Michael Johannes Weis,Senior Vice President - Global Head of Operations,Vice President,8,Heraeus Precious Metals,90616874,https://www.linkedin.com/in/ACoAABdi3UAB2ZHrl0t53Wl_wlihK6Eceh-fU5A,,Senior Vice President - Global Head of Operations bei Heraeus
Dr. Stephanie Geisert,Head of Operations Precious Metals Catalysts,Director,3,Heraeus Precious Metals,90616874,https://www.linkedin.com/in/ACoAACyu4cQBlRHDUUp_mulKVc6B2gQhJHtd7uI,,Head of Operations Precious Metals Catalysts bei Heraeus
Stephan Osinga,Head of Project Engineering,Director,3,Heraeus Precious Metals,90616874,https://www.linkedin.com/in/ACoAAA0_4TsBu1u1ad8rCE2MKObapVyB9gFUDsA,,Head of Project Engineering at Heraeus Precious Metals GmbH & Co. KG
Anna Hund,Head of Site Controlling EMEA,Director,1,Heraeus Precious Metals,90616874,https://www.linkedin.com/in/ACoAABS_2GYBK_J13bgJU7Gm9CU_M2Tgdw-gnEI,,Head of Site Controlling EMEA | Heraeus Precious Metals
Dave Yu,General Manager,Director,1,Heraeus Precious Metals,90616874,https://www.linkedin.com/in/ACoAAD4i3XwBUay0eW0L_G6uMXpMb9jBrJ0NlJY,,"General Manager at Heraeus Precious Metal Technology (China) Co., Ltd"
Patrick Edelmann,Head of Production Engineering,Director,0,Heraeus Precious Metals,90616874,https://www.linkedin.com/in/ACoAADNDIP4BZIQY2_mcIFgU2UDVrznSgwV7NUM,,Head of Production Engineering bei Heraeus Precious Metals GmbH & Co. KG
David Bauer,Global Head of Engineering Functional Materials,Director,0,Heraeus Precious Metals,90616874,https://www.linkedin.com/in/ACoAADTOBAUBPBaoAPDfzI9_ZLnAROXCyxinEIo,,Global Head of Engineering Functional Materials bei Heraeus Precious Metals GmbH & Co. KG
Christian Hinzer,Head of Production Planning Recycling Hanau ,Director,3,Heraeus Precious Metals GmbH & Co,36469928,https://www.linkedin.com/in/ACoAACDMSgoB3up8bndvu7I8B1grUsbA2VekNZA,,Head of Production Planning Recycling Hanau bei Heraeus Precious Metals GmbH & Co. KG
Margarita Martinez,Site Manager & HR Director ,Director,10,HERAEUS PRECIOUS METALS N AMERICA LLC,15366815,https://www.linkedin.com/in/ACoAAAO8y6EBo5oZx7PQYUmd1XZwhW_CcXFodxg,,Site Manager & HR Director  at HERAEUS PRECIOUS METALS N AMERICA LLC
André Höfner,Bereichsleiter Entwicklung & Konstruktion - Maschinenbau | Head of Engineering and Development,Director,2,Hofmann,18072550,https://www.linkedin.com/in/ACoAAB2fcNkBSU1TWgK5vc5DIvJLD1cp9YDzk_M,,Bereichsleiter Entwicklung & Konstruktion - Maschinenbau bei Hofmann - Ihr Impulsgeber |  Siegfried Hofmann GmbH
Alice Huisman,"Vice President and General Manager, DACH region (Germany, Switzerland, Austria)",Vice President,1,Idorsia Pharmaceuticals Ltd,11051230,https://www.linkedin.com/in/ACoAAAAmE60B47O1pN5wmiZ7iAlt08AQp5l34Hc,,Vice President and General Manager @ Idorsia Pharmaceuticals Ltd
Marc Véronneau,"VP Medical (Canada), Medical Director",Vice President,3,Idorsia Pharmaceuticals Ltd,11051230,https://www.linkedin.com/in/ACoAAAE27Q0BEcDL-rGxJBWygTaL_HzEpNCKtew,,Global Pharmaceutical Medical Leader that Develops & Empowers Teams to Innovate to bring better care to Patients
Hans van Eersel,Director Supply Chain Operations,Director,2,Idorsia Pharmaceuticals Ltd,11051230,https://www.linkedin.com/in/ACoAAACo_bQBf5v5NjFDcQi6F26PjSCd-YrNQpM,,Director Supply Chain Operations
Olivier Cotto,"Director, Team Leader Infrastructure Engineering and Operations",Director,5,Idorsia Pharmaceuticals Ltd,11051230,https://www.linkedin.com/in/ACoAAADSTCwB4U9ThN4dU9tqAUBnT7IHmZL6FeU,,"Director, Team Leader Infrastructure Engineering and Operations at Idorsia Pharmaceuticals Ltd"
Rob Moore,General Manager UK at Idorsia Pharmaceuticals,Director,4,Idorsia Pharmaceuticals Ltd,11051230,https://www.linkedin.com/in/ACoAAALaPp4Bf7PNDy2MSMJHj8OYepdfgtubb08,,General Manager UK  at Idorsia Pharmaceuticals Ltd
Benjamin Federspiel,"Senior Director, Head of Drug Product Development & Manufacturing",Director,0,Idorsia Pharmaceuticals Ltd,11051230,https://www.linkedin.com/in/ACoAAAwouI0BVI4_ug5j5jnApvFaywSZzQlPnuU,,"Senior Director, Head of Drug Product Development & Manufacturing"
Manuel Ortega,General Manager,Director,4,Idorsia Pharmaceuticals Ltd,11051230,https://www.linkedin.com/in/ACoAAAGigUEBdZaALMEwy_IK3oR7GgKws1v5AAM,,General Manager Spain at Idorsia
Dominique Le Terrier,General Manager,Director,4,Idorsia Pharmaceuticals Ltd,11051230,https://www.linkedin.com/in/ACoAACjA2PoBtDXmeFyVBjNLpA33VEVdjBgaTPg,,President at Idorsia France
"Magda Daudin PhD, MSc","Director, Head Drug Safety Operations and Compliance",Director,2,Idorsia Pharmaceuticals Ltd,11051230,https://www.linkedin.com/in/ACoAAAIuyMQBKLnnznIEAAFz-leRdqnqGnMMZyg,,Head Drug Safety Operations and Compliance
Amel D.,"V.P., Head of Product Development & Manufacturing",Director,0,Idorsia Pharmaceuticals Ltd,11051230,https://www.linkedin.com/in/ACoAAC6q6XIB_PAHupl8XE3Y1x6P2JDLgzKaQqI,,Product Development and Manufacturing
François Aerts,"Head EUROPE & International Markets Business Operations & Insights, Senior Director",Director,1,Idorsia Pharmaceuticals Ltd,11051230,https://www.linkedin.com/in/ACoAAABNKIoB4N1LhvUpXMV7hftqqnRUUY-C7Pk,,"Senior Director, Head of Europe and International markets Business operations and Insights chez Idorsia Pharmaceuticals "
Thomas Breywisch,"Associate Director, Head Site Management",Director,0,Idorsia Pharmaceuticals Ltd,11051230,https://www.linkedin.com/in/ACoAAAcd_bQBP9MRL_S67IKiWXxINREUaSlIxKs,,Reaching out for more
Christophe Bégeot,"Director, Head of Facility Compliance Team",Director,3,Idorsia Pharmaceuticals Ltd,11051230,https://www.linkedin.com/in/ACoAACiMoBsBi4i5wvhavXWBX5t46PfexoOt_jk,,"Team Spirit oriented Manager (Process Maintenance, Lean Manufacturing, Qualification and Validation)"
Giovanni Girgenti,General Manager Italy,Director,1,Idorsia Pharmaceuticals Ltd,11051230,https://www.linkedin.com/in/ACoAAAERRH0BXn_eECQG4i5oZyaN2attkJYzu98,,General Manager
Ashik Pavagadhi,COO/Site Head,CXO,4,IDT Biologika,359375,https://www.linkedin.com/in/ACoAAAIbaRQBx_yhCdzeIBjFmwf15Y9t9kPM2Jo,,COO | VP | GM | Site Head | Manufacturing | Operations | Contract | Pharmaceutical | Biotechnology
Uwe Werner,Vice President Technical Operations,Vice President,3,IDT Biologika,359375,https://www.linkedin.com/in/ACoAAAVMjIsBumoKpf3B1ejSEuQBIdB1Qt2mu7w,,Sr. Director Technical Operations bei IDT Biologika
Dr. Martin Wesseling,Director Technical Operations Head MES / EBR,Director,6,IDT Biologika,359375,https://www.linkedin.com/in/ACoAAByYigEBAjL5Ea13GiVlKqpSdGOd8W5vfbc,,Director Technical Operations Head MES / EBR bei IDT Biologika GmbH
Christoph Hanke,Head Of Production,Director,13,IDT Biologika,359375,https://www.linkedin.com/in/ACoAADJWVosB8NF6hFtdBMx3LqZn8lTn-kWH34g,,Head Of Maintenance
David Bierling,Senior Director of Operations,Director,3,IDT Biologika,359375,https://www.linkedin.com/in/ACoAACUrd-UBfykYAopKnjUBkq5MSwCGqLwT7NM,,Vice President Strategy | M&A | Transformation & Operations Excellence | Pharma & Biotech
Andrea Schaenzler,Head of manufacturing human viral vaccines,Director,17,IDT Biologika,359375,https://www.linkedin.com/in/ACoAABaz8UwBK2NIB7o1NAaXRRDvBftozYCDPz0,,Head of manufacturing human viral vaccines bei IDT Biologika GmbH
Frank Karnatz,"Group Lead IPC Microbiology (Head of Production, HL gemäß TierImpfStV)",Director,12,IDT Biologika,359375,https://www.linkedin.com/in/ACoAACxa-PgBYd7U8WaUFD9gqIGAVqSZJaUXzJw,,"Group Lead IPC Microbiology (Head of Production, HL(LdH) gemäß TierImpfStV) at IDT Biologika"
Dirk Fischer,Head of Manufacturing (Senior Manager),Director,16,IDT Biologika,359375,https://www.linkedin.com/in/ACoAAFyWuKYBy7d0XX7PBGpB2njMk7ztBSCpuA4,,--
Peggy Sillus,Head Of Manufacturing,Director,8,IDT Biologika,359375,https://www.linkedin.com/in/ACoAAB7n0QIBPaj2JfalF9akJ1tG22BRrGDebgs,,"Expert Technical Operations, LdH nach AMWHV und HL nach TierImpfStV, IDT Biologika"
Peggy Butzke,"Manager Drug Product Excellence, Head of Manufacturing",Director,0,IDT Biologika,359375,https://www.linkedin.com/in/ACoAAF51yFkBScv4Z-kCo4UO3U9QhifEmpajX7E,,"Manager DP Excellence, Head of Manufacturing for human and veterinary vaccines and ATMP(AMWHV and TierImpV)"
Kerry Sieger,Vice President Global Quality Operations,Vice President,2,Immatics,706777,https://www.linkedin.com/in/ACoAAAFRH1EBWrNwZSJmuVdOPkqzsl7rhJCiK3A,,Experienced clinical phase GMP Quality
Dominik Maurer,"Senior Vice President, Co-head Immatics Discovery Unit & Site Head Tuebingen",Vice President,3,Immatics,706777,https://www.linkedin.com/in/ACoAAAmbq5YBZ1SkhXE68a2sWkTzaqPOM8BRiq4,,Senior Vice President & Co-head Immatics Discovery Unit
Claudia Blattner,Vice President Business Development - BD Leadership & Strategy (Director - VP),Vice President,6,Immatics,706777,https://www.linkedin.com/in/ACoAAAt-g3kBeovUtPtajdgD-YYIjU4-uVxWURc,,Vice President Business Development and Partnering at Immatics Biotechnologies
Pinar (Ozkan) Cicalese,"Senior Director, Global Patient Supply Operations",Director,0,Immatics,706777,https://www.linkedin.com/in/ACoAAAAgmZ4BOqL_z52nMkV_A3DMEsTiRJfRcmc,,Passionate leader in delivering innovative medicines to patients
Martina Ott,Director and Head of Department Cell Engineering & Safety,Director,2,Immatics,706777,https://www.linkedin.com/in/ACoAACtTkXUBKS4TlqE9vK7mdEf23zVSaAN8n0M,,Director and Head of Department Cell Engineering & Safety
Eric Strelow,Associate Director QA Validation | Global Quality Operations,Director,2,Immatics,706777,https://www.linkedin.com/in/ACoAACcT1pkBF5aQfCTbzniv-CCYZ2_s-L9fpMQ,,Associate Director | QA Validation
Harold Woods,"Senior Director of Facilities, Engineering, and Technical Operations",Director,2,Immatics,706777,https://www.linkedin.com/in/ACoAABDl6DcBSECwrGzK_O3UGgc4gtZETWHzoN4,,"Senior Director of Facilities, Maintenance, and Engineering; Proven Change Agent and Team Builder; Driving Operational E"
Martina Ott,Senior Director Site and Scientific Operations,Director,1,Immatics,706777,https://www.linkedin.com/in/ACoAADJIKKUBcEI9WJo2ZvZxyI09pPEEuRYkUCI,,Director Organizational Development bei Immatics
Felix Unverdorben,Director TCR Engineering & Bispecifics,Director,2,Immatics,706777,https://www.linkedin.com/in/ACoAABB4OVIBLsQbqkzZo5D59yFF4W9Fc0QyzBc,,Director at Immatics
Fabian Richter,Director TCR Engineering & Bispecifics,Director,0,Immatics,706777,https://www.linkedin.com/in/ACoAACS9Pw0B7_tDWb3kTym77nGsrv0IeGBG9HI,,Director TCR Engineering & Bispecifics bei Immatics
Chris Aemisegger,Director of Engineering,Director,10,InnovaGel,10384966,https://www.linkedin.com/in/ACoAABrXORcB-zC3PP7Sdx-CaZrfnuAHALDWoLI,,Director of Engineering at InnovaGel
Kai Dietrich,"VP, Head of Engineering",Vice President,1,ITM Isotope Technologies Munich SE,3300101,https://www.linkedin.com/in/ACoAAB5MvG4BI0D0OXlw54hRf5BqiAQB2Di5KfE,,"Dr.-Ing. | VP, Head of Engineering at ITM Isotope Technologies Munich"
Edward Jensen,Program Operations Director,Director,1,ITM Isotope Technologies Munich SE,3300101,https://www.linkedin.com/in/ACoAAAA0RSgBYuWoKVZFOiU_NC0k_QI-oi2d81k,,Global Program Leader in the Pharmaceutical Industry
Malika Diffalah,Program Operations Director,Director,2,ITM Isotope Technologies Munich SE,3300101,https://www.linkedin.com/in/ACoAAAFhxD0BEyR2bOUZJK2ZfGAnl6AeStTTfJE,,Program Operations Director at ITM Isotope Technologies Munich SE
Dr. Jonas Schlagintweit,Deputy Head of Production,Director,3,ITM Isotope Technologies Munich SE,3300101,https://www.linkedin.com/in/ACoAADq8D7QB1TcGeav23wwVdo15xncosORU2Gc,,Promovierter Chemiker 👨🏼‍🔬 anorganische Chemie | Metallorganische Chemie | Radiopharmazie | Produktionsleitung | GMP
Sebastian Werthmann,Director Regulatory Operations & Publishing Team Lead,Director,1,ITM Isotope Technologies Munich SE,3300101,https://www.linkedin.com/in/ACoAAB0DJtoBe3bvZznvf0V37CguI_Nm7rIBFEI,,--
Hannes Uhrmann,"Director, Deputy Head of Engineering, Head of Maintenance Facilities & Utilities",Director,1,ITM Isotope Technologies Munich SE,3300101,https://www.linkedin.com/in/ACoAACSNUNwBwc0qsP2S1xTNwDSVrJJL3Wjx7wk,,--
Lara Stadlmair,Head of Quality Control Operations,Director,3,ITM Isotope Technologies Munich SE,3300101,https://www.linkedin.com/in/ACoAADMVrqEBRJRtwfIlJCzMZhb1nytDfHUz8gE,,Head of Quality Control Operations bei ITM Isotope Technologies Munich SE
Christian Kesenheimer,Head Of Manufacturing (Actinium and Ge/Ga-Generators),Director,5,ITM Isotope Technologies Munich SE,3300101,https://www.linkedin.com/in/ACoAABFv9a0BXVX-7gonQYmUVYUVj-I6IQizxyU,,Head Of Manufacturing (Actinium & Ge/Ga-Generators) bei ITM Medical Isotopes GmbH
Sarah Baum,Deputy Head of Production,Director,3,ITM Isotope Technologies Munich SE,3300101,https://www.linkedin.com/in/ACoAADJbgDoBl7zZ7BMsxkwjN2ZAivsDxtGxxuk,,Radiochemist
Susan Carroll,Head of Technical Support & Services,Director,8,ITM Isotope Technologies Munich SE,3300101,https://www.linkedin.com/in/ACoAAFFUfJMBkKLqCmkMcQTtbeneMPhBj6zU-nM,,VP @ ITM | Strategy & Execution Leader | Transforming Challenges into Opportunities | Building High-Performance Teams
Daniel Bergmaier,Laboratory Head of Quality Control Operations,Director,3,ITM Isotope Technologies Munich SE,3300101,https://www.linkedin.com/in/ACoAACfHfHwBBFp-ZhE_1HBAAGN1w117x0uCUiU,,Laboratory Head of Quality Control Operations bei ITM Isotopen Technologien München AG
Jonathan Benavides,Program operations Director,Director,1,ITM Isotope Technologies Munich SE,3300101,https://www.linkedin.com/in/ACoAAAxkoJcBsm9ms9S6TqyraqW0xF37b5458C8,,Global program Director | Launch readiness | Freelance Pharma
Sebastian Tiedt,Head of QA Operations,Director,0,ITM Isotope Technologies Munich SE,3300101,https://www.linkedin.com/in/ACoAABi8K8IBDJ3awa0jtFZhULBp6Shc0YeKIO4,,Head of Quality Operations
Susanne Wingert,Program Operations Director,Director,0,ITM Isotope Technologies Munich SE,3300101,https://www.linkedin.com/in/ACoAACpwqHEBQUGNKpETQcPbxnZKy3iyrxBSPb8,,Program Operations Director
"Isaac Khan, PharmD","Director, Global Medical Information & Operations",Director,0,ITM Isotope Technologies Munich SE,3300101,https://www.linkedin.com/in/ACoAAAjOyOABOEAD-ak51vcZDXKYZQt5bkfjIHc,,"Director, Global Medical Information & Operations @ ITM Isotope Technologies Munich SE"
Md. Motiur Rahaman,"Director, Group Lead Automation Engineering & IT/OT",Director,4,ITM Isotope Technologies Munich SE,3300101,https://www.linkedin.com/in/ACoAAFtnyssBG8QfWEb6q7-v3ZIs9Gc-hhL4Dz8,,"Director, Group Lead Automation Engineering & IT/OT bei ITM Isotope Technologies Munich SE"
Hailey DuRocher,Ice Scream Scooper,Entry Level,3,James Madison University,1902757,https://www.linkedin.com/in/ACoAAExAJ-UB0TD1H1KWBDj6ZGkzSEbkQLDqI-A,,Media Arts and Design Major at James Madison University
Cristina Fernandes,Plant Manager Deputy,Entry Level Manager,7,Labesfal  Fresenius Kabi,299253,https://www.linkedin.com/in/ACoAAAFTGDMBeI3opGgPFIblNiolwgojEI08ZtU,,Plant Manager /Administradora at Labesfal  Fresenius Kabi
Andra Jones,Head of Operations,Director,5,Leading Plasmapheresis Company,570106,https://www.linkedin.com/in/ACoAABCD1poBjrZUcCQEtslx9TLpZwGFIU1Ize8,,"Head of Operations at Leading Plasmapheresis Company | Driving Operational Excellence, Strategic Growth & Innovation in "
Sophie Gangloff,VP of Facility Operations,Vice President,0,Lehigh University,93983133,https://www.linkedin.com/in/ACoAAD2Wa4oBz_fhisGwYZ0_5yDg7ZcpD2opQds,,Psychology Student at Lehigh University
Marco Antonio Mirata,Director Manufacturing Science and Technology Microbial,Director,4,Lonza,7462,https://www.linkedin.com/in/ACoAAAPVQK0BDzRp9uPYgWzml1a_nurhRJvmCDg,,Director Manufacturing Science and Technology Microbial
Dr. Barnabas Owoh,Associate Director - Manufacturing Science & Technology (MSAT),Director,1,Lonza,7462,https://www.linkedin.com/in/ACoAAAOEjf4BpCqve05T0Qe3pB5ueFF6Majzv2Y,,Associate Director Manufacturing Science & Technology (MSAT)
Edlira Mani,Associate Director Manufacturing for ADC Growth Project,Director,1,Lonza,7462,https://www.linkedin.com/in/ACoAAAciy3UBecNmwykKKrOepG0hLMY8-KvjU6w,,Associate Director Manufacturing
Alexander Smith,"Director, Engineering",Director,0,Lonza,7462,https://www.linkedin.com/in/ACoAAAWDVL0ByTSuoAUJsF_EzdJMiMQO1vGfBZo,,Director - Global Engineering at Lonza AG
Alexander Sempf,Head of Plant Engineering & Maintenance - Operations Mammalian,Director,0,Lonza,7462,https://www.linkedin.com/in/ACoAAChRppcB7xF3EchrGp36dLsY3YhLRQC7I50,,Head of Engineering & Maintenance
Dario Sannino,Site Head of QMS and Compliance,Director,0,Lonza,7462,https://www.linkedin.com/in/ACoAABCoUaMBnH6rUsa0SfOS9xYKXHoe7kivwBA,,Site Head of QMS and Compliance
Benoît De Vos,Senior Director of Engineering CapEx,Director,0,Lonza,7462,https://www.linkedin.com/in/ACoAAAxBUCkBPWPT6UY1W2tBq24vCaGAwc6Cb3k,,Senior Project Director at Lonza
Philipp Käser,Head of Plant Logistics MCSS,Director,2,Lonza,7462,https://www.linkedin.com/in/ACoAACg5z30Bq0_YB7EI-fg11gnzNEyORpnCwoM,,Head of Plant Logistics Lonza Visp
Georg Zavadil,IT Head Visp Shared Services and global Engineering,Director,1,Lonza,7462,https://www.linkedin.com/in/ACoAAAJ1H94BiQen2FMHHUz05ylBrqHlxAR4SxA,,IT Head Visp Shared Services and Global Engineering
Lukas Kolb,"Director, Head of Operations - Drug Product",Director,2,Lonza,7462,https://www.linkedin.com/in/ACoAACzujvABPtHg-StBoHdIL5vZjVP6er6Gn6c,,Head of Operations at Lonza
Martin Wellhöfer,Executive Director Manufacturing - Head Operations Mammalian Visp,Director,2,Lonza,7462,https://www.linkedin.com/in/ACoAABxDn9wBa4MHIviwvTSZluy5NrPJuOaL_Ac,,Head of Operations Mammalian Visp
Jens Buchholz,Senior Director / Head of Operations Mid-Scale,Director,2,Lonza,7462,https://www.linkedin.com/in/ACoAAAIiYAsB7ymVLA_1obrzgjj5h5fp94VAuw0,,Head of Operations Mid-Scale
Corinna Bachmann,Head Site Development Visp/ Head Transformation Office Visp Innovation Programme,Director,3,Lonza,7462,https://www.linkedin.com/in/ACoAAAaFAgoBRuasCeMekEa2WYehS5T_I0j9tqw,,Head Site Development & Transformation Office/ PMP
Paul Clausen,Global Head HR Group Operations & Group Quality / Head Labor Relations Lonza,Director,1,Lonza,7462,https://www.linkedin.com/in/ACoAAAHWkw8B0QEspjncluOxwKDEnhWIvkuefow,,Head Global HR Group Operation & Group Quality / Head Labor Relations Lonza
Peter Riegler,"Associate Director, Head of Plant Engineering SPM-MC1",Director,0,Lonza,7462,https://www.linkedin.com/in/ACoAABJ7vn4BPLe9bR9LdngoiGPmJrAw-vSaZwU,,Head Plant Eng | PhD in Biochem Eng | MBA cand
Thys Smit,"Associate Director, Bio-Engineering, Lonza AG",Director,4,Lonza,7462,https://www.linkedin.com/in/ACoAAAIa2oYBGBXM_iLVc1YsRR5Nl33px7IJtM8,,"Associate Director, Bio-Engineering, Lonza AG"
Helge Mark Reinhardt,Head QA Microbial Manufacturing,Director,5,Lonza,7462,https://www.linkedin.com/in/ACoAAC_nUysBY-k1g0UqgUEMv01JIHE36lCNeps,,QA Microbial Manufacturing
Fabian Kools,"Head of Engineering, BioAtrium",Director,3,Lonza,7462,https://www.linkedin.com/in/ACoAACjZ9D8BpUFJAkGAvzYK9hd-AgeXX_l_1pQ,,"Head of Engineering at BioAtrium, Lonza"
Cedric Berchier,Head Digital Operations - Integrated Biologics,Director,0,Lonza,7462,https://www.linkedin.com/in/ACoAAAKuCj4Br21umIV7B5aINwfHYNDPLOQ1iGU,,Digital Transformation Leader in Healthcare & Life Sciences | Driving Operational Excellence & Innovation | Expertise in
Stefanie Beck,"Global Head of Material Excellence, Group Operations",Director,2,Lonza,7462,https://www.linkedin.com/in/ACoAAALYiGUBAhZuGzoFWtDPeHaLERM9-G9QVz4,,"Global Head of Material Excellence - Single-Use Technologies & Raw Materials, Group Operations bei Lonza"
Sean McDonald MBA,Executive Director of Operations,Director,2,Lonza,7462,https://www.linkedin.com/in/ACoAAAI5_UkBBeSsIbq5GwYwIasWNsMPGzq5Vp4,,"Exec Director of Operations & VibeX E2E Growth.
Verifiable Clinical to Commercial Supply | Dad | Global Strategy to Cust"
Tillmann Schnierda,"Head of Operations, Mammalian Large Scale",Director,0,Lonza,7462,https://www.linkedin.com/in/ACoAABVrpb0By75bi6mW5MV-TN3qB5NAx4JzRP0,,"Head of Operations, Senior Director"
"Talena Hastings, MBA",Head of Buffer Media Supply (BMS) and Production Support,Director,0,Lonza,7462,https://www.linkedin.com/in/ACoAAA5yDqQBHfl8Et_KjdkWOXUfo5AD8P9xHlY,,"Head of Buffer Media Supply (BMS) and Production Support

Large Scale Mammalian at Lonza, Visp 🇨🇭"
Gerhard Braun,Head of Advanced Synthesis Development & Manufacturing Solutions,Director,2,Lonza,7462,https://www.linkedin.com/in/ACoAAAMpYz8BqvLuetMNfsNOewUMhX76nfNtUyc,,Making the medicines of tomorrow as Head of Advanced Synthesis Development & Manufacturing Solutions
Alexander Neufeld,"Sr. Director, Advanced Synthesis, Operations Strategic Growth Projects",Director,1,Lonza,7462,https://www.linkedin.com/in/ACoAABGjoG4BdPmCmsZz06aeLa4qt9gmnv3t35o,,"Sr. Director, Operations Advanced Synthesis"
Günter Fischer,"Associate Director, EHS Lead Construction Safety, Global Engineering",Director,2,Lonza,7462,https://www.linkedin.com/in/ACoAAATBzkgBrpV5TfqmVuTFpB_kAMTMbVIqJko,,"Associate Director, EHS Lead Construction Safety, Global Engineering at LONZA"
Hermann Hutter,"Executive Director, Head of Engineering Services, Lonza Site Visp",Director,0,Lonza,7462,https://www.linkedin.com/in/ACoAAAcBPp0BdMlpMZwnz9aYV458MI5RncH-IRI,,"Executive Director, Head of Engineering Services, Lonza Site Visp (Schweiz)"
Tobias Helfrich,Head of Inventory and 3PL Operations,Director,3,Lonza,7462,https://www.linkedin.com/in/ACoAACdDHrsBg2W53bo7641Qx0HXF_nYRBZo0_I,,Inventory & 3PL Manager @Lonza
Gwen Foster,"Associate Director, Global Engineering",Director,3,Lonza,7462,https://www.linkedin.com/in/ACoAAANvalsBzjF9J1caGEnotDAVeHsAiD4YRVU,,"Associate Director, Global Engineering at Lonza"
Daniel L.,Head of Plant Engineering Infrastructure & Services,Director,2,Lonza,7462,https://www.linkedin.com/in/ACoAACSo7wABAGoUXYEVZ-w7m2zKGMTNXyFSaBU,,Head of Plant Engineering Infrastructure & Services
Leonardo Ciulla,"Associate Director, Process Safety - Global EHS Engineering Design",Director,0,Lonza,7462,https://www.linkedin.com/in/ACoAAAzOd88BaAU7XJw6tqtk7fB60yW0cnslFcc,,"Associate Director, Process Safety - Global EHS Engineering Design"
Jens Schmidt,"Head of Operational Transformation, Large Scale Manufacturing",Director,0,Lonza,7462,https://www.linkedin.com/in/ACoAAA7Oo0gB5ZfUcM8QIWGlbYmgK6wlaZPpEjI,,Head of Operational Transformation
Fabian Studer,Director of Manufacturing,Director,0,Lonza,7462,https://www.linkedin.com/in/ACoAAAV3uAgBNBRWmNAUzngIlFOlQPHqMKmzeM8,,Director ADC Production at Lonza
Fabian Mayr,"Head of Downstream Processing, Mammalian Large-scale Manufacturing",Director,1,Lonza,7462,https://www.linkedin.com/in/ACoAACgxpuUBmL95uGl0NkIwPxwUhlt9r7-xK54,,Head of DSP @ Lonza
Seematter Visp,Head Energy & Disposal Plants and Waste Management Site Visp,Director,5,Lonza,7462,https://www.linkedin.com/in/ACoAABUmr_AB73nY46uknrvM-YTA81mxZsEbKR0,,Head Energy & Disposal Plants and Waste Management Site Visp bei Lonza: A Global Leader in Life Sciences
"Savita Gill, CFA","Associate Director in Program Management, Site Development",Director,1,Lonza,7462,https://www.linkedin.com/in/ACoAABd8gh0BLq4gHhup9lv0jsc71vNIoTpRlfg,,Project Manager at Lonza
Torsten Schmidt,Head Operations Specialized Modalities Platform,Director,1,Lonza,7462,https://www.linkedin.com/in/ACoAAAjt75cBiAeeA5sDd-e2AnTaS4YLi-HJM70,,Vice President
Martina Thalmann,Head of Plant Engineering LCMCE,Director,18,Lonza,7462,https://www.linkedin.com/in/ACoAAAi5OgMB7Eg8m37XPtSawF99fpXT4XqjmfY,,Head of Plant Engineering LCMCE bei Lonza
Maciej Stachurski,Head of Mechanical & Piping Engineering,Director,3,Lonza,7462,https://www.linkedin.com/in/ACoAAAsrOXQByrpe7ry1R_iDCDXEw5bN3QENwUQ,,"Director, Engineering"
Jan Roten,Senior Director - Head of Operations Microbial Small Scale L1&L2,Director,0,Lonza,7462,https://www.linkedin.com/in/ACoAAB-dlY4BtMfBG_mvIBXL9VRSSBttC1O4x4s,,Senior Director - Head of Operations Microbial Small Scale L1&L2
Thomas Weyand,"Associate Director, Team Lead QA Operations",Director,1,Lonza,7462,https://www.linkedin.com/in/ACoAABiRrMMBbutyLezptOkWe_7HsVKk3iXg2mw,,"Senior Quality Leader | QA Operations, Quality Risk Management & Quality Systems | Driving cGMP Excellence in Biotech & "
Ellen Auber,Head of Production,Director,5,Losan Pharma GmbH,2207380,https://www.linkedin.com/in/ACoAACp4GNwBDopf1mogbYo_zoCsnaV6elFecik,,Head of Production bei Losan Pharma GmbH
Lena Liebich,Head of Production R&D,Director,2,Losan Pharma GmbH,2207380,https://www.linkedin.com/in/ACoAACWJBk0BLmmYvVKXOHZOfaKGbxqLGhKKcVY,,Senior Scientist R&D | Head of Production R&D at Losan Pharma GmbH
Dr. Anja Stulz,Head of Production R&D,Director,2,Losan Pharma GmbH,2207380,https://www.linkedin.com/in/ACoAABpVizQBDpwBkHCV1ABmNdvLg043nrvwZa4,,Senior Scientist R&D (Formulations) | Head of Production R&D at Losan Pharma GmbH
Jens Burkard,Deputy Head of Production,Director,0,Losan Pharma GmbH,2207380,https://www.linkedin.com/in/ACoAAEdQEUUB8gjelWTAJTIceHw1NMJ1l0bKs-c,,Deputy Head of Production | Losan Pharma
Ronja Fuderer,Head of Production,Director,0,Losan Pharma GmbH,2207380,https://www.linkedin.com/in/ACoAAEXCa3gB-W1o4xLgh3K5OXbImgulTM5EcSo,,Head of Production
Dr. Moritz Müller,Deputy Head of Production - Stellvertretender Leiter der Herstellung,Director,0,Losan Pharma GmbH,2207380,https://www.linkedin.com/in/ACoAACp42w0BLDkCRhE8_PB4s0nubjFmxClYqgc,,Approbated Pharmacist
Dr. Stephan Motz,General Manager Operations,Director,1,Losan Pharma GmbH,2207380,https://www.linkedin.com/in/ACoAABJ-I6EB39d-18Y_5PjuV4HkCfwmmTD71eg,,General Manager bei Losan Pharma GmbH
Dr. Tobias Wagner,Director Manufacturing Site Eschbach,Director,1,Losan Pharma GmbH,2207380,https://www.linkedin.com/in/ACoAABi_TfUBH3mDVsFm3c-DpBBdRHd6K7Y1e3E,,Director Manufacturing Site Eschbach at Losan Pharma GmbH
Berkant Gürdogan,General Manager,Director,17,Losan Pharma GmbH,2207380,https://www.linkedin.com/in/ACoAADCmm9gB5Yzv3dhrhP45SQ1x_fn2veSjOuc,,Losan Pharma GmbH şirketinde General Manager
Jens Morgenthaler,General Manager,Director,14,Losan Pharma GmbH,2207380,https://www.linkedin.com/in/ACoAAALqBz4BInES1jq8xEkczimYgKdc6H_du_8,,General Manager bei Losan Pharma GmbH
Kathrin Krombholz,Head Of Production,Director,7,Losan Pharma GmbH,2207380,https://www.linkedin.com/in/ACoAACCk8GUB2C16k_IQZekffOy2BvOqvx93kCI,,Head Of Production bei Losan Pharma GmbH
Dr. Katharina Schwarz,Head Of Production,Director,6,Losan Pharma GmbH,2207380,https://www.linkedin.com/in/ACoAACEpWrQB8lpA00-AqkcP07gtgjnmpr2FhFA,,Head Of Production bei Losan Pharma GmbH
Giulia Bruns,Head of Production,Director,0,Losan Pharma GmbH,2207380,https://www.linkedin.com/in/ACoAAFRueX8BBE7CyxbdL5umuwADTz-8ln6AFZk,,Head of Production bei Losan Pharma GmbH
Joshua G.,Vice President of Chapter Operations,Vice President,1,Louisiana State University,29024487,https://www.linkedin.com/in/ACoAADBETTQBAydJu-mmgfxRU2rURfnsHpaVZ6I,,Business Analytics Student at Louisiana State University
Claudia Schaefer,COO / Mitglied des Vorstandes,CXO,2,LTS Lohmann Therapie-Systeme AG,10877930,https://www.linkedin.com/in/ACoAABThQosB9n-cDC4ISWhg1rhPh9_Q7gY2Ku8,,COO
Andrei Yosef Ph.D.,President and General Manager LTS Device Technologies,Vice President,2,LTS Lohmann Therapie-Systeme AG,10877930,https://www.linkedin.com/in/ACoAAAOehMgBb3STzEqT0Apb1wIAuftWLZAjI2A,,President and General Manager LTS Device Technologies
Dr. Martin Thunhorst MBA,"Vice President, Head of Production",Vice President,2,LTS Lohmann Therapie-Systeme AG,10877930,https://www.linkedin.com/in/ACoAACF5DhEB06jkeDIvOESCo_FAoISdtgsAyK8,,Who stops improving has stopped being good.
Patrick Mohr,"Corporate Vice President R&D, Head of Pharmaceutical Development",Vice President,7,LTS Lohmann Therapie-Systeme AG,10877930,https://www.linkedin.com/in/ACoAADlXATYBWOQIi86YJG6SWjsHVA3l_arCfYk,,Corporate Vice President R&D bei LTS LOHMANN Therapie-Systeme AG
Dr. Marco Emgenbroich,"Corporate Vice President R&D, Head of Pharmaceutical Development & Member of EMEA/A Leadership Team",Vice President,1,LTS Lohmann Therapie-Systeme AG,10877930,https://www.linkedin.com/in/ACoAAADqmn8BCz4LYxrvnOtJdqM6RKGjsF7jvn0,,Vice President | Pharma & Biotech Drug Product Development | CMC & Technology Platform Strategy | CDMO Growth & Organiza
Nikolaj Tissin,Head of Development Engineering Team POTI,Director,3,LTS Lohmann Therapie-Systeme AG,10877930,https://www.linkedin.com/in/ACoAACz-gHEBuBmRuiTiVI7hzBM8G33Rda89E90,,Head of Development Engineering Team POTI bei LTS Lohmann Therapie-Systeme AG
Patrick Purrho,Head of ServiceDesk & Operations,Director,2,LTS Lohmann Therapie-Systeme AG,10877930,https://www.linkedin.com/in/ACoAAFAHiNwBEuMZTicQopvSmHTHPEnxtE5zZc4,,Head of ServiceDesk & Operations bei LTS Lohmann Therapie-Systeme AG
Anita Noeske,Head of Product Quality Operations / Qualified Person,Director,10,LTS Lohmann Therapie-Systeme AG,10877930,https://www.linkedin.com/in/ACoAACXNcxoBV54QgAHeFHEeVdwNRyW9ETvIzSA,,Qualified Person bei LTS Lohmann Therapie-Systeme AG
Raphael Kimmig,Director Production Planning Scheduling,Director,3,LTS Lohmann Therapie-Systeme AG,10877930,https://www.linkedin.com/in/ACoAAB-JJA0BLesZI7w2hYrn11LIuHz1DtG9aIQ,,Leiter Produktionsplanung bei LTS Lohmann Therapie-Systeme AG
Tino Galgon,Managing Director,Director,6,Lyocontract GmbH,12549394,https://www.linkedin.com/in/ACoAABoW8PUBWBxSt8JsK5lKfCe4tZYpYfs7gqE,,Managing Director bei Lyocontract GmbH
Theresa McGinn,"VP, Engineering Operations",Vice President,0,Marigold,18763,https://www.linkedin.com/in/ACoAAADh14UBNoj_sI2cKp4Q5_G2rJYtYGBbt5U,,"VP, Engineering Operations at Marigold"
Juan A. García Sánchez,"VP of Engineering, Platform",Vice President,0,Marigold,18763,https://www.linkedin.com/in/ACoAAAAXVLoBuaOqH5hu5Rl-raI5ecNkxUHDgVM,,VP Engineering at Marigold
Marina Hovakimyan,Head of Operations,Director,5,Medicover Genetics,78635874,https://www.linkedin.com/in/ACoAADL3CVEBjuZdGxGBy5xrgKayyGY5NvPDpnY,,"Head of Operations, MVZ Martinsried, Medicover Genetics"
Markus Bohnert,Head Of Production,Director,8,Medipolis,5911954,https://www.linkedin.com/in/ACoAACVnYNsBAmxpwgxBuka1qoQUdogA0FvYSy8,,Head Of Production bei medipolis Unternehmensgruppe
Janissa Jaun,Senior Administrative Coordinator,Senior,9,Merck Group,1485,https://www.linkedin.com/in/ACoAAAnDfS8BN5clYBH0kkTIgrWweDKnYvm5ojo,,Manager Business Operations & Facility Management chez Fresenius Kabi
Sayed Ghalib,Director Operations,Director,9,MERF,13242707,https://www.linkedin.com/in/ACoAAANTkacBEtpjEOPbHz7fWe-sXMtaTJsoEtw,,Director Operations at MERF
Kerstin Gottke,Executive Assistant to the President & General Manager,Vice President,6,Miltenyi Biotec,26033,https://www.linkedin.com/in/ACoAAAKTn1MBOjZc2szvn29h1wicjPRECczkVsw,,Executive Assistant to the President & General Manager at Miltenyi Biotec
Kerry Adamik,"Site Head, AVP",Vice President,2,Miltenyi Biotec,26033,https://www.linkedin.com/in/ACoAAAtk6VoBFdmQscwdAnQtm5AOSkNRRbX7nxc,,"Site Head at Miltenyi Bioindustry, a Miltenyi Biotec Company"
Daniel Jakobs,"VP, Site Head Cell Factory BGL",Vice President,0,Miltenyi Biotec,26033,https://www.linkedin.com/in/ACoAAAxdzSIB4tY0IHzJgt3QpxF2jMzcFLEqps8,,Part of the best CDMO Team to improve availability and affordability of advanced CGT.
Paul Sadow,"Vice President, Facilities and Engineering",Vice President,8,Miltenyi Biotec,26033,https://www.linkedin.com/in/ACoAAAnl7jIBhli5a54yi7agtn57CZOzbGW3g58,,"Vice President, Facilities and Engineering at Miltenyi Biotec"
Ira Marks,President/General Manager,Vice President,19,Miltenyi Biotec,26033,https://www.linkedin.com/in/ACoAAAFa8KQBt4vaHgqlxusolPTwXCPCfylBCyE,,President/General Manager at Miltenyi Biotec
Daniel Aguilar,"Director, Manufacturing Science and Technology (MSAT)  ",Director,1,Miltenyi Biotec,26033,https://www.linkedin.com/in/ACoAAAJMdLIBLlcgv-f6Qy-HoBOdXpwphkdSaJg,,"Director, MSAT at Miltenyi Biotec"
Uwe Odenthal,"Head of Recombinant Proteins / Cell Culture Media, Production Research Reagents",Director,23,Miltenyi Biotec,26033,https://www.linkedin.com/in/ACoAAAC7TrABKPTJXy2plj6FwgVAreOYnahW094,,Manager at Miltenyi Biotec GmbH
Dr. Denis Tielker,Director Production Research Reagents,Director,6,Miltenyi Biotec,26033,https://www.linkedin.com/in/ACoAAAyx34QB2G4v0Y1tCsOJ6SFThGjNU2-7Vko,,Director Production Research Reagents at Miltenyi Biotec
Hugo Moreno,"Associate Director, Manufacturing Operations at Miltenyi Biotec",Director,3,Miltenyi Biotec,26033,https://www.linkedin.com/in/ACoAAAE8S_4BQBcwr3CHSyrybKyOrQSeRHtoXI4,,"Associate Director, Manufacturing Operations at Miltenyi Biotec"
Cedrick Solitario,"Associate Director, Manufacturing Operations",Director,4,Miltenyi Biotec,26033,https://www.linkedin.com/in/ACoAAEe9bvMBYjMohzUH8Fx7ou8GNp8V_OoqDBA,," Associate Director, Manufacturing Operations at Miltenyi Biotec"
Conrad Beckers,Director Global Industrial Business Operations,Director,2,Miltenyi Biotec,26033,https://www.linkedin.com/in/ACoAAAfYbzYB3MYPxQvoAH7meQU59BEU7npApRQ,,Global Leader – Driving Strategic Execution and Operational Excellence in Cell & Gene Therapy | Biotech | Pharma | Make 
Dr. Svetomir Stankovic,Head of Global Instrument Production,Director,0,Miltenyi Biotec,26033,https://www.linkedin.com/in/ACoAAADHigsBu1Zu-g-iNMUycjowuozlvQ_e5jU,,Head of Global Instrument Production
Andrea Stephinger,HR Site Lead Radolfzell at Miltenyi Biotec B.V. & Co. KG,Director,2,Miltenyi Biotec,26033,https://www.linkedin.com/in/ACoAAAOfzJsBpzxYH1mQPcvpFsm0uRhrDsUPIVA,,Experienced HR & Administration leader
Sabina Sohn,HR Site Lead Bielefeld / Göttingen bei Miltenyi Biotec,Director,2,Miltenyi Biotec,26033,https://www.linkedin.com/in/ACoAAALb3rwBJpotEACJdy4HVXhX5eW6z5-ytB4,,HR Site Lead Bielefeld/Göttingen - Make Cancer History
Anna Tremmer,Assistant Head of Production,Director,6,Miltenyi Biotec,26033,https://www.linkedin.com/in/ACoAACK40HUB8G6SyeLitYYm3MC0REDJYpuV8Mc,,Assistant Head of Production bei Miltenyi Biotec
Erica Friedman,"Director, Total Rewards & Operations",Director,3,Miltenyi Biotec,26033,https://www.linkedin.com/in/ACoAAAB9S6YBESdUm6fKxmOnOl6GCL2OuqwBrg4,,"Director, Total Rewards & Operations at Miltenyi Biotec"
Jens Münchow,Head of Production Disposables,Director,3,Miltenyi Biotec,26033,https://www.linkedin.com/in/ACoAAAGi7dMBJ4gMsbEHDDx099HlLBJMQzXnOsk,,Head of Production Disposables at Miltenyi Biotec
Ken Ooi,General Manager Asia Pacific,Director,11,Miltenyi Biotec,26033,https://www.linkedin.com/in/ACoAAAOlpkABzDYtYJW1siUnwvIOy-4-k8Wjbyc,,"General Manager APAC, Miltenyi Biotec"
Shaan Gareeb,"Senior Director, Site Head",Director,2,Miltenyi Biotec,26033,https://www.linkedin.com/in/ACoAABsaFS4BhzOOTyhUJnQcXWCe3hq6xdRAESg,,"Senior Director, Site Head at Miltenyi Biotec"
Hansueli Meyer,"Senior Director, Site Leader and Head of Systems Integration Spatial Technologies",Director,4,Miltenyi Biotec,26033,https://www.linkedin.com/in/ACoAAA4Wc04BhDKvg0i0SjnNpDOaNzttD6zO3gI,,"Senior Director, Site Leader and Head of Systems Integration spatial Technologies"
Cristina Negulescu,Quality Control Site Director,Director,5,Miltenyi Biotec,26033,https://www.linkedin.com/in/ACoAAADfFSMByeYwK31u6sDDRnRJxPosYk6sTUE,,Quality Control Site Director at Miltenyi Biotec
Prasad Sardesai,"Site Director, Quality Assurance",Director,2,Miltenyi Biotec,26033,https://www.linkedin.com/in/ACoAAAM5OG0Bxe7yOvka5a04Q1OeMm7vgiaNvEg,,"QA Site Director, Cell & Gene Therapy"
Georg Scharfenberg,Product Owner R&D Engineering,Owner / Partner,5,Miltenyi Biotec,26033,https://www.linkedin.com/in/ACoAABMtnh8BOgsUDKxhUVJ4dBXnAjYugtqioy0,,Product Owner R&D Engineering bei Miltenyi Biotec
Jesse Ayala,Sr. Site Director,Director,0,Minaris Regenerative Medicine,68790540,https://www.linkedin.com/in/ACoAADkDjlIBSp9RuTxV-vsKKUP2qbC10U7WnZM,,Sr. Site Director at Minaris Regenerative Medicine
Georg Belke-Louis,Head of GMP Manufacturing,Director,5,Minaris Regenerative Medicine GmbH,68790540,https://www.linkedin.com/in/ACoAAC49pkYBp3ZOV_nptgRDsxWhxg0YiFJYnmw,,Qualified Person for ATMP / Head of GMP Manufacturing bei Minaris Regenerative Medicine GmbH
Katja Sigl Ph.D.,Associate Director GPS Operations - PV Alliance Leader,Director,3,MorphoSys,37739,https://www.linkedin.com/in/ACoAACDlqn8BC1CHcajlvNJ0794tbp_StUnIFKE,,Associate Director GPS Operations - Contract Management
Andrea Salomon,Senior Assistant to Head of Technical Operations and Quality Team,Director,8,MorphoSys,37739,https://www.linkedin.com/in/ACoAAFUFqtMBiIbxELlnDzMnHP5zbJlPb6wOPAI,,Senior Assistant to Head of Technical Operations    bei MorphoSys
Sebastian Zach,Associate Director | Head of IT Infrastructure & Operations,Director,2,MorphoSys,37739,https://www.linkedin.com/in/ACoAAET4A3oB6dGBCW0SO25ZQ1hr5232sw5gcm8,,--
Elizabeth S.,Site Head Quality,Director,2,National Resilience Inc,72516576,https://www.linkedin.com/in/ACoAAATsonoB-V1ahSZA3zwS3YMlIk7hLT9HpHw,,Site Quality Head - Philadelphia at National Resilience Inc.
Marta Gonzàlez,General Manager Spain & Portugal,Director,3,Neovii,91476,https://www.linkedin.com/in/ACoAAAfk1n0BcTBAZSei7HBegoKQEtrIb5_zmrE,,General Manager Spain & Portugal  Consultant for Neovii
Alexandra Kramer,Head of Production,Director,4,Neovii,91476,https://www.linkedin.com/in/ACoAAFY2lXYBoshkx5RRPlKpuAEayGWfQmXml0Q,,Head of Production
Timo Rode,Head of Pharmaceutical Development/ Head of Production investigational medicinal products,Director,3,Nordmark Pharma,660722,https://www.linkedin.com/in/ACoAADl8waEBB5mfVqZikwecEVmkVGssyCeMHac,,Head of Pharmaceutical Development
Abdulwahab Barakat,Head of Quality Management - Operations,Director,0,Nordmark Pharma,660722,https://www.linkedin.com/in/ACoAAAZVnHQBt0sxF47PmKQkWaLLhHVkDKz7aV0,,Head of Quality Management - Operations
Volker Hoellrigl,Head of Manufacturing Science and Technology,Director,8,Nordmark Pharma,660722,https://www.linkedin.com/in/ACoAAAEPiUgBxOj4PWR75P5JJMa2ah-ohBhdG5o,,Head of Manufacturing Science and Technology at Nordmark Pharma GmbH
Michael Kurdum,Director Biotechnological API Production,Director,3,Nordmark Pharma,660722,https://www.linkedin.com/in/ACoAACWJBloBLuJtK64BU6YsNxCZ8UajMRyH5QY,,Director Biotechnological API Production
Sven Hattwig,Head of Engineering,Director,0,Nordmark Pharma,660722,https://www.linkedin.com/in/ACoAADV2HTcBgV5FprF4w28TIhUIp-D0_LfeQCQ,,Limits like fears are often just an illusion.
Stefan Herve,General Manager APAC,Director,7,Novasep,70167,https://www.linkedin.com/in/ACoAADu7VxYB3Wrnu3iqZxecsnEaFcSg1d0uUtw,,General Manager at Novasep
Rachel De Luca,Site Director,Director,17,Novasep,70167,https://www.linkedin.com/in/ACoAABrzSDcB3sliKD3vWbhLbOJZ_QoLN5-EZPY,,Director at Novasep
Dominique Paillat,general manager,Director,0,Novasep Eurasia,70167,https://www.linkedin.com/in/ACoAAAFYvJMBiw-ZEQ-49yDs7_bBa5t-9Ye2Ff4,,general manager at Novasep Eurasia
Achim Freisleben,Managing Director / COO,CXO,5,Nuvisan,1493702,https://www.linkedin.com/in/ACoAAB-_Np0BhqqVQIjJvZD1ywKpeScVDsFCtNs,,Managing Director / COO bei Nuvisan Pharma Services Group
Charlotte Kopitz,"President, Head of Discovery Research Nuvisan and General Manager CRO Discovery ALS Pharma",CXO,1,Nuvisan,1493702,https://www.linkedin.com/in/ACoAABBKsGEBleENjQxFTJmF5QIJG14SezbltRs,,"President, Head of Discovery Research Nuvisan and General Manager CRO Discovery ALS Pharma"
Emmanuelle GUTIERREZ,Deputy Head of Formulation Operations,Director,1,Nuvisan,1493702,https://www.linkedin.com/in/ACoAACRecWcBjPywxoQD29XytZeWfuq4RzS5JP0,,Deputy Head of Formulation Operations chez Nuvisan Pharma Services
Daniel Huber,Head of Laboratory Operations,Director,3,Nuvisan,1493702,https://www.linkedin.com/in/ACoAAEa5cDoBQTiJzcNGGAeVPkXkVmRNfdlivao,,Head of Laboratory Operations bei Nuvisan
Karine Nadau-Fourcade,Head of Formulation Operations,Director,7,Nuvisan,1493702,https://www.linkedin.com/in/ACoAAAntrH8B_LRsV8Xc7uGAbZ97lkmphyoPJkY,,Head of Formulation Operations chez Nuvisan Pharma Services
Dr. Toni Hille,Head of Operations,Director,2,Nuvisan,1493702,https://www.linkedin.com/in/ACoAADTDKfIBBc7oPieDm2F8gKWTezFvk9CaZ_A,,Head of Operations • HQC/LdQ
Lise ANTHONIOZ,Head of Analytical Operations  - Analytical Project Manager and Lab Manager,Director,7,Nuvisan,1493702,https://www.linkedin.com/in/ACoAAAnhfqIBLEC-zleL4IoKCXN4-YDE8jReIGo,,Head of Analytical Operations - Pharmaceutical Analytical Services at Nuvisan Pharma Services
Véronique Zanzi Dupil,Project Manager and Deputy Head of Pharmaceutical Testing,Director,7,Nuvisan,1493702,https://www.linkedin.com/in/ACoAABCm570BMcZV02rDYsibZXOYuse6o7DfPRo,,Quality Control Manager and Project Manager chez Nuvisan Pharma Services
Michael Meyring,Deputy Head of Test Facility,Director,10,Nuvisan,1493702,https://www.linkedin.com/in/ACoAACY49L0Bsz7sV4hr1LZsxRPb31pW1DvBN04,,Head of PK Sciences bei Nuvisan GmbH
Stephanie W.,Head of Production CTS,Director,3,Nuvisan,1493702,https://www.linkedin.com/in/ACoAAELj5qEBRqlB6NX8B4qOmGFo_sHsI2D_Fpk,,--
Peter Bachler,"Head of Pharmaceutical Analytical Services Waltrop, Site Director",Director,3,Nuvisan GmbH,,https://www.linkedin.com/in/ACoAAB0oNlgBwhr8KOR6JOqpTJGiwOJQ7t-QxTE,,"Head of Pharmaceutical Analytical Services Waltrop, Site Director bei Nuvisan GmbH"
Kaj Kangasniemi,Senior Process Engineer cTO,CXO,2,Octapharma,16370,https://www.linkedin.com/in/ACoAAAfYxJAB6bSB4E5AQNaOdZhdRbyLtxiQIjc,,Senior Process Engineer at Octapharma corporateTO
Samuel Mauricio,General Manager & Vice President Brazil,Vice President,17,Octapharma,16370,https://www.linkedin.com/in/ACoAAAODcS8BpRIGlJYuo93jfnSP6oU5elKRnXs,,Vice-President for Brazil at Octapharma
Candice McCain,Director of Operations,Director,5,Octapharma,16370,https://www.linkedin.com/in/ACoAABUVJhkBdcEYCGKXN6XMG9z6CRIl6F8TEQw,,Director
Susanne Gräslund,Section Head Biopharmaceutical Production,Director,1,Octapharma,10658449,https://www.linkedin.com/in/ACoAAAEntcgBpwt8dctnLAZ42RU1HG-tTWDMtKQ,,Section Head at Octapharma
Maria Klar Fd Wikman,Head of Production Support Freeze Dried,Director,3,Octapharma,10658449,https://www.linkedin.com/in/ACoAAABrLXIBMDoFTs10iUP-OCL9JixgMh5JKbg,,Head of Production Support Freeze Dried at Octapharma
Alexander Hölzl,Head of HR Operations,Director,0,Octapharma,100249019,https://www.linkedin.com/in/ACoAACYUL8wBmCP0lT88-s4Yex429ygBRtQHTRA,,Head of HR Operations at Octapharma
Andreas Hörbiger,Head of Visual Inspection & Packaging Operations,Director,4,Octapharma,100249019,https://www.linkedin.com/in/ACoAABqdy3IBdvMXISOjjUavCMPsqG1rRE4paT4,,Head of Visual Inspection & Packaging Operations bei Octapharma
Tobias Söderkvist,Head of Corporate Engineering,Director,8,Octapharma,16370,https://www.linkedin.com/in/ACoAAADf5AcBJsAwtlgXTUaJuSL2hsmBQxeK1TE,,Head of Corporate Engineering
Marc Bäckman,Head of Pharmaceutical Production,Director,8,Octapharma,16370,https://www.linkedin.com/in/ACoAABziIsoB_Y90mwUniF06Pa8jCJg5HRKUknI,,Head of Pharmaceutical production på Octapharma AB
Guenter Iberer,Head Of Production,Director,11,Octapharma,16370,https://www.linkedin.com/in/ACoAACK-UdUB2k1fuvES75NgcEfKQR_aQ1CMF_0,,Head Of Production bei Octapharma
Marie Stapleton,Head of Operations,Director,3,Octapharma,16370,https://www.linkedin.com/in/ACoAACZIttABOFKW7gzl2O6VeF9Pcsn6M8PhZgg,,Head of US Clinical R&D Operations
Werner Giefing,Head of Quality Assurance & Quality in Operations,Director,15,Octapharma,16370,https://www.linkedin.com/in/ACoAAAPvMxgBTDdHzTlwSU20eIiBxhdis5qavUI,,Head of Quality Assurance & Quality in Operations at Octapharma
Volker Weimar,Head of Manufacturing Science and Technology at Octapharma,Director,5,Octapharma,16370,https://www.linkedin.com/in/ACoAABYtYgoBt5uJD6NlzzrXv67XIjTWNU1caVM,,Head of Manufacturing Science and Technology at Octapharma
Javier Marchena Palomino,General Manager East and Southeast Asia,Director,4,Octapharma,16370,https://www.linkedin.com/in/ACoAAAJTgTAB-a-Sv7NFdRo96xbP1mYR5NlCHQE,,General Manager en Octapharma
Abbey Chacko,Director of Operations,Director,6,Octapharma,16370,https://www.linkedin.com/in/ACoAAA4fwOsBFOo6CFe7kBPLCYEG-x9WrYmZfrw,,Center Director at Octapharma Plasma Inc.
Artem Yasenev,Head of Operations Support,Director,2,Octapharma,16370,https://www.linkedin.com/in/ACoAABoiMagBbscBgLJBAnyqjkwr1A1JPHceB0A,,Head of Operations Support
Moritz Kramann,Group Director API Production,Director,1,Octapharma,16370,https://www.linkedin.com/in/ACoAABu3ATkBfkWGVOK9dEpKnii-8yfALftmROQ,,Group Director API Production
Markus Raudaschl,Head of Purification 1 and Pilot Plant Operations,Director,5,Octapharma,16370,https://www.linkedin.com/in/ACoAACuBcJsBmP6PKyR3xHuD4F__x0__6eCInok,,Head of Purification 1 and Pilot Plant Operations bei Octapharma
Tobias Marguerre,General Manager,Director,20,Octapharma,16370,https://www.linkedin.com/in/ACoAAAflvhcB-1OjJoz_c9fokEiAzCUyG7Jit6U,,GM at Octapharma
Antonia Post,Head of Production,Director,3,Octapharma,16370,https://www.linkedin.com/in/ACoAAEMtQbUBEZ2KQkgGwn6yegxJZ2PuiCjZYpg,,Head of Production bei Octapharma
Metzger Ernst,Group Director Pilot Plant,Director,11,Octapharma,16370,https://www.linkedin.com/in/ACoAAAP27ZkB4LaKTd-QSYYXFhHgB53fd29qNlA,,Group Director Pilot Plant bei Octapharma
Peter Forsmark,Head of Fractionation (Bulk Production),Director,5,Octapharma,16370,https://www.linkedin.com/in/ACoAAAbHQOcBRvXX5Xka85tYGYEXiCJVTt1CFlw,,Head of Fractionation (Bulk Production) på Octapharma
Björn Priesett,Head of Facility & Utility Managment,Director,8,Octapharma,16370,https://www.linkedin.com/in/ACoAABZsPEoBlCs0vzjJxBWTBA5D3s8aiIniKj4,,Head of Facility & Utility Managment bei Octapharma
Samantha S.,Assistant to Head of Production Unit,Director,9,Octapharma,,https://www.linkedin.com/in/ACoAACeDFg4BI87l4aQKI0nvtwZ8lQsfv_5Ih-U,,Deputy Head of Production Documentation bei Octapharma
Gregory Peters,Assistant General Manager,Director,3,Octapharma,16370,https://www.linkedin.com/in/ACoAAAM3yCYBzsDaVqy6Zcrtam_cdHlXGDu_NX0,,Health Services Administrator
Christoph Sailer,Deputy Head Purification 1 and Team Lead Pilot Plant Operations,Director,4,Octapharma,16370,https://www.linkedin.com/in/ACoAACCDfsgBvz5Kn7u0hQ3wcur3jHt_tWk0MXM,,Deputy Head Purification 1 and Team Lead Pilot Plant Operations
Sofia Sundström,Director Biopharmaceutical Production,Director,1,Octapharma,16370,https://www.linkedin.com/in/ACoAAACkcEcBs2fYoVAbw3FTyCYi20lVrsbDxiQ,,Director Biopharmaceutical Production
Annika Palo,Head of Quality in Operations,Director,9,Octapharma,16370,https://www.linkedin.com/in/ACoAAAJ4g20BZy1WM_z16RlL6KLvT2WXcJI_nlk,,Head of Quality in Operations at Octapharma
Lennart Berggren,Director Facility and Process,Director,0,Octapharma,16370,https://www.linkedin.com/in/ACoAAAAXf2oBkAeh6XQJe3fwhegbNV42_ageS8g,,Director Facility and Process at Octapharma AB
Anna-Carina Luschin,Deputy Head of Purification 1 / Team Lead Pilot Plant Operations,Director,5,Octapharma,16370,https://www.linkedin.com/in/ACoAADlhnmoBIrTnkXEX2GMepwS0oxL0KkHsqGM,,Deputy Head Purification 1 / Team Lead Pilot Plant Operations
Stefan Hahn,Deputy Head of Aseptic Production,Director,9,Octapharma,,https://www.linkedin.com/in/ACoAABILAW8Bvmp7gcV-cJysEIcboUKOTvq4TUI,,Deputy Head of Aseptic Production bei Octapharma
Luuk Seelen,Group Director (Corporate Manufacturing Intelligence),Director,1,Octapharma,16370,https://www.linkedin.com/in/ACoAAAWSyZUB0Xq4E9lLJa8E7D2Q9IxtW9JyHG4,,Group Director Corporate Manufacturing Intelligence at Octapharma
Sonja Anderle,Head of Production Support,Director,10,Octapharma,16370,https://www.linkedin.com/in/ACoAABb3fSoBoKJ1gOHiwGn-1zsERGoHhNq-0jg,,Head of Production Support bei Octapharma
Clare Worden,General Manager,Director,18,Octapharma,16370,https://www.linkedin.com/in/ACoAADiuB_sBZVtfBKyhtMqgz4LhAwJTnYm0S8k,,--
Andy Walsh,Deputy General Manager,Director,7,Octapharma,16370,https://www.linkedin.com/in/ACoAAB761UgBp9JqCthv8VdvKHyr2jno682MhKY,,--
Geoffray Quenioux,Head of Panzyga 2.0 Production,Director,1,Octapharma,16370,https://www.linkedin.com/in/ACoAABX4mVABfQWstOUOAHP59k7qyLKAdT4GD5s,,Pharmacist - Development and Production Engineer
Martin Bellstädt,Head of Manufacturing / Production Technology,Director,1,Octapharma,16370,https://www.linkedin.com/in/ACoAABIvz9EBV1MFaAVBB_k-XedwgrofsYl8tdU,,"There are no problems, just challenges!"
Stefan Kisling,Head of Process Support Pharmaceutical Production,Director,3,Octapharma,16370,https://www.linkedin.com/in/ACoAACABYrsBI__4U1HZsoHdYCksInCIISyiIPI,,Head of Process Support Pharmaceutical Production bei Octapharma
Dr Elisa Derboven,Deputy Director/ Group Manager Corporate API Production,Director,1,Octapharma,16370,https://www.linkedin.com/in/ACoAABb2AacBOGeX4ieebioEkhboy4DArxihPNE,,Deputy Director/ Group Manager Corporate API Production at Octapharma
Christian Müller,Deputy Head of Microbiology - QC operations,Director,5,Octapharma,16370,https://www.linkedin.com/in/ACoAAC6DwzMBfOsk_vvls69aPmCEXI9lS8U-Xps,,Head of Environmental & Media Monitoring / Deputy Head of Microbiology
Alexander Eder,Head of Scientific Operations Services @ Plasma R&D,Director,1,Octapharma,16370,https://www.linkedin.com/in/ACoAACCpZvkBnRde_yYsDqJ4ZCchPK5NO3v1oUQ,,"I am an inspiring transformative leader, driving progress by
advancing individuals, their work environments, and by 
fos"
Jörg Wonka,Head of Manufacturing,Director,1,Octapharma,16370,https://www.linkedin.com/in/ACoAAFgNEukBnKU_njeWngCLT8SIGpskyR6Cf2Q,,--
Marthina Tedesund,Head of Quality in Operations,Director,4,Octapharma AB,10658449,https://www.linkedin.com/in/ACoAABb_LuwB-dlMmE2bKK9NhruLFOCdk8UtOHU,,Head of Quality in Operations at Octapharma AB
Christoph Kannicht,General Manager,Director,0,Octapharma Biopharmaceuticals GmbH,,https://www.linkedin.com/in/ACoAAAkUt7gBWiKXpBHZ2BcsYXx1Bt1Amd8-wx8,,Wissenschaftlicher Berater Strategie und Portfolio bei Octapharma Biopharmaceuticals GmbH
Steve Hillebrandt,Head of Production Unit,Director,9,Octapharma Dessau GmbH,,https://www.linkedin.com/in/ACoAACatWogBBWOQ7tEJA0Giw_tWTvhfBAuPFsM,,Head of Production Unit bei Octapharma Dessau GmbH
Judy Smith,COO and EVP,CXO,18,Octapharma Plasma,570106,https://www.linkedin.com/in/ACoAAANZsPgBQtc4ofy2bNTHF4gFX_gBtHDjpqw,,"EVP and COO at Octapharma Plasma, Inc."
koji ishihara,"Sr. Regional Director, Operations",Director,4,Octapharma Plasma,570106,https://www.linkedin.com/in/ACoAAAOWm4gB69BKRMByr-AyeftFPopbscbAfWc,,"Sr. Regional Director of Operations at Octapharma Plasma, Inc."
Dallas York,Regional Director of Operations,Director,10,Octapharma Plasma,570106,https://www.linkedin.com/in/ACoAABV4E5MBD75tQGaBJJUzmQyGZwkwWVgx2qw,,"Regional Director of Operations at Octapharma Plasma, Inc."
JONATHAN PRATER,Sr Operations Director,Director,9,Octapharma Plasma,570106,https://www.linkedin.com/in/ACoAAClKsrAB88fRN72IIgoUo_ETTUktKg7cAVY,,"Sr Operations Director at Octapharma Plasma, Inc."
Darrin Wildman,"Divisional Director, Operations",Director,17,Octapharma Plasma,570106,https://www.linkedin.com/in/ACoAABvb1hcBQbu1724t16LX2zJrfZgb_Bqkk98,,"Divisional Director, Operations at Octapharma Plasma, Inc."
Keef Romero,Regional Director Of Operations,Director,0,Octapharma Plasma,570106,https://www.linkedin.com/in/ACoAADq0Z3AB9A9TiYF7j9nk_Nqpi06u7BpbsrU,,"Regional Director Of Operations at Octapharma Plasma, Inc."
Jeremy Zastrow,Director of Lab Operations,Director,7,Octapharma Plasma,570106,https://www.linkedin.com/in/ACoAABg3EREBJswUQhfFGBTszJHkGoSzxHncvqE,,"Director of Lab Operations at Octapharma Plasma, Inc."
Tracy H,Director of Operations,Director,0,Octapharma Plasma,570106,https://www.linkedin.com/in/ACoAAFQoySIBlHvlcD7XEESaeX4pt55cBa0o8gA,,"Director of Operations at Octapharma Plasma, Inc."
Jennifer Gomosky,Director of Field Training and Operations,Director,6,Octapharma Plasma,570106,https://www.linkedin.com/in/ACoAAAPbAsUBmiS7z_o2IF2cnce8P8EByUx8t-M,,"Director of Field Training and Operations at Octapharma Plasma, Inc."
Meghan Murphree,Center Operations Director,Director,5,Octapharma Plasma,570106,https://www.linkedin.com/in/ACoAAAH3XbEBDGOBXSKefznvu5-fm6104FNs_HI,,"Center Operations Director at Octapharma Plasma, Inc."
Marcia Parker,"Director, Laboratory Operations and Hyperimmune Products",Director,0,Octapharma Plasma,570106,https://www.linkedin.com/in/ACoAAAOqHdEBOQoBXDjOU8Y5GiUvSmb6P7_FDDg,,"Director, Laboratory Operations and Hyperimmune Products at Octapharma Plasma, Inc."
Christian Fluegge,Head of Quality / Site Quality Head,Director,3,Octapharma Springe,41184238,https://www.linkedin.com/in/ACoAABESwosBsnbKUHXj-bFbNz4AVmiGUKx_8Wo,,--
Dirk Rudolph,Senior SME Production/ Head of Production,Director,0,Octapharma Springe,41184238,https://www.linkedin.com/in/ACoAAEXpYQQBYkpq3SenIpzilsnL86AV80doz3o,,Senior SME Production/ Head of Production bei Octapharma Produktionsgesellschaft Deutschland Mbh
Kai Höltje,Head of Engineering,Director,0,Octapharma Springe,41184238,https://www.linkedin.com/in/ACoAACJlAmkBKzRbGrwg5CRb6zwmeaxoGWn0eOQ,,Dr.-Ing. | Head of Engineering
Serdar Baris,General Manager,Director,1,Octapharma Springe,41184238,https://www.linkedin.com/in/ACoAAAJYQQABYKVwm9dMYGHMflKC7VYaoXRQbTc,,Octapharma Germany
Leonhard Nagel,Head of Production Unit,Director,1,Octapharma Springe,41184238,https://www.linkedin.com/in/ACoAAF14ASQBxLBOHv_8IycA4AsIlqIkSqPJiEY,,Head of Production Unit
Keegan Culp,Director Of Operations,Director,4,Palmer Chiropractic College,27001465,https://www.linkedin.com/in/ACoAADMhVmABqjfxXQSpqGyfdQ9WCLYs4Ms7dLY,,Chiropractic Student at Palmer Chiropractic College - Florida
Andrea Vázquez,General Manager Argentina & Latam South Cone,Director,1,Pint Pharma,25053014,https://www.linkedin.com/in/ACoAAAAcHwgBMTS3BZcAQp6GjvzbZx3eUVtfv0U,,General Manager Latam. Unlocking possibilities in rare disease.
César Fuentes Porragas,General Manager Business Unit,Director,1,Pint Pharma,25053014,https://www.linkedin.com/in/ACoAAAeKCuEBp_ZzMikdAqIXCvMLWN599I49GlA,,Director Comercial / BUM / Especialista en Negociación Estratégica / +15 años en Sector Salud / Posicionamiento de Marca
Mauricio Botero Caicedo,North Cluster General Manager,Director,0,Pint Pharma,25053014,https://www.linkedin.com/in/ACoAAAojabABVan0WyzhNXRvXJ0dp4yoasudW6s,,North Cluster General Manager
Florian Weber,Head Of Production,Director,7,PlasmidFactory,12182663,https://www.linkedin.com/in/ACoAADQgIiMBpiX9JCdbtFLDUOJwhTYQHaKkV6s,,Head Of Production bei PlasmidFactory GmbH & Co. KG - The Minicircle Company
Vikram Pundir,Vice President Site Quality and Group Quality Network Strategy | Management Board Member,Vice President,0,Polpharma Biologics,108621877,https://www.linkedin.com/in/ACoAAAZJM5UBNo1r-KVZtve-6cxcXrVXiPdz-Rc,,Vice President Site Quality and Group Quality Network Strategy | Management Board Member at Polpharma Biologics
Olaf Peter Birkenmeier,Head External Manufacturing,Director,4,Polpharma Biologics,18949263,https://www.linkedin.com/in/ACoAAC2oNsoBFIRV6ch3JzxtSQqFyzpqSlgVn8o,,Ensuring projects and supply run smoothly with external partners
Guenter Kreismayr,Head of Production (GMP Fermentation),Director,14,Polymun Scientific Immunbiologische Forschung GmbH,65174186,https://www.linkedin.com/in/ACoAAANfyd8BdpAmHxa0dwpjvi13fiL-0bQM2d8,,Head of Production (GMP - Fermentation) at Polymun Scientific
Raoul BERNHARDT,Chief Manufacturing & Supply Chain Officer,CXO,0,PolyPeptide Group,60184,https://www.linkedin.com/in/ACoAAAK0xJwB4L1IqVgCg8CG4N-UlnLApcmeRKo,,Chief Manufacturing & Supply Chain Officer - Executive leader
Yash Patel,"Head of Engineering, CAPEX Manager",Director,2,PolyPeptide Group,60184,https://www.linkedin.com/in/ACoAAElSgx0BkktMHB2Iv-3GqI2jO-2OOO1buco,,GMP State-of-art Manufacturing Facility Architect & Energy Enthusiast.
Michael Bjerno,"Director, Global Engineering",Director,1,PolyPeptide Group,60184,https://www.linkedin.com/in/ACoAAAH3pMwBTe72EfbDVwWyRbhp6xTabA7oBn8,,"Director, Global Engineering, Polypeptide Group"
Rekai Djouhar,Head of Business Unit Peptide Process Development & Manufacturing,Director,5,PolyPeptide Group,60184,https://www.linkedin.com/in/ACoAAAvfkycBRxIKAY1Z8ulRRv8c8yGCZwHhKHs,,Head of Business Unit Peptide Process Development & Manufacturing at PolyPeptide Group
Haris Samardzic,Head of Production,Director,1,PolyPeptide Group,60184,https://www.linkedin.com/in/ACoAAALNmIwBzw3uFUjKyVeRRuW_w4178FNOPs4,,Head of Production
Atul Harshe,Director - Production,Director,14,PolyPeptide Group,60184,https://www.linkedin.com/in/ACoAAATx-xABUwv4vIHinr4Rh_mFlKWp3J5_RmQ,,Sr. GM & Head - Site opeations
Ulrika Andrén Ny,Site Director U.S.,Director,1,PolyPeptide Group,60184,https://www.linkedin.com/in/ACoAAAXTlC8BbciJFtt8LiJTmUNFo3_lYAu6pZ4,,Site Director U.S. PolyPeptide Group
Aziz BELBEGAR,Head of Manufacturing & Supply Chain,Director,3,PolyPeptide Group,60184,https://www.linkedin.com/in/ACoAABYLIYIBKvfVvD1m2JIHknOZ_ABbAntom8A,,Head of Manufacturing & Supply Chain at PolyPetide Group
Inas Khedher,Head of Global Operations Controlling,Director,2,PolyPeptide Group,60184,https://www.linkedin.com/in/ACoAAAIvR68BmKb4OUH1CIbfudgVXF40XsVTGGw,,Global Head of Operations Controlling at PolyPeptide Group
Kevin Williame,Head of Production - Down Stream / Purification & Freeze Drying,Director,5,PolyPeptide Group,60184,https://www.linkedin.com/in/ACoAAA2gHr4Bt6osfOXVJfgMRIlHSfRSfKkEYX0,,Head of Production - Down Stream chez PolyPeptide Group
valery Meyers,Head of production Upstream,Director,1,PolyPeptide Group,60184,https://www.linkedin.com/in/ACoAAAdsIsoBOcezQut-morySv6XT2Hd7Bm9WP0,,Head of production upstream Polypeptide
Brad Grossman,Head of Operations- Torrance,Director,1,PolyPeptide Group,60184,https://www.linkedin.com/in/ACoAAADBdocBgKhcAPI6yAatogZo3lkzS1ws3BI,,Head of Operations at Polypeptide Group Torrance
Cecilia Bertilsson,Operations Director,Director,3,PolyPeptide Group,60184,https://www.linkedin.com/in/ACoAAAO66_IBmOyPhM-LY-6cM8f9SG5QauOV7lY,,Operations Director at PolyPeptide Group
Anders Nilsson,Engineering Director,Director,5,PolyPeptide Group,60184,https://www.linkedin.com/in/ACoAAADKavABRB__sWJKQw2mf4Yd2iqYj6qTeqg,,Engineering Director at PolyPeptide Group
Marchal Vincent,Head of Manufacturing,Director,2,PolyPeptide Group,60184,https://www.linkedin.com/in/ACoAABjV_pkBB-Mqprtq_me7B7U5y3ZJ2gPEKEU,,Director of Operations and Technical Services in pharmaceutical industry including CDMO
Christophe Allard,Site Director,Director,2,PolyPeptide Group,60184,https://www.linkedin.com/in/ACoAAADqD5kB5l26f3qUhJQmElhh_w9mWcSPwF4,,General Manager Belgium and Site Head (CDMO - Pharma Industry)
Jens Fricke,"Director Global Operations, PolyPeptide Group",Director,3,PolyPeptide Group,60184,https://www.linkedin.com/in/ACoAAABb8nABRYRf8QR-8RLq1cJVm6CjbLGdnFA,,"Director Global Operations, PolyPeptide Group"
Lena Berdén,Site Director,Director,1,PolyPeptide Group,60184,https://www.linkedin.com/in/ACoAAAFRTgQBCX2lPZCXnmRuLLZMwANNEVo3luY,,Site Director Malmö
Pierre BANZET,General Manager France - Site Director,Director,1,PolyPeptide Group,60184,https://www.linkedin.com/in/ACoAAAdNj2ABO6jnpP4Dw2hEeZP7qzJLjH_l1NA,,General Manager France - Site Director
Malin Hallström,Executive Assistant to Director Global Operations and Executive Assistant to Site Director Malmö,Director,4,PolyPeptide Group,60184,https://www.linkedin.com/in/ACoAAAtmKYsBCqH8Z4XuopAba4OrG5k5AYyE8pM,,Executive Assistant to Director Global Operations and Executive Assistant to Site Director Malmö
Andreas Lindgren,"Director, Manufacturing Process and Technical Transfer",Director,7,PolyPeptide Group,60184,https://www.linkedin.com/in/ACoAABN8vWUBPPDkbkiZZmQzJ0SKqkYlNSFBpAg,,"Director, Manufacturing Process and Technical Transfer  på PolyPeptide Group"
Phuc Nguyen,Head of Manufacturing and Development,Director,1,PolyPeptide Group,60184,https://www.linkedin.com/in/ACoAAAPQMeQBYcqXS824b0S-_-r5EbaRWqWRcLQ,,Pharmaceutical Operation Leader | GMP Expert | Process Development  | Strategic Project Management
Mickey Nielsen,"Director, Global Operations Controlling",Director,0,PolyPeptide Group,60184,https://www.linkedin.com/in/ACoAAAme3DYBtUCSWhZ8eiIa1rIqtPqov-ErBm8,,IMD EMBA
Christelle Bobier,Director Global Process Design and Manufacturing Technology,Director,1,PolyPeptide Group,60184,https://www.linkedin.com/in/ACoAAEiS8xcBNobX7198w9uZkd2DwoBh8pMC268,,Director Global Process Design & Manufacturing Technology
Fabian Magdanz-Milz,Vice President Operations,Vice President,1,ProtaGene,76143920,https://www.linkedin.com/in/ACoAAAxfk-4B4KJgTz1eiVjB7XnS9y03X5cJ_R0,,Vice President Operations at ProtaGene
Leiman Sutanto,Plant Director,Director,6,PT Ethica Fresenius Kabi Indonesia,,https://www.linkedin.com/in/ACoAAAxLmtYBcBHGKGeAoJHrVE6cKdv30wU4ubk,,Plant Director at PT Ethica Fresenius Kabi Indonesia
Jeremie Miller,Director of Operations,Director,12,RAFT,,https://www.linkedin.com/in/ACoAAAJx70kBhRjilUM8F9aA8Xdixw2EbebOCo8,,Executive Director at RAFT - Resilience for Advocates through Foundational Training
Gerald Huber,CEO,CXO,19,ratiopharm,12856,https://www.linkedin.com/in/ACoAAAKKH4IBFxGD_1_Oi7BwXDcLL80YuSMtmVQ,,CEO bei Gen Plus Pharma
Magdalena Tomaszewska,General Manager,Director,0,ratiopharm,12856,https://www.linkedin.com/in/ACoAAACCXs0B_JJYROP4F02EuI_nMZwb8JCifNo,,General Manager at ratiopharm
Paulo Lilaia,general manager,Director,0,ratiopharm,12856,https://www.linkedin.com/in/ACoAAAArk0UBskaCbo-7sRBBNmgzuLUlM3017ao,,general manager at ratiopharm portugal
Alexander Irchin,head of procurement 3rd party production,Director,0,ratiopharm,12856,https://www.linkedin.com/in/ACoAAAG7nScBSD8xLrM71l6HXYOHEqwpycDzgoo,,head of procurement 3rd party production at ratiopharm
Martin Stückle,Head of Global IT Quality & Compliance Operations,Director,10,ratiopharm,12856,https://www.linkedin.com/in/ACoAAAl9F-0BMdyBsyJDGNwPJQl9AQjQh0oG9mw,,self-determined
Tanja Ehret-Schäfer,Head of Contract Manufacturing Organization,Director,19,ratiopharm,12856,https://www.linkedin.com/in/ACoAACYM8hMB5CbXw4I8DOIUOlqixqwo1lQ3jv4,,--
Deepak Kumar,Head Engineering & Maintenance,Director,0,ratiopharm,12856,https://www.linkedin.com/in/ACoAAABlz2wBMnHeo6Ttmdea_BpTv5V_ipJOZww,,Head Engineering & Maintenance at ratiopharm india pvt ltd
Melissa Fraga,Director of Grants and Operations,Director,1,Reach Resilience,95704421,https://www.linkedin.com/in/ACoAAE159l4Bhzo7nzItLwXIZpf-rR5PtkgBuXI,,Director of Grants and Operations at Reach Resilience
Daniel Kress,Senior Director Manufacturing Science and Technology DSP,Director,6,Rentschler Biopharma,2408523,https://www.linkedin.com/in/ACoAABeIDB8BR7zodn-luqVKZBO1pPyYeCVZG8c,,Senior Director Manufacturing Science and Technology DSP
Frank Gießelmann,Director USP Production,Director,8,Rentschler Biopharma,2408523,https://www.linkedin.com/in/ACoAABje27IB68wR4u0QS0TP-xpaN0SpLT0D3tU,,Director USP Production bei Rentschler Biopharma SE
Veronika Sassano,Director Production Support,Director,8,Rentschler Biopharma,2408523,https://www.linkedin.com/in/ACoAADSsdWIBQGrfQK0zMYE3gi9KhwvHNur8L0s,,Director Production Support bei Rentschler Biopharma SE
Oliver Frey,Director Prozess & Plant Engineering,Director,3,Rentschler Biopharma,2408523,https://www.linkedin.com/in/ACoAACl26f0Bwr4fLzXMiWll_16AlwWBpM-7AE4,,--
Tobias Kubsch,"Head of Engineering, EHS & Sustainability",Director,1,Rentschler Biopharma,2408523,https://www.linkedin.com/in/ACoAAC5pF9UB5I2-KCHOnR1BH1x13FQ9OXgsYgI,,:-)
Killian Brady,COO,CXO,0,Resilience,33317533,https://www.linkedin.com/in/ACoAAETHcdYBTmCK3jYUUQGLyTUcDSloChDpmL4,,COO  at Resilience
Josh Matson,Vice President and General Manager,Vice President,3,Resilience,72516576,https://www.linkedin.com/in/ACoAAACrS-YB4HYbnfC5Msb88VfPUoOk5FWrqzI,,Vice President and General Manager at Resilience
Meg Mansfield,Vice President of Revenue Operations,Vice President,0,Resilience,33317533,https://www.linkedin.com/in/ACoAABUBKWUBGKL2nnvsOfNNmbBbr8t6K39og8o,,VP of Revenue Operations at Resilience
"Rudi Destics, CISSP","Director, Security Operations",Director,1,Resilience,33317533,https://www.linkedin.com/in/ACoAAAFL3XQBeILR1lPtDCUee5g-AXiEMOMg8Vk,,"Director, Security Operations at Resilience"
Ying Li,General Manager,Director,0,Resilience,,https://www.linkedin.com/in/ACoAAACD8igBTMnUnYT46T8jGniBZV542LrkXYQ,,General Manager at Resilience
Darius Wong,General Manager North Asia,Director,0,Resilience,,https://www.linkedin.com/in/ACoAAAAbjgIBoJj_vxu5aNI2p9Oxw93D6tqmvgk,,General Manager North Asia at Resilience
"Lee Smith, P.E.","Director, Site Engineering & Facilities",Director,4,Resilience,72516576,https://www.linkedin.com/in/ACoAAAE5ujABRC45DuDBIcnb6BCdaJnOQHvtFBk,,"Director, Site Engineering & Facilities at Resilience"
Syed Ahmed,Facilities and Engineering Site Lead,Director,0,Resilience,72516576,https://www.linkedin.com/in/ACoAAD_CcQUBrgSqaq3Mdkjc3nz3a5hshenkPgY,,Facilities and Engineering Site Lead at Resilience
Ken O'Connor,"Director, Site Processes and Strategic Initiatives",Director,1,Resilience,72516576,https://www.linkedin.com/in/ACoAAACiqI0B0p4hDefJlOcCduskwfjBwV2J0Fg,,"Director, Site Processes and Strategic Initiatives at Resilience"
Elliot Siemiatycki,Director of Business Development,Director,5,Resilience,77298502,https://www.linkedin.com/in/ACoAAAkc-xUBMTaDuHyN_qs9HNLAY2kHDy976oA,,VP Cyber Solutions at Resilience
Saurabh Singh,"Senior Director, Business Strategy & Operations",Director,0,Resilience,72516576,https://www.linkedin.com/in/ACoAAAAJLngBDA3YyPdBYCYsnmZZZ3HZcGy7OEE,,Business Strategy & Operations at Resilience
Julie Henao,Senior Manufacturing Manager,Entry Level Manager,5,Resilience,72516576,https://www.linkedin.com/in/ACoAAA21gP8BAUXBkbM_8snvH8n3bIHycT1A9jg,,Director of Manufacturing at Resilience
John Hoopes,Operations Director,Director,9,Resilience Alliance,1095779,https://www.linkedin.com/in/ACoAAADpI4oBf45MVLxkkmk8yDTiieaUYqptSi0,,Operations Director at Resilience Alliance
Steve Brookes,Director - Drug Development and Manufacturing Sciences & Technology,Director,1,Resilience Biotechnologies Inc,72516576,https://www.linkedin.com/in/ACoAAAD80wEBzRcBmLTuuquJXcpDDHQfZzpa_1k,,Director at Resilience Biotechnologies Inc.
Josh Hartman,Chief Operations Officer,CXO,8,Resilience Code,,https://www.linkedin.com/in/ACoAAB3fMegBY7C9QpyinqJx0dRZzmifOeZ4_Ew,,Chief Operations Officer at Resilience Code
Stef van Steenoven,Deputy General Manager - Ethiopia,Director,1,Resilience Ethiopia,2407056,https://www.linkedin.com/in/ACoAACZI8Y8B_J073BpaupT4n2Ili6d8zqFa-LA,,Private Sector Development Consultant at Resilience Ethiopia
Venugopal Kamalapur,Director Of Operations,Director,11,Resilience InfoTech,13275343,https://www.linkedin.com/in/ACoAABddijIBMACSyyDOVJgDAJt5sFzViJjxS-o,,Chief Financial Officer at Resilience InfoTech
Even Cheng,Director of Engineering,Director,3,Resilience Lab,40826599,https://www.linkedin.com/in/ACoAAAP2ADUBqPOauxIuY8ZVgB7cMawkzckwaZ8,,Director of Engineering at Resilience Lab
Alban d'Halluin,COO,CXO,0,Resilience Manufacturing,,https://www.linkedin.com/in/ACoAAAA8RuIBytHqKiRa9ZaA_OAqQmbvJB2bK2w,,COO at Resilience Manufacturing | Stealth Mode
David Camilo V.,Investment & Operations Director,Director,1,Resilience Partners,10197237,https://www.linkedin.com/in/ACoAAALruGwBd1EMC_jS7gquYjZfjzPpIdlyJ00,,Investment Director at Resilience Partners
David Inzano,Director Of Operations,Director,5,Resilience Recovery Resources,18740058,https://www.linkedin.com/in/ACoAADZ2tSUBBoFA6IivGKdnM-Z4O2YujUgEnNU,,Director Of Operations at Resilience Recovery Resources
Vamsee Dhar,Senior Vice President Operations,Vice President,13,Resilience Solutions,67151489,https://www.linkedin.com/in/ACoAAENQnWoBFjtL0kmOfu_m6qJebi-NFE3PZw0,,Senior Vice President Operations at Resilience Solutions
Briana Griffith,Director of Operations Support,Director,5,Resilience-Building Leader Program,18853638,https://www.linkedin.com/in/ACoAADF8EZoBRi9aroTKvAm9dBqF9h9tgmQ8mv4,,Operations Manager at Resilience-Building Leader Program
Johannes Salzbrunn,Chief Operations Officer,CXO,5,Richter BioLogics,41241729,https://www.linkedin.com/in/ACoAABOLZDoBy5VGxhKnzo7NoZzfaHtiQc7l4Gs,,COO at Richter BioLogics
Johannes Salzbrunn,Chief Operations Officer,CXO,5,Richter BioLogics,41241729,https://www.linkedin.com/in/ACoAABOLZDoBy5VGxhKnzo7NoZzfaHtiQc7l4Gs,,COO at Richter BioLogics
Jens Fricke,Deputy Head USP Manufacturing / GMP Compliance,Director,2,Richter BioLogics,41241729,https://www.linkedin.com/in/ACoAABMjAfoBTIPX8-gFW7vOnb-sfDDGdK7EV08,,Deputy Head USP Manufacturing / GMP Compliance
Maj Brit Anke Seifert,Teamlead Aseptische Herstellung / Head of Aseptic Manufacturing,Director,3,Richter BioLogics,41241729,https://www.linkedin.com/in/ACoAADJ26RoBZZhOHww31E9gNQyICLG_U6QCx5s,,Teamlead Aseptische Herstellung / Head of Aseptic Manufacturing bei Richter BioLogics / Apothekerin in Weiterbildung im 
Carolyn Delto,Deputy Head of Production II,Director,1,Richter BioLogics,41241729,https://www.linkedin.com/in/ACoAAB1RRs8Bm6wMGkhyh5KBkyiNzwsgzV9d1NA,,"PostDoc at the Rudolf Virchow Center for experimental Biomedizin, University of Wuerzburg"
Jens Fricke,Deputy Head USP Manufacturing / GMP Compliance,Director,2,Richter BioLogics,41241729,https://www.linkedin.com/in/ACoAABMjAfoBTIPX8-gFW7vOnb-sfDDGdK7EV08,,Deputy Head USP Manufacturing / GMP Compliance
Maj Brit Anke Seifert,Teamlead Aseptische Herstellung / Head of Aseptic Manufacturing,Director,3,Richter BioLogics,41241729,https://www.linkedin.com/in/ACoAADJ26RoBZZhOHww31E9gNQyICLG_U6QCx5s,,Teamlead Aseptische Herstellung / Head of Aseptic Manufacturing bei Richter BioLogics / Apothekerin in Weiterbildung im 
Carolyn Delto,Deputy Head of Production II,Director,1,Richter BioLogics,41241729,https://www.linkedin.com/in/ACoAAB1RRs8Bm6wMGkhyh5KBkyiNzwsgzV9d1NA,,"PostDoc at the Rudolf Virchow Center for experimental Biomedizin, University of Wuerzburg"
Christoph Böhnke,GMP Manager Downstream Manufacturing,Entry Level Manager,2,Richter BioLogics,41241729,https://www.linkedin.com/in/ACoAABKceogB7J4d3On8RMX4tNTk_z2iPueuvu4,,Biological Drug Substance/Product Manufacturing
Christoph Böhnke,GMP Manager Downstream Manufacturing,Entry Level Manager,2,Richter BioLogics,41241729,https://www.linkedin.com/in/ACoAABKceogB7J4d3On8RMX4tNTk_z2iPueuvu4,,Biological Drug Substance/Product Manufacturing
Joachim Meyer,Head of Engineering RPI,Director,9,Richter Pharma AG,,https://www.linkedin.com/in/ACoAABTkGqoBqimND56QGHM6uVymygvUGrGchhE,,Head of Engineering RPI bei Richter Pharma AG
Jan Borcherding,Head of Talent Acquisition Germany and Global Operations & Quality,Director,0,Roche,1602,https://www.linkedin.com/in/ACoAAAfQ8wYBJ3xLGZnNC_Vaqlg8Y1ekSevA8Ok,,"Global Talent Acquisition Leader in IT, FMCG / Consumer Healthcare & Pharma / Biotech"
Kluge Matthias,Director Enzyme Production,Director,35,Roche,,https://www.linkedin.com/in/ACoAABZxYwsBBhfKwytgq63a90Z6be_pkRRTTE8,,Director Enzyme Production bei Roche
Sarah Hinrichs,Head of Engineering Mannheim/Penzberg,Director,0,Roche,1602,https://www.linkedin.com/in/ACoAACYzUokBELBJgR-Qf-4CjIrvKw2X_7RQ8p0,,Engineering & Manufacturing Leader | Operations | Transformation | Leadership
Ellen Van Vijnckt,Deputy Head of Medical Evidence Operations/ Global Study Manager,Director,5,Roche,28438218,https://www.linkedin.com/in/ACoAACBasloBtGrnZub43uizHwixCWPsKu3h474,,Deputy Head of Medical Evidence Operations/ Global Study Manager at Roche
Lars Forsen,Director Lab Customer Operations Sweden,Director,0,Roche,33231680,https://www.linkedin.com/in/ACoAAAhm26ABSfN81czKiLhzovYWuFgtSG-2_s0,,Director Lab Customer Operations Sweden and Finland at Roche
Dr. Markus Lantermann,Head of Operations Support,Director,1,Roche Diagnostics,,https://www.linkedin.com/in/ACoAAAqR1GcBOCY3XDRswESrQvAh0RWH7gpu5M0,,Head of Operations Support at Roche Diagnostics
Renee Smith,"Director Site Planning, Workplace Strategy, and Real Estate",Director,1,Roche Diagnostics,,https://www.linkedin.com/in/ACoAAAKR5lkBwBiCRsgwpOhZoot5r2KDaVVfzew,,"Director of Site Planning, Workplace Strategy & Real Estate at Roche Diagnostics"
Dittmar Dr. Schlieper,Director Biotechnology Global Operations,Director,0,ROCHE Diagnostics,,https://www.linkedin.com/in/ACoAADsXpEEB8079gOigQ4VHnIlY9QVInYeGkZ8,,"Director Biotechnology Global Operations bei ROCHE Diagnostics, Penzberg"
Thilo Henckel,"Head of Biotech Production, VP",Vice President,5,Roche Diagnostics GmbH,,https://www.linkedin.com/in/ACoAABKGZQYBv0VM4GeZD2raR63uTTPBqQMRnJY,,"Head of Biotech Production, VP bei Roche Diagnostics GmbH"
Roland Thiele,Vice President; Head of Production Chemistry,Vice President,5,Roche Diagnostics GmbH,,https://www.linkedin.com/in/ACoAABI9OM4BUBjN8rArw2GEqOjSJWgghgd6fZM,,Vice President; Head of Production Chemistry at Roche Diagnostics GmbH
Jessen Kolan,Head of Business Operations,Director,0,Roche Diagnostics GmbH,,https://www.linkedin.com/in/ACoAACflumgBeVFMvKEMmAcolglwb_7o69vFthE,,Head of Business Operations at Roche Diagnostics GmbH
Ralf Mauritz,Director Particle Production,Director,5,Roche Diagnostics GmbH,,https://www.linkedin.com/in/ACoAABClINQBGYt0Oppw9d7rjsNoWPKqZxL3ddM,,Director Particle Production bei Roche Diagnostics GmbH
Maximilian Mayerhofer,Head of Production,Director,0,Roche Diagnostics GmbH,,https://www.linkedin.com/in/ACoAAEgcxZEB24ix_WAb1Tcp6OA8EFepLfCkb9A,,Head of Production bei Roche Diagnostics GmbH
Ralf Eisenbrandt,Head Global Operations Consumables (VP),Vice President,4,Roche Diagnostics International Ltd,,https://www.linkedin.com/in/ACoAABwzfjgBCD56PUYyBM_zhk6e1SEF81MnDng,,Head Global Operations Consumables (VP) at Roche Diagnostics International Ltd.
Marit Cummings,Head of Strategic Site Development,Director,2,Roche Diagnostics International Ltd,,https://www.linkedin.com/in/ACoAAAGe8DUBHd31BOuWIPtq1G2GWcIBu8MFXCM,,Head of Strategic Site Development at Roche Diagnostics International Ltd
Thomas Schwarz,Head of Instrument Manufacturing Rotkreuz,Director,2,Roche Diagnostics International Ltd,,https://www.linkedin.com/in/ACoAABHkbZYB5iDhZg2Co4xmwYt3ZHsAWkFyGMQ,,Head of Instrument Manufacturing Rotkreuz bei Roche Diagnostics International Ltd
Timo Niskanen,General Manager,Director,5,Roche Diagnostics Switzerland,,https://www.linkedin.com/in/ACoAAAGMlfoBOXuARZZnl_pQuzAI121WUXvisds,,General Manager at Roche Diagnostics Switzerland
Antonio Rodrigues,General Manager,Director,17,Roche Farmaceutica Quimica Ltda,31852,https://www.linkedin.com/in/ACoAAABHMsMB2UfgJbXtx5-0Qc-F6hQbs5BzplE,,General Manager at Roche Farmaceutica Quimica Ltda
Lisa Slater,General Manager,Director,1,Roche Finland,18288434,https://www.linkedin.com/in/ACoAAAIGtFsBCgbcuQBcH4aIpgh9W1oZzTQHrI4,,Shaping impactful patient outcomes through strategic leadership as General Manager at Roche Finland
Abed Sabra,General Manager  - Saudi Arabia,Director,7,Roche Saudi Arabia,9403120,https://www.linkedin.com/in/ACoAAARfnrUBPoEDlQildTi3yxNK8KSZtYkHvBQ,,General Manager at Roche Saudi Arabia
Andreas Büchler,Director Bulk Manufacturing (LdH),Director,0,Rottendorf Pharma,11758834,https://www.linkedin.com/in/ACoAAA5tOgMBxUAIladpkBsiaNK_wDjLKYLxIKE,,Director Bulk Manufacturing Rottendorf Pharma GmbH Ennigerloh Germany
David Wagner,Director Manufacturing Technology,Director,2,Rottendorf Pharma,11758834,https://www.linkedin.com/in/ACoAAETHsjkBscNZYNLMV8C-0cSENrinyPKb4a0,,Das Richtige richtig tun.
Lukas Sikucinski,Head of Bulk Manufacturing - Pharmaceutical Solid Dosage Forms,Director,3,Rottendorf Pharma,11758834,https://www.linkedin.com/in/ACoAACSPJSYBL9meGbliQ8rCU1lTbCjs1u2L-mw,,Head of Bulk Manufacturing - Pharmaceutical Solid Dosage Forms
Ronny Rackisch,Process Group Leader - Deputy Head of Pilot Plant,Director,5,Rottendorf Pharma,11758834,https://www.linkedin.com/in/ACoAADTd_aYBR2j41JCMKcMnsocdMyfP8o6q4WM,,Process Group Leader bei Rottendorf Pharma
Anna Kupferberg,Head of QA-Operations,Director,1,Rottendorf Pharma,11758834,https://www.linkedin.com/in/ACoAAC2n7MYBAJHJBCa4JOzGqJqKomwgrEoo1U4,,Head of QA-Operations
Leonhard D.,Head of Industrial Engineering,Director,1,Rottendorf Pharma,11758834,https://www.linkedin.com/in/ACoAAClDsMYBO24LdCGQh0Cnuzz449tNdD1ctE0,,Chemical engineering
Jil Gromoll,Assistant to Director Bulk Manufacturing,Director,3,Rottendorf Pharma,11758834,https://www.linkedin.com/in/ACoAAC0nVY4BRRGviPCBTo2HpEI7exn93A9NwG0,,Assistant/ Deputy Director Bulk Manufacturing bei Rottendorf Pharma
Achim R.,Group Director Engineering,Director,1,Rottendorf Pharma,11758834,https://www.linkedin.com/in/ACoAAAIyJAsBx8ZBASUKwPrRgSzily5BM6ur7LA,,Group Director Engineering
Lily Bigman,Vice President of Facility Operations,Vice President,0,Rutgers Business School Graduating Spring 2028,6878875,https://www.linkedin.com/in/ACoAADSJ9G0BXKJfPMUG_khpgUXCxCMVWgKQvIc,,Accounting Student at Rutgers Business School Graduating Spring 2028
Gregor Tamm,Head of Production Solids,Director,3,Salutas Pharma Barleben,3850554,https://www.linkedin.com/in/ACoAACftkPoBX2NlaI3kkqE9_7d4zzv2CoSo6Oc,,Head of Production
Martin A.,Manufacturing Unit Head,Director,6,Salutas Pharma Barleben,3850554,https://www.linkedin.com/in/ACoAAAfY-jQBMy-4tIyaTBKwYxTflHygLo8iitQ,,"Pharmaceutical Development, Project Management and Operations Leader"
Philipp Amstutz,Vice President - Head of global Operations Drug Delivery Systems,Vice President,3,Schott Pharma AG & Co. KGaA,10909015,https://www.linkedin.com/in/ACoAADM5LQIB_KozUXteOa97jJ9pwVWur6bcmlQ,,Vice President Global Operations / Pharma & Drug Delivery / Scaling Manufacturing Networks / Industrialization & Operati
William R.,Plant Manager - President Director,Vice President,5,Schott Pharma AG & Co. KGaA,10909015,https://www.linkedin.com/in/ACoAAAEVOcgB3KGBsel16NNFoLnyst9KbtSSi1k,,Managing Director – Manufacturing Operations | APAC Experience | Expat-Ready
"Bertram Kimmerle, PhD",Vice President R&D and Global Engineering,Vice President,3,Schott Pharma AG & Co. KGaA,10909015,https://www.linkedin.com/in/ACoAAAEehs4BuIxEKAxgfTf5HRvuq11bdNr3iEI,,Advancing the pharma industry through science and innovation | VP R&D and Global Engineering
Szabó Eva,Plant Manager/Managing Director,Director,1,Schott Pharma AG & Co. KGaA,10909015,https://www.linkedin.com/in/ACoAABRuAHgBBhHzvzfcKl4JzTHTLYogY6CnHHA,,Plant Manager/Managing Director at SCHOTT Pharma
Felipe Buhr,Head of Global Operations - DCS,Director,0,Schott Pharma AG & Co. KGaA,10909015,https://www.linkedin.com/in/ACoAAAGowTwBDittDxPQgfNw-uwUtFXQlqoZOQ4,,Head of Global Operations DCS - SCHOTT Pharma
Alexander Chukhlov,RU Managing Director / Plant Manager,Director,2,Schott Pharma AG & Co. KGaA,10909015,https://www.linkedin.com/in/ACoAABO_pJoBa6QJXwF9gVzxmcXOFx-xyOxgXBo,,RU Managing Director
Christoph Doeppes,Head of Operations NA,Director,6,Schott Pharma AG & Co. KGaA,10909015,https://www.linkedin.com/in/ACoAAEEu7nsBO2aZ_BrCZAtn29mLnNsHKkRuhHE,,Head of Operations NA
Juan Sanchez,Manufacturing Cartridges Head,Director,3,Schott Pharma AG & Co. KGaA,10909015,https://www.linkedin.com/in/ACoAABpDwXUBHscK_-j7ljZcRJoV19N69x6Aw70,,Manufacturing Head en SCHOTT Pharma
Dominique Kosse,Head of Process Engineering,Director,2,Schott Pharma AG & Co. KGaA,10909015,https://www.linkedin.com/in/ACoAAA4m0aQBzEP8xDnNanuEWVmQ5-WA65xfXt8,,Head of Process Engineering
Patrick Beeler,Head of Sterile Engineering Glass,Director,0,Schott Pharma AG & Co. KGaA,10909015,https://www.linkedin.com/in/ACoAAAiDGCcB8TbKo_Ue5jOIH4BM6KXe_Vq_wg4,,Head of Sterile Engineering Glass
Sarah Pamin,Head of Quality Engineering,Director,4,Schott Pharma AG & Co. KGaA,10909015,https://www.linkedin.com/in/ACoAABGfgx0BjsoCI4kRZkZZ3wZi-TpA4vxCmB0,,Head of Quality Engineering
Timo Beck,Head of Production Vials & Coating,Director,5,Schott Pharma AG & Co. KGaA,10909015,https://www.linkedin.com/in/ACoAABRjvOwBaEEfhCfWusJcWls5YGN_DxFof-M,,Head of Production Vials & Coating
Kai Zimmermann,Head of General Engineering,Director,3,Schott Pharma AG & Co. KGaA,10909015,https://www.linkedin.com/in/ACoAAAcSQssB6Z9Ph0teFkvaM_TssjqQmD-Awqw,,Head of General Engineering
Balazs Vizi,Head Of Regional Operations Europe Bulk Solutions,Director,5,Schott Pharma AG & Co. KGaA,10909015,https://www.linkedin.com/in/ACoAAAJigeEBE6DQw9YAIxfWUMYFEpmtRF_3a44,,Head Of Regional Operations Europe Bulk Solutions at SCHOTT PHARMA
Jochen Alberstetter,Plant Manager Sankt Gallen / Managing Director,Director,2,Schott Pharma AG & Co. KGaA,10909015,https://www.linkedin.com/in/ACoAAAbJ8o0BD2QXHcdxFq2G3gvYS2cExkhWO7Y,,Lead syringe production operations for pharmaceuticals with a great team and with passion
Thomas Schönenberger,Head of HotForming Engineering,Director,3,Schott Pharma AG & Co. KGaA,10909015,https://www.linkedin.com/in/ACoAACXhdrUBOrqP7aeMomwyln8I4kAg9dlcpMI,,Head of HotForming Engineering @ SCHOTT Pharma Schweiz AG
Dr. Andrea Schwaiberger,Site Quality Head,Director,2,Schott Pharma AG & Co. KGaA,10909015,https://www.linkedin.com/in/ACoAAD3kb_kBvGwvNdTTaSiC-jlhHf8eW4cevr0,,Site Quality Head bei Schott Pharma
Dirk Olbert Ph.D.,Head of Manufacturing Transformation,Director,1,Schott Pharma AG & Co. KGaA,10909015,https://www.linkedin.com/in/ACoAABNTn2YBW2W065Xzel3Vxjj9CMcaHt3KLxs,,Expert Operational Excellence & Strategy / Global Process Owner Production IT/OT
Mukesh Motivaras,Assistant General Manager,Director,15,Schott Pharma AG & Co. KGaA,10909015,https://www.linkedin.com/in/ACoAAEdsjZABCIN8k7J6aewtHnLEzNw8-xcpUF0,,--
Stanislaw Maier,Head of Facility Management,Director,4,Schott Pharma AG & Co. KGaA,10909015,https://www.linkedin.com/in/ACoAAENqTqoBcYZD2w-yPIn7Y0y1T49kqTtYpag,,--
Abelardo Riveron,Head of Regional Operations Asia,Director,5,Schott Pharma AG & Co. KGaA,10909015,https://www.linkedin.com/in/ACoAAAME4VcBULCEHLga5NjvS0tHojZwKeys2Yw,,Head Regional Operations Asia (PP-A) at SCHOTT Pharma Drug Containment Solutions
Valbona Idrizi,Operations Partner Production,Owner / Partner,1,Schott Pharma AG & Co. KGaA,10909015,https://www.linkedin.com/in/ACoAAEYdF4EBR-kmI45K1S9KjRW1FLaOjoLqGRY,,Operations Partner Production at SCHOTT Pharma
Graf Martin,Softwareingenieur / Product Owner Vision Engineering,Owner / Partner,6,Schott Pharma AG & Co. KGaA,10909015,https://www.linkedin.com/in/ACoAAE9fjXEBF9713I9sbD5bdnjF3KTEc3BWaMM,,--
Geno Worke,Vice President Operations and Interim Site Head,Vice President,0,Siegfried,50322,https://www.linkedin.com/in/ACoAAAFnJsEB5Dfvt_4w8P5m51urwrWhUn4YbOs,,VP of Operations / Interim Site Head
Meghan Cartmell,Vice President | Employee Enhancement Operations,Vice President,4,Siegfried,166408,https://www.linkedin.com/in/ACoAABjPz14B9mlDn45tW2Wa1dAdA2V9RXyu3rY,,Empowering Leaders | Enhancing Culture | Driving Growth at Siegfried
Pieter Vogels,"Senior Vice President | Global Head HR, Operations",Vice President,0,Siegfried,50322,https://www.linkedin.com/in/ACoAAAKiJgoBGgEoPoOYDaUCGWbWjXyEGBb4_4s,,"Senior Vice President | Global Head HR, Operations"
Grégory Dutoit,SVP Global Industrial Operations & Operational Excellence | CDMO Drug Substances,Vice President,3,Siegfried,50322,https://www.linkedin.com/in/ACoAAAEtdJUBmGLBc2KmC6x2OmNqa3iWy4p3dVM,,Global Operations Leader | Pharma & Chemicals | Multi-Site Manufacturing | Transformation | Operational Performance
John Zimmerman,Sr. Vice President Irvine Site Head,Vice President,0,Siegfried,50322,https://www.linkedin.com/in/ACoAAAawakwB0Eb2Ke9Wy9nyJCnSIUALGclWR-c,,SVP - Site Head
Tamo Pfeiffer,Global Head of Operations Mgmt. & OPEX DS,Director,0,Siegfried,50322,https://www.linkedin.com/in/ACoAABtseI8BiGCoPabshh4pwnUuvxpLrhHM5R0,,Serving Siegfried‘s Drug Substance cluster as Global Head of Operations Mgmt. & Operational Excellence
Chris Gilbert,"Global Head, Engineering and Technology",Director,1,Siegfried,50322,https://www.linkedin.com/in/ACoAAALMeOcBck-HRK6nl3utWVxoKGRb5ny6_uA,,Executive leader with vast career experience in engineering and operations
Anthony Grech,Site Head,Director,1,Siegfried,50322,https://www.linkedin.com/in/ACoAAAglzj0BYc7B6sKxIl3bwor4g79odZC0yYo,,Site Head & General Manager
Robert Webb,Head of Operations,Director,2,Siegfried,50322,https://www.linkedin.com/in/ACoAAAgt5-MBeHK7KzJSUa4xeHNTd2ilks3OxlM,,Operations Leader | Champion of Operational Excellence | Expert in Plant & Production Management | Proven Track Record i
John Jones,Head Of Operations,Director,10,Siegfried,50322,https://www.linkedin.com/in/ACoAABuYw7wB7qUtbz4atSiylgRLifSoxD2wzT8,,Head of Operations Siegfried Malta
Melanie Azzopardi,Head Manufacturing Science & Technology,Director,2,Siegfried,50322,https://www.linkedin.com/in/ACoAAB-gj3IBkP3zqhif7tw8fma_hRvqAfwGqpc,,Head Manufacturing Science & Technology at Siegfried Holding AG
Ivan Pérez Cabeza,Site Head,Director,4,Siegfried,50322,https://www.linkedin.com/in/ACoAAAZ2Ma0BRB9spmaStw2UqyHkbz3T42qLRZo,,"Site Head at Siegfried Holding AG, El Masnou"
Marcus Bauereiß,Head Engineering,Director,4,Siegfried,50322,https://www.linkedin.com/in/ACoAADfRHAcBCd86XNRIj3C8vyXdiXa9jqDTwNs,,Head Engineering
Liliana Rodríguez Blanco,Head of Manufacturing,Director,3,Siegfried,50322,https://www.linkedin.com/in/ACoAAAY0HUcBzuEHd0Q_-5VK_jnT3qLPZgA1BC4,,Production Director | Sterile Manufacturing | Lean Manufacturing | Packaging Operations | Strategic Leadership | Continu
Henning Austermann,Head of Engineering,Director,5,Siegfried,50322,https://www.linkedin.com/in/ACoAACYGP3UBHq-H1aUzAdtZouHE40ZO5e-eBMI,,Head of Engineering
Trevor Yin,Head Of Operations,Director,9,Siegfried,50322,https://www.linkedin.com/in/ACoAAALz88sBbJGr2lnDyWDDejHanNnShwslYrI,,Siegfried Nantong - Head Of Operations
Dr. Lena Mancuso,Head of Pharmaceutical Documentation,Director,4,Siegfried,50322,https://www.linkedin.com/in/ACoAADfvYVUBvTtfFIfv8fYWpm89moj70z7_9qc,,Head of Pharmaceutical Documentation
Urs Bucher,Head Production,Director,9,Siegfried,50322,https://www.linkedin.com/in/ACoAAAKtqU0BZgro-0mImep8Xb-YK8w_QajFMbA,,Head Of Production bei Siegfried Holding AG
Till Roehrich,Head of pharmaceutical development,Director,21,Siegfried,50322,https://www.linkedin.com/in/ACoAAAFJXtMB1RaBk8UwNjRKjv_q-jbFLNa2ISY,,Head of pharmaceutical development at Siegfried Ltd
James Neal,Director of Operations,Director,4,Siegfried,50322,https://www.linkedin.com/in/ACoAAAwKr_wBSLPwJnVERqUE0usCddoMZbTKUaw,,Director of Operations at Siegfried
Ramses Fabregà,Head Of Manufacturing,Director,5,Siegfried,50322,https://www.linkedin.com/in/ACoAAAC1udYBxZyGFVwral8eN20q6XUdrZC7KgA,,Manufacturing Unit Head at Siegfried Holding AG
Albert Seda,Head of Engineering,Director,1,Siegfried,50322,https://www.linkedin.com/in/ACoAAASX5uABgPzzVC7s8XrqMlmlOgdoXWepz6Q,,Head of Engineering en Siegfried Holding AG
Cornelia Flück,Assistant to Site Head Zofingen,Director,3,Siegfried,50322,https://www.linkedin.com/in/ACoAADANc4IBEe5ccwT9--fsmQc2IlKpkKclvHk,,Assistant to Site Head Zofingen bei Siegfried AG
Kern Hans Rudolf,Head Engineering Global,Director,16,Siegfried,50322,https://www.linkedin.com/in/ACoAABd4nzQBTVCkaCNjzrK2xab9QxE-fyWBlOY,,Head Engineering Global at Siegfried - Expect More
Ramzahn Alizadeh,"Associate Director, Strategic Operations",Director,1,Siegfried,50322,https://www.linkedin.com/in/ACoAAB8UDpwBZxcdzDeazs0gIU6-SP5CpEEv51g,,"Associate Director, Strategy and OPEX"
Marcela López Palomares,Site Head,Director,4,Siegfried,50322,https://www.linkedin.com/in/ACoAAAWm1gkBXw2BQasN2OBZ8BEW5gXnfc2w_LQ,,Site Head en Siegfried Barbera
Daniel Parra,Site Engineering & SHE Head,Director,4,Siegfried,50322,https://www.linkedin.com/in/ACoAAAEixScBsICfumncZuRdWq0dxROeDdk5z-0,,Site Engineering & SHE Head
Josep Fusté Martínez,Site Head,Director,1,Siegfried,50322,https://www.linkedin.com/in/ACoAAAO0W-oBfpyRkMbGNSJBZWRDosD4vbWtQrg,,Site Head
Urs Fellmann,a.i. Multi Site Head / Head of Ops Management & OpEx DP,Director,1,Siegfried,50322,https://www.linkedin.com/in/ACoAAAQTTRwBaT-tbVLEKXJbA9ZH5rpgt7BmBmM,,SVP | a.i. Multi Site Head / Global DP Operations / Operational Excellence
Anna Sanz Modrego,Global Head of Engineering Drug Product,Director,4,Siegfried,50322,https://www.linkedin.com/in/ACoAAAgTC28BCfHivLDQrFCxeqrHSyHiC_7N5CM,,"MBA, PMP®, Global Head of Engineering"
Michael Bavand,General Manager Biologics,Director,0,Siegfried,50322,https://www.linkedin.com/in/ACoAAAARVeIBQHFx_NtRxCCjapIzb_J2Rsl8clI,,General Manager Biologics at Siegfried Ltd
Philippe Moy,General Manager,Director,10,Siegfried,50322,https://www.linkedin.com/in/ACoAAAjD3v4B97iHeFABQnMWc3EL3FVje2Y4iPw,,Directeur Général Chez Siegfried
Paul Boyer,Head of maintenance & Engineering,Director,3,Siegfried,50322,https://www.linkedin.com/in/ACoAAAChuocB2yHSZ5ab8EaKiC90BpBYBk685K4,,Head of maintenance & Engineering chez Siegfried Holding AG
Anne Huebner,Site Quality Head,Director,1,Siegfried,50322,https://www.linkedin.com/in/ACoAAAH77rcBSGxC5vFMGNM322ppZ0nqvdJzP-s,,"Site Quality Head, Siegfried"
Greg Hug,Associate Director of Engineering and Maintenance ,Director,2,Siegfried,50322,https://www.linkedin.com/in/ACoAAAxvz08BqepqwcpKJ5PYONzsLFNa9YG4gF4,,Associate Director of Engineering and Maintenance at Siegfried
Albert Montserrat Montull,Production Unit Head Sterile Ointments,Director,0,Siegfried,50322,https://www.linkedin.com/in/ACoAABdwmVQBCF-ToMAyaE1LGf07xwGtBgaKkL0,,Production Head at Siegfried
Debora Ernst,QC Operations Head,Director,3,Siegfried,50322,https://www.linkedin.com/in/ACoAAAO77ysBAlI2Veg4ZAboR7zGcKyFziFU_wI,,QC Operations Head en Siegfried Holding AG
Martin H.,Head of procurement site,Director,4,Siegfried,50322,https://www.linkedin.com/in/ACoAABOLql0BfUbQGSkizosS5kSOAU2cumziJZQ,,procurement head site
Michael Steffen,Head of Production,Director,2,Siegfried,50322,https://www.linkedin.com/in/ACoAAA0uoSEBXx6Vx1WAJPPwhAVv5Yljt1EH2zY,,Head of Production Site Zofingen at Siegfried Holding AG
Toni Fernández Vera,Production Unit Head,Director,3,Siegfried,50322,https://www.linkedin.com/in/ACoAABcxdl8BT75a8986ua0vYgwcFBS9YJoH1Zg,,Production Unit Head
Marta Cortés Picas,Site QA Head,Director,3,Siegfried,50322,https://www.linkedin.com/in/ACoAAALQEOsBrihU8bUczAUr6EcwOOWbB_N6oRs,,Site Quality Head en siegfried el masnou
Laura Moreno,Production Unit Head (Inhalation),Director,4,Siegfried,50322,https://www.linkedin.com/in/ACoAAA0Bzq8BLaW3scYkp-ZBsTZxh99iQfTEPOY,,Lean / Operational Excellence Manager
Dominique Dupuis,"Deputy Site Head & Supply Chain Director | SIEGFRIED | EVIONNAZ, CH | 2014 – PRESENT (30/360 FTE)",Director,10,Siegfried,50322,https://www.linkedin.com/in/ACoAAAczn1IBY8dYeUip_x961mOHSfaePvKGx1w,,Site Head Deputy & Supply Chain Director | Black Belt Six Sigma | 20+ Years in Pharma & Chemical Manufacturing |Site Lea
Fredy Karlen,Site Head Zofingen@Siegfried,Director,2,Siegfried,50322,https://www.linkedin.com/in/ACoAAB-_yBwBTiXZd_Y0DQYI1_u91b8ILnxcfZY,,"Site Head & General Manager @Siegfried | Experienced Operations Leader | Passionate About People, Safety , Quality & OpE"
Shaun Gaffarena,OPEX Site Lead,Director,0,Siegfried,50322,https://www.linkedin.com/in/ACoAABrYg4ABdIeB7nOuiB1curA9xBUBoY-Z5VQ,,Operational Excellence Site Lead
Christoph Braunweiler,Head of Production Planning,Director,1,Siegfried,50322,https://www.linkedin.com/in/ACoAACZkcdcBi3qGVgAOfZko_2JdHEiJ2PRdSUs,,Global Leader in Operations and Supply Chain - Operational Excellence - Sales & Operations Planning (S&OP)
Stefan Dietrich,Head of QC Site Zofingen,Director,0,Siegfried,50322,https://www.linkedin.com/in/ACoAACjb7w4BaBOGpMa2A2QFNxFmSW7voFB9gRM,,Head of QC Site Zofingen bei Siegfried AG
Thomas Brulet,Site Head of Operational Excellence,Director,0,Siegfried,50322,https://www.linkedin.com/in/ACoAADi7CGQBS5Hk0rH70VRXBUJ2hgdVrDXr0gc,,Site Head of Operational Excellence
Frank Robertson,"Site Head, GM",Director,0,Siegfried,50322,https://www.linkedin.com/in/ACoAAACEy_kBjcQAggPgTNySO6y6S8rBxvHmSgk,,"Site Head, GM, Siegfried, Pennsville, NJ"
Roli Schürmann,Head Chemical Production / Senior Director,Director,0,Siegfried,50322,https://www.linkedin.com/in/ACoAAB16ev0BVYNkSlcdhuYlw-Dt5azum6NJo2g,,--
Steven Doo,COO,CXO,0,Siegfried & Parzifal,,https://www.linkedin.com/in/ACoAAANpwugBEIumfhx-ROddw08HfcjT6Jm2YM8,,"COO at Siegfried & Parzifal, Inc."
Osvaldo Peña,General Manager,Director,1,Siegfried Ecuador,33053211,https://www.linkedin.com/in/ACoAABmgGpIBVVCRBTB_gjWBed6chSRICc4hqyg,,General Manager at Siegfried Ecuador
Shayna Benning,General Manager,Director,21,Siegfried Enterprises,,https://www.linkedin.com/in/ACoAABPS6DgBS87GyyO0uM-lXtQcE33yAUo1zZg,,General Manager at Siegfried Enterprises
Sam Hout,"Sr. Director, Engineering & Project Management",Director,12,Siegfried-AMP,,https://www.linkedin.com/in/ACoAAAFQ70gBOg08pvKhja1DaFola0rO2N6nZZs,,"Sr. Director, Engineering & Project Management at Siegfried-AMP"
Thomas Seigneur,deputy head of Engineering dpt.,Director,9,Sintetica,1118154,https://www.linkedin.com/in/ACoAABJ1ldoBgtgLiObTU7Ic3MgDWQWbGYZgPx8,,Deputy Head of Engineering dpt
Paolo Pedruzzi,Site Director,Director,4,Sintetica,1118154,https://www.linkedin.com/in/ACoAAAMztCMB0NStbCr9KPkH651r6F1UcqnWC18,,Site Director
Herve Laberthe,Site Director,Director,1,Sintetica,1118154,https://www.linkedin.com/in/ACoAAApREqsBrJzGuI4BPRdpbAG7xlYsU_l6Pv8,,Experienced Site Director - Operations Director in the Pharmaceutical industry
"Julien Storaï, PhD, MBA",Senior Vice President Pharmaceutical Operations,Vice President,2,Stallergenes Greer,28664,https://www.linkedin.com/in/ACoAAAJxu4YB6Fs5v9FnwxjkOAH4HZQmOQvHSVc,,COO • SVP • Pharma • Biotech • Business Partnerships • Driving Industrial Excellence & Commercial Growth • Innovation in
Philippe Verez,VP International Operations,Vice President,0,Stallergenes Greer,28664,https://www.linkedin.com/in/ACoAAAEX8hsBT5W7a4HtoYCce6Xv9IDh55BlFq4,,VP International Operations at Stallergenes
"Michael Vasquez, MS, MBA","Sr. Director, Sterile Manufacturing Operations & Engineering",Director,4,Stallergenes Greer,28664,https://www.linkedin.com/in/ACoAAAfz7x0BV7lt2AfD-G-AdIrx6OKk0yeKKik,,"Sr. Director, Sterile Manufacturing Operations & Engineering | Achieving Manufacturing Excellence via Regulatory Complia"
Jennifer Hryniw,General Manager,Director,0,Stallergenes Greer,28664,https://www.linkedin.com/in/ACoAAAOpQ6ABWh1eykG0flbFIby5kqyx6Yig0MA,,General management | Strategic execution | Quality & compliance | Cross-functional leadership | Customer-focus
Christian Doering,Director Pharmaceutical Operations (DACH),Director,5,Stallergenes Greer,28664,https://www.linkedin.com/in/ACoAAB9Iaj8BQQwfBgD8azYwZfaURx9qzzdvw4I,,Director Pharmaceutical Operations bei der Stallergenes GmbH
Marek Borovsky,General Manager,Director,4,Stallergenes Greer,28664,https://www.linkedin.com/in/ACoAAAmOnEoBp0j8oTjUECY-q7UgXdCrxH9HLxI,,General Manager CZ&SK
Bertrand Villet,Head of pharmaceutical development,Director,0,Stallergenes Greer,28664,https://www.linkedin.com/in/ACoAAAEwAG4B6EBV6ozWenGKR4RWcRgc7lZvo10,,Head of pharmaceutical development at Stallergenes
Claude FISCHLEWITZ,General Manager,Director,0,Stallergenes Greer,28664,https://www.linkedin.com/in/ACoAACcy2JABOD0zxYdGLzOOmgvvZt0GD-aC6qU,,General Manager at Stallergenes Greer
Magda  Zbrzeźniak,General Manager Stallergenes Greer,Director,3,Stallergenes Greer,28664,https://www.linkedin.com/in/ACoAAA2Au4gBNzXZ0T06cjTbBLkaUYjSriTFKdk,,>> Medical Affairs >> Research & Development >> Real World Evidence>>Regulatory >>Patient Services >> GDP Quality >> Pha
Alexandra Hess,Head of Site Controlling,Director,4,Stallergenes Greer,28664,https://www.linkedin.com/in/ACoAAA9QVn4B660qH5humWOyyRUy6GuHLv1CmKU,,Site Controller chez STALLERGENES GREER
Laura Leocadio,General Manager - Belgium & Luxembourg,Director,2,Stallergenes Greer,28664,https://www.linkedin.com/in/ACoAAAFjdq4B-_7qGNx82ZRDNPumFLbHhaIPl5Q,,Operations Director | General Manager Belgium & Luxembourg at STALLERGENES GREER
Reagan Tesoro,Technical Operations Manager,Entry Level Manager,6,Stallergenes Greer,28664,https://www.linkedin.com/in/ACoAAAK9rJcBZTAF2zfBt_2-w9HY9NIgcOsHwzk,,San Diego Site Head at Stallergenes Greer
Mike Millar,COO/CFO,CXO,7,Startup2Exit,8055091,https://www.linkedin.com/in/ACoAAAATI-wBBLrTybOkq72gLg8VevodolLiQ1M,,Co-Founder and CFO at Startup2Exit
Darren Slaughter,Head Of Operations,Director,6,The Employee resilience Company Ltd,82241051,https://www.linkedin.com/in/ACoAACxuRFMBn1huBy2rh0IyjIKro_qpr8--NK0,,Operations Director at The Employee resilience Company Ltd
Benjamin Roehrl,Operations Director,Director,7,The Resilience Hub,,https://www.linkedin.com/in/ACoAACII3_AB1tyuUc77_S3AdQFgOT7i_YJ3A8I,,Operations Director at The Resilience Hub
Maddie McMaster,Head Of Operations,Director,5,The Resilience Project,18301195,https://www.linkedin.com/in/ACoAAAJ_wo0BCX_ZReiNREK7D6NhhrcdSvvHpbQ,,Head of Operations at The Resilience Project
Robin Brown,"Relationship Associate Director - South Region, National Employee Enhancement Operations",Director,1,The Siegfried Group,166408,https://www.linkedin.com/in/ACoAAA55i_EBIK8WlmH3A1mPuXr4gJs4j_pX32E,,"Relationship Associate Director - South Region, National Employee Enhancement Operations at The Siegfried Group"
Fabian F.,Associate Director Antibody Development and Manufacturing,Director,2,Tubulis GmbH,14776151,https://www.linkedin.com/in/ACoAAAu00UsB9BTR5h_cNxCnI81U_A2TaQ3Ntns,,Biotech | GMP  | CMC | Process/Tech Transfer | Process Validation | CMO Communication | Bioprocess Development | USP/DSP
Julie Ducar Bennett,"Director, Contract Operations",Director,0,Tubulis GmbH,14776151,https://www.linkedin.com/in/ACoAAACeJXoB_LJHXk-f65GG6R7EHHMOFDhBMNU,,"Director, Contract Operations at Tubulis, GmbH"
Annabel Kitowski,Associate Director - Analytical Development & Laboratory Operations,Director,1,Tubulis GmbH,14776151,https://www.linkedin.com/in/ACoAAB2q2wMBQXswW507CpQO1frherVzBK349jA,,"Phd (medical Biochemistry), chemical biologist with a passion for translational medical research"
Dylan Knight,Vice President Operations,Vice President,1,UC Davis Athletics,19002865,https://www.linkedin.com/in/ACoAADhjIoQBjNow31zIPqeyKj_6xJw59MJCqG4,,ESPN+ Broadcasting Crew Member at UC Davis Athletics
Jacob Gross,Vice President of Operations,Vice President,0,University of Florida,27001465,https://www.linkedin.com/in/ACoAAFFB7M8Bmohh02dAq6c1BWQxCQ-21zZf6Pg,,Student at University of Florida
Ryan Lashin,Founder of Phi Chapter/Operations Director/Recruitment and Programming,Owner / Partner,1,University of Michigan,27001465,https://www.linkedin.com/in/ACoAAFDqDA4BD03yy2evpRdUcRDulEtauRS2du8,,Sophomore at University of Michigan - Neuroscience Major
Madelyn Skinner,Vice President Facility Operations,Vice President,1,University of South Carolina,6878875,https://www.linkedin.com/in/ACoAAEUGGQQBloV15aQz1Pfy-nmWikBx4rdHITs,,Undergraduate Sport Management Student at University of South Carolina
Elizabeth Lombardino,Vice President of Recruiting Operations,Vice President,1,University of South Florida,6878875,https://www.linkedin.com/in/ACoAAFdJsVUBAzdXsGHQtO4I43aAY-tItSG656c,,Student at University of South Florida
Adnan Nuhic,Head of Aseptic production,Director,25,Valneva Sweden,10658449,https://www.linkedin.com/in/ACoAAArx-poBV5_xppJ005dkUrvlmdTjUZU6MxU,,Head of Drug Product at Valneva Sweden
Alex Hoffman,Vice President and Operations Director,Vice President,1,Virginia Tech studying Public Relations and Global Engagement,27001465,https://www.linkedin.com/in/ACoAAEdJHnMBE78Z62Tiu3F5zHNQHYA6Iw1wZ7U,,Student at Virginia Tech studying Public Relations and Global Engagement
Ulrike Keitel,Head of Production,Director,0,Wacker,,https://www.linkedin.com/in/ACoAABZVmfUBVf1yBh1XfCFTtJlOBS-LU5Kn0kA,,Head of Production for Vaccines at Wacker
Marco Wolf,Operations Director,Director,0,Wacker Biotech US,,https://www.linkedin.com/in/ACoAAEXzNmUBDHUacbA_lEF0JWGkmA6c_yGgDZA,,Operations Director bei Wacker Biotech US
Eby Chembola,Director of Engineering,Director,2,Zeta,10355561,https://www.linkedin.com/in/ACoAAAPnBSkBgd9BjMfS50rXiFTMdmczJPdAA0U,,"Building Scalable, Resilient Systems | Director of SRE at Zeta"
Igor Smirnov,Head of Process Engineering RU,Director,3,ZETA,898735,https://www.linkedin.com/in/ACoAAB4r3EQBWmmXEx_ZUmgn6qx8wFXhclyGhzU,,Head of Process Engineering RU
Marie-Astrid Haibl,Head of Process Engineering,Director,13,ZETA,898735,https://www.linkedin.com/in/ACoAAANa0jgBz3u7-hf1OMniC3Pqwsu_pvI08is,,Head of Process Engineering
Thomas Wipfler,Corporate Deputy Head of Mechanical Engineering,Director,3,ZETA,898735,https://www.linkedin.com/in/ACoAACVG7vYB81utUxHO8dG1586zJKjQzo6IWJY,,"Corporate Deputy Head of Mechanical Engineering bei ZETA Biopharma, Teamleader Engineering"
Johannes Koch,Director Business Line Engineering & Services,Director,1,ZETA,898735,https://www.linkedin.com/in/ACoAAAGh-loBHiGcKeYlQVMUjdMKzpLZkr5QZEg,,Director Engineering at ZETA GmbH
Christian Gößler,Corporate Head of Mechanical Engineering,Director,3,ZETA,898735,https://www.linkedin.com/in/ACoAACrcUtwBN0eywglS_1YCCmSR561oasGS9oA,,Head of Mechanical Engineering bei ZETA GmbH
Alexandra Wolfsberger,Deputy Corporate Head of Process Engineering,Director,5,ZETA,898735,https://www.linkedin.com/in/ACoAAAEa70IBDNzkAJ7lJVQLeO6ZqyIMCdrN5Wg,,Deputy Corporate Head of Process Engineering at ZETA GmbH
Daniel Maier,Senior Director Business Line Engineering and Services,Director,1,ZETA,898735,https://www.linkedin.com/in/ACoAAB2KpiABuxvgzpwXKgjwBjblhuukpkGTrq8,,The solution does not care how the problem arose.
Zia Kazi,"Director, Engineering",Director,0,Zeta,18763,https://www.linkedin.com/in/ACoAAAb1vr4BmMPFOlRb7ammFh7l-YGSmhP4jnw,,Director Of Engineering at Zeta
Nanda Kishore K,Senior Director of Engineering,Director,1,Zeta,10355561,https://www.linkedin.com/in/ACoAABYuGhgBVopO5TYrSvSpU9vG-FyxeItaE_E,,working at Zeta
Charbel Noun,Assistant General Manager,Director,0,Zeta,10355561,https://www.linkedin.com/in/ACoAAE75GcwB2Foq4t2aoWJEApzI507oIhzHa60,,Assistant General Manager at Zeta
Sunny Montes,General Manager,Director,0,Zeta,18700034,https://www.linkedin.com/in/ACoAAA4ugPUBl9Bb-M227l9r3Ii8RjoWIZJHBMs,,General Manager at Zeta
Blaise Braye,Director of Software Engineering,Director,0,Zeta,18763,https://www.linkedin.com/in/ACoAABXcYmEBZsUfN-2__IEW6c-4IgGN_g4YHIk,,Technical Director at Zeta
Patrick Clarke,Head of Operations,Director,2,Zurich North America,,https://www.linkedin.com/in/ACoAAAKgrDUBQIlOKoDBAwgh86oej8R9apC0aZw,,Head of ZRS Operations/Risk Engineering at Zurich North America
Maria Graf,"R4Q Pharma & Business Consulting, CEO",CXO,3,,,https://www.linkedin.com/in/ACoAABrsKd0BnZu7NjL447bKfgYSeLqrjSsXB9k,,It`s all about Radiopharmaceuticals. Program Lead. Product Management. Global Regulatory Affairs. Pharmaceutical Quality
Jeremy Abdulla,Manager of CMO Production,CXO,1,,93414161,https://www.linkedin.com/in/ACoAACRo-jIBBVB4YWzB6NmvqG22MMhPdyGuS_w,,Manager of CMO Production
Christian Leschke,Head of Operations CMO,CXO,0,,,https://www.linkedin.com/in/ACoAAA1mDnkBijmaQ5N3Zft5iYGQGQEVHZc8Ch4,,Head of Operations CMO
Patrick Van den Berg,CEO Pharoly,CXO,15,,,https://www.linkedin.com/in/ACoAAAGu99cB3WtAuDv-JYQPrdalvIECMGBOhYg,,General Manager at Ever Pharma (France)
Judit Sore,Director of Site and CMO Operations,CXO,0,,93414161,https://www.linkedin.com/in/ACoAAAQxKxsBSG6CberaM8SSJNzRYHu0-DIcBIc,,Director of Site and CMO Operations
Miguel Paredes,CFO & Business Operations Director,CXO,5,,18822808,https://www.linkedin.com/in/ACoAAABRF0sB1hxG2B7z0Fg_m6XKc2jDFC1HrQ0,,CFO & Business Operations Director
Nicolas Helleringer,Co-founder & CTO,CXO,5,,69772024,https://www.linkedin.com/in/ACoAAABUPT0BnQDePB0TJfg2kUJ-9PqdIcldE0w,,Co-founder & CTO chez Resilience care
Steve Hoffman,"Founder, CEO and CTO",CXO,1,,,https://www.linkedin.com/in/ACoAAAAAK-wBYDhYXxRVGzC5QiPeUqH6i4lG4fE,,"Founder and CEO of Informed Resilience, Inc., and its Community Resilience Tool: Streetlight™. Senior Consultant, Though"
Kenneth Ebillah,Founder and CEO,CXO,0,,,https://www.linkedin.com/in/ACoAAAcxtrIBHC2dX40yLtLO1A30Q1Y0Z9eaIlc,,Polymathic Nobel Enterprise Founder and Polyfunctional Systems Architect @ GPGPS GROUP & KNSER-NGC & K^2 Axis & KTEL & M
Stephen Mangano,COO,CXO,6,,,https://www.linkedin.com/in/ACoAAAAdYa8B1HuI_O6JOrBBZuZ9UyEiAnYH3iA,,Impacting communities and people.
Pierre Lunel,General Manager - CEO,CXO,11,,70167,https://www.linkedin.com/in/ACoAAAKodeQBywF38cE5gO0GfRgjHDNAsEz9Ew0,,General Manager Chemicals & Pharmaceuticals BU
Peter Arnold,Co-Founder and CTO,CXO,10,,69119612,https://www.linkedin.com/in/ACoAAB5VdAkBivVUmLrhYrDoM-ljAJkECRCoOl4,,"Co-founder and CTO, Divining Lab LLC"
Erwin Herren,COO,CXO,16,,,https://www.linkedin.com/in/ACoAAAKZaToBoUFnz6yzkbbkLCUjoF3pRJO2OWk,,Conseiller Indépendant
Alice Dournel,Chief of Staff to the COO & CEO,CXO,0,,69772024,https://www.linkedin.com/in/ACoAAC3YA2gBKL1G8N95Bwn6umb22L9BZmUnCA8,,Business Analyst New Ventures - M&A @ Resilience
Amro AlOlaqi,COO,CXO,2,,68224448,https://www.linkedin.com/in/ACoAAAC9RPIBjOfugtT-kJ1CLx_9tZ-DIS0Nluc,,Transforming ideas into tangible outcomes.
Scott Pickens,Managing Director & Chief Executive Officer,CXO,22,,,https://www.linkedin.com/in/ACoAAALAf_cBa25ONSGsOZIxRhuyeD5XX1wosX0,,Senior Fellow and Advisor - Defense Industrial Base Institute
Tilak Poovaiah,Chief Operating Officer (COO),CXO,8,,13275343,https://www.linkedin.com/in/ACoAAACd9qsBjPhoq3i-DkD-0RcS24GbFxpsjAY,,Chief Operating Officer | Driving Global Delivery Excellence & Setting Up Offshore Tech Pods for Healthcare & Tech Enter
Shardell Artis,Chief Operations Officer,CXO,2,,102073186,https://www.linkedin.com/in/ACoAAAjh9ocBK7vVGKJp2bSG4z_sgZItK0PALhM,,Communications and Management Specialist
Salem Alhayani,CTO,CXO,2,,68224448,https://www.linkedin.com/in/ACoAAAE7mPwBYKJbNOXZbZxNNZXXNj0bgYx-P7E,,CTO
Kai-Dietrich Scheppe,Interim CIO / CTO / Head of IT – Hands-on IT & Software Leadership,CXO,2,,106857226,https://www.linkedin.com/in/ACoAAAHrXSgB3BdRKzmp87QOP2P-zmxcq12UxZI,,"IT and Software Leadership focused on stabilization, scaling and transformation in complex organizations"
Zach Stanford,Chief Operations Officer,CXO,0,,108772908,https://www.linkedin.com/in/ACoAAAZ3b78BO2egUrD-5ZjMODuDtlPCJh_saPQ,,Disaster Diplomat🔹Data-Driven Emergency Management🔹GIS🔹Weather and Risk Communication
Steven Hagen,Chief Manufacturing Offier,CXO,2,,94957203,https://www.linkedin.com/in/ACoAAABWLbYBidSH4gROX1_1fhpI74cpUIqfXvg,,"National Resilience, Chief Manufacturing Officer"
Tomas Nichols,"Chief Operations Officer, Cofounder",CXO,3,,98520913,https://www.linkedin.com/in/ACoAAC6lTcUByrdnTAhdIKm6BsHdIA8baZhyfY8,,Dedicated Disability Advocate and Childhood Cancer Survivor
Ramon Garcia,COO & CTO,CXO,4,,78339832,https://www.linkedin.com/in/ACoAAAkbJ00BZfxrW7cNaaLVo2PoFFj9Z_yVJqQ,,Gestão de Operações & Infraestrutura de Tecnologia da informação
David Liu,Director of Administration / COO,CXO,0,,76246866,https://www.linkedin.com/in/ACoAAAhJzY0BCLNEjIdBUIrmb7UMhgZ8rRTn2J4,,COO at Center for Asia-Pacific Resilience and Innovation 亞太堅韌研究基金會
Scott Burling,Chief Operations Officer,CXO,0,,19140804,https://www.linkedin.com/in/ACoAABOobtsBP2272xOHbcc3ShbJz902SenrhNQ,,Turning Technical Experts Into People Leaders | Coach & Facilitator | MBA | Psychology
,Co-Founder & COO,CXO,1,,,https://www.linkedin.com/in/ACoAAB_h-_ABFljF__TYwuWqlQmDx5giE1Qm5Ps,,Fitness Entrepreneur | Podcast Host | Injury Rehabilitation Specialist
Ramki Gaddipati,"APAC CEO, Global CTO, and Co-founder",CXO,2,,10355561,https://www.linkedin.com/in/ACoAAAA8PUoBQ6505W4H9b3EOmYSyleMet2gkeM,,"APAC CEO, Global CTO, and Co-founder  @Zeta | Democratizing Banking"
Paul Schaffer,CTO Project Review Lead,CXO,4,,,https://www.linkedin.com/in/ACoAAAu28JABqG9XyUej3_dFD1oPe84zKjXQzhI,,Site Head and Project Leader Roche Diagnostics Santa Clara
Magdalena Mocek,CMO Quality Site Manager,CXO,5,,,https://www.linkedin.com/in/ACoAADFmZLsBQ7eH6Aoy2j6w5jQW0ddXfI9BY1o,,Quality Site Manager
Dr. Nadia Jamali,Technology and Innovation Management - CTO Office,CXO,6,,,https://www.linkedin.com/in/ACoAADIxak8BLev-WDq_g8GA7abg2NYB8vA9LIU,,Innovation and Technology Management | Digital Health Strategies | Medical Devices Technologies | Product Design Managem
Sweta Bohara,Program @CTO office ,CXO,2,,10355561,https://www.linkedin.com/in/ACoAAC-chtABlk3vXhbKzRI3bt0r7ctR0MqVlm4,,"Building Finny | Ex-Zeta | Ex-Broadridge | 
Growth, Product & Execution"
Ayushi Varshika,Senior Project Manager (CTO Office),CXO,0,,10355561,https://www.linkedin.com/in/ACoAACIZo5MBBjPfatF1mFUfZ1XLkHuZKL4AuzE,,Senior Project Manager@Zeta (Directi) | CSM | CSPO | MBA in Marketing & IT | Ex- Deloitte USI & EY
"Sean Brown, MBA","Chief of Staff, Talent & Operations",CXO,1,,166408,https://www.linkedin.com/in/ACoAAAC2cXEBgphHfYeOeksDhceHgs5YILO3u98,,Chief of Staff
Winsdell Langdale,Chief Operations Officer,CXO,9,,,https://www.linkedin.com/in/ACoAAAo6fGoB_jxl69efT2xcr_25ESdNxNl6EO4,,Chief Operations Officer
Manfred Keller PhD,"Laboratory manager, free lancer, head of Pharmazie, head of aerosols & inhalation, CSO & VP, CEO",CXO,0,,,https://www.linkedin.com/in/ACoAABmWc7kBT6vVkhiFPY1qe9XOyagve7V4STQ,,Adding value to your business
Nilesh Deshmukh,Vice President HR and Support (India Operations),Vice President,3,,114863,https://www.linkedin.com/in/ACoAAAbtXkYB15ATrER7iwlX3GDLPwg_deZoge0,,Vice President - HR and Support (India Operations).
James Holloway,"Vice President Contract Manufacturing Pharmaceuticals, Global Business Development",Vice President,2,,10809,https://www.linkedin.com/in/ACoAAAGaDOoBH2jJd_8nHavil6NvF6Dpysi__l4,,"Vice President CMO Pharma BU, Global Business Development @ Fresenius Kabi USA | Respected Business Leader"
Louise Ingram,"Vice President, Process Development and Manufacturing Sciences",Vice President,1,,94060906,https://www.linkedin.com/in/ACoAAAQCl98B8qL0e34b8_WMQYh1NnjT6mIBCQs,,"Vice President, Process Development and Manufacturing Sciences"
Jorge Barroca Ferreira,Deputy Production Manager - SVP,Vice President,1,,83516601,https://www.linkedin.com/in/ACoAABPIBioBuZvkGtIj_qfaIysU418VKXxCeGk,,PhD | Pharmaceutical Industry | Production Manager
Inês Rebelo,Production Manager SVP,Vice President,7,,83516601,https://www.linkedin.com/in/ACoAACWX92sBf8UzhwYb8iR92Tkqh3ANcilbCdU,,Production Manager SVP | Fresenius Kabi Portugal
Andy Williams,Vice President Engineering and Facilities,Vice President,4,,72516576,https://www.linkedin.com/in/ACoAADr4L18B2PJzL184Zms-UDJXR3O-Vwo2ZWE,,"Vice President, Engineering and Facilities"
"Rajesh Shenoy, Ph.D.",Vice President Technical Operations,Vice President,2,,72516576,https://www.linkedin.com/in/ACoAAAFGREYBqG8gYy16EgYovVO6O1TFncG7CGc,,Independent Consultant
Jullian Bellino,VP Product Engineering,Vice President,1,,69772024,https://www.linkedin.com/in/ACoAABB9MP0BFNaaImqU966bre5VVrmYzNJmuNM,,VP Product Engineering
Gregory Bourdarot,VP Operations,Vice President,1,,69772024,https://www.linkedin.com/in/ACoAAAGhChEBTOTjvdS391ymNJ0kmvA_OJzjT3E,,Business Development & Operations
"William J. Hornback - CRIS, CSHM, CST",AVP - Manager Construction Risk Engineering South - Zurich,Vice President,10,,,https://www.linkedin.com/in/ACoAAAUWm1oBe_EBgBXyTpEEA6spaDqqVguBEjs,,AVP - Manager Construction Risk Engineering South - Zurich
Frank Shifflett,Vice President Operations,Vice President,1,,10630220,https://www.linkedin.com/in/ACoAAAGum8MBBmQkkwxm-76kZSthhrBXqmm1F6o,,"Operations, P&L leader"
Derek Wiggins,"VP, Operations",Vice President,4,,,https://www.linkedin.com/in/ACoAAAlbhEYBdiXEtf8apf7CINDxM8ngNg75seA,,Business Leader | Corporate Consultant | Creative Professional
"Jim Paponetti, CAE","Executive Vice President, Operations",Vice President,1,,80964,https://www.linkedin.com/in/ACoAAAB06w4BBkah6NuEdoq2PjEL26slNktBJB8,,"Nonprofit executive passionate about mission-driven leadership, staff and volunteer development, and building sustainabl"
Maxim Kur,"Vice President Of Engineering, DevOps",Vice President,4,,18763,https://www.linkedin.com/in/ACoAAAAtUD0Bli0yC_mOEUDavyg78vOfjb4vZOA,,"Engineering, DevOps, SRE, Cloud Operations, Automation Leader"
Gireesh Subramaniam,Vice President - Product and Engineering,Vice President,4,,10355561,https://www.linkedin.com/in/ACoAAAGouB8BeayqLIfwbd2MtcRvhsxwe3-MVYw,,"Vice President, Product and Engineering. Scaled products from 0 to 250M +"
Elanchelvan Elango,VP of Engineering,Vice President,4,,18763,https://www.linkedin.com/in/ACoAAAAu5ggBgb6vle0jWd2lZfLVf7QHaoGWq-0,,Technology Executive | Scaling AI-powered SaaS & CX Platforms | Global Engineering Leader | M&A Integration | Data/ML at
Zachary Romano,"VP, Programmatic Operations",Vice President,0,,18763,https://www.linkedin.com/in/ACoAAAiMXrgB86fp-Y_vWHkNi1_5jc-Rb52IN2s,,"VP, Programmatic Operations"
Simon Kang,"VP, Revenue Operations",Vice President,0,,18763,https://www.linkedin.com/in/ACoAAASi-ocBO3wgEa7Jpq1mVIXnX9kXT8p-g60,,"VP, Revenue Operations"
Kenna Ranson,"VP, Business Operations",Vice President,0,,18763,https://www.linkedin.com/in/ACoAAAS4XjMBmTowje7rxT5yCMycnomayCkKli0,,"High Performing Revenue Operations Executive | Love for People, Empathetic Leadership and Building Process | Obsessed wi"
Annie Dockter,"AVP, Product Operations",Vice President,0,,18763,https://www.linkedin.com/in/ACoAAAGcE4oBcZ5A9Y-uZwInfiqX85u_5Lc-GBs,,CRM | Digital Marketer | SaaS
Jennifer Field,"EVP, Enterprise Operations",Vice President,0,,18763,https://www.linkedin.com/in/ACoAAAC_Gr4BmT6oQnbJaiGuhV6P8jJOGx7fIoQ,,"EVP, Enterprise Operations"
Brittany D.,Executive Assistant to VP of Operations,Vice President,7,,18763,https://www.linkedin.com/in/ACoAAAsye_8Bjn6XANobjuk2T6OesxrCgblklmI,,Amazon
Sean Nguyen,"Vice President, Quality Assurance  & Application Security Engineering",Vice President,2,,18763,https://www.linkedin.com/in/ACoAAABcxUEB5sTnDgSuQPxFLrhshZm0r9C7srM,,Quality Assurance and Application Security Engineering Leader
Arvind Sethuraman,"Vice President, Product & Engineering - Retail Payments",Vice President,4,,10355561,https://www.linkedin.com/in/ACoAAAylakUBgFjRgn7GAGyyCG1SBlbhm4qR-IM,,"Vice President, Product & Engineering @Zeta - Retail Payments"
Max Sommers,"Vice President, Director of Internal Operations",Vice President,0,,27001465,https://www.linkedin.com/in/ACoAAEd08B4BditX8fYjJIP3_Qz8figiXHo0Vl8,,Honors Accounting Student - Santa Clara University Leavey School of Business
Michael Nguyen,Vice President Operations,Vice President,1,,27001465,https://www.linkedin.com/in/ACoAAEzt9cgBPV6El8ICV5VtSTrWHAArUiVxev0,,Junior PreMed and Neuroscience student and the University of Massachusetts Amherst
Michael Perry,Vice President Operations,Vice President,0,,27001465,https://www.linkedin.com/in/ACoAAFMRbUwBOBbjWtYNAsvJSs8xBSgMW5psao8,,Mechanical Engineering Student ’28 Florida State University
Kyle Dubois,Vice President/Operations Director,Vice President,0,,27001465,https://www.linkedin.com/in/ACoAAEUhAXgBFkh8d4phJhEdf6kQHKpuUjKxTzI,,"Sophomore, Biochemistry (BS) and Business Communications (BA)"
"Joshua Muscat, MBA",Vice President of Operations,Vice President,0,,150469,https://www.linkedin.com/in/ACoAABWeFLQB_Aw37FiqJrK632mVvHEN8QpNuQs,,"Vice President of Operations | Strategic Leadership, Growth & Engagement in Global Nonprofits"
JJ B.,VP of Operations,Vice President,2,,90764179,https://www.linkedin.com/in/ACoAAAImU1EB8JYpb6YWnT7cr6dNHQoST9Ogr2s,,"Director of Operations, Zeta Bravo"
Thomas Finney,Assistant VP of Chapter Operations,Vice President,1,,94271132,https://www.linkedin.com/in/ACoAAD31K3cBSWiP6pTigBL62uf9jrG84ot_a2Y,,Business Economics Major - Florida Atlantic University
Haley Blair,Vice President Facility Operations,Vice President,1,,6878875,https://www.linkedin.com/in/ACoAAFMz7AUBoWcOZTHxE1lgCq0P0oeSHdwWHCg,,"Communications Major at the University of Rhode Island College of Arts and Sciences;
Vice President Facility Operations "
Jordan Fishman,Vice President Operations,Vice President,6,,10821417,https://www.linkedin.com/in/ACoAAC9uexABF-T1FdopkMwisOcFtTwvq_vdXTg,,Vice President of Operations
Ruth Finerty Basanta,"Associate Vice President, AI Operations",Vice President,0,,18763,https://www.linkedin.com/in/ACoAAAEAeKoBOnxwflgvloMtQyVe8qkVnM5q9HA,,Enterprise SaaS | Enablement & Strategy Leader | Business Transformation & Operational Excellence
Kym Kulle,"VP, Product Operations",Vice President,0,,18763,https://www.linkedin.com/in/ACoAAAAyyT8Bub71SzgqJqN8JJCwjDiPDyLnkfQ,,Strategic Business & Product Operations Leader | Chief of Staff Partner | Driving SaaS Scale through Cross-Functional Ex
Karla Daniela De anda flores,VP Operations,Vice President,0,,974064,https://www.linkedin.com/in/ACoAABnk65oBGyUHyxPNfCoqjX3QrqWGbCV1ZHg,,VP Operations en Siegfried Rhein México
pragnesh mehta,Head of Manufacturing,Director,0,,14412375,https://www.linkedin.com/in/ACoAAAY2RlIBp4Rx3R8dtQTuImjTBYKnjsswB3I,,"Working as Head -Manufacturing at Oneiro Lifecare (p) Ltd, Vadodara"
Daniel Gartenhaus,Director,Director,15,,2023502,https://www.linkedin.com/in/ACoAAABeNGcB1BaFr9pyLsrXFGal9740cPM3Isk,,Senior Executive | Global Experience | Pharmaceutical | Rare Diseases | Diagnostic | Life Sciences Consultant | Non-Prof
Pankti Dalal,General Manager,Director,6,,114863,https://www.linkedin.com/in/ACoAAAEBNXUBI7QN5sYhDe-QgBRzFX9a522LDWE,,Director Business Finance
Jens Mantwill,Head of Production,Director,3,,,https://www.linkedin.com/in/ACoAAEAnvlEBQK3nOwgN3MSloXgEIVc10xBn9J0,,Head of Production
"Dharmrajsinh Rana, Ph.D., PMP®",General Manager Project Management,Director,1,,114863,https://www.linkedin.com/in/ACoAABn8gLMBYy2oi3L65KSVUcVyeIFquFF1Ybs,,General Manager – Project Management | CDMO & CMO Expert | CMC | NCE | HPAPI | API & Intermediates | Soft Gel Formulatio
"Abdo Jaber, MBA, PMP",Regional Director of Engineering,Director,4,,,https://www.linkedin.com/in/ACoAAAJpNfQBKonguwD8mzaFOb2t8Pem3p5E2tg,,"Regional Director,  Engineering"
Sauhil Bhattia,Director Of Operations,Director,11,,13401248,https://www.linkedin.com/in/ACoAAAU7BhoBoj38qo0Yx7xW3lFUTk_FemZG0Rc,,"Director @ Hindustan Biosynth Ltd - Formulation & Exporting Premium quality Nutraceuticals, Herbal Medicines, & Ready-to"
saleem shaikh,General Manager,Director,5,,114863,https://www.linkedin.com/in/ACoAAAbG0pMBnFJ2GV6HwjutsR4_uVO61p939KQ,,Marketing Specialist  -Dishman Group
Katipally Vittal,General Manager – Quality Control (API & Soft Gelatin Formulation),Director,1,,114863,https://www.linkedin.com/in/ACoAAAMZBkUBwkSd2r9LTzv5jng2LpcsgJAlS4o,,Quality professional in Pharmaceutical field | QC | QA | QUALITY
JAIPAL SINGH,Senior General manager API/HIPO API MANUFACTURING,Director,15,,114863,https://www.linkedin.com/in/ACoAAASf9wsBcWYAACfcmiJC-YontwFLnJtQNbc,,"Sr.General Manager- HIPO-API Production, Dishman Carbogen Amcis Ltd, Ahmedabad."
Branislav Vukovic,Global Head of Engineering,Director,0,,,https://www.linkedin.com/in/ACoAAB2zwUkBR1wOdjmRCu-bu62EEXrh1pQG-dw,,Global Head of Engineering
Gopalkrishna Patil,Deputy General Manager - Formulation & Development,Director,15,,1526199,https://www.linkedin.com/in/ACoAAANn144BtpG_17tt0iIuwIp-8ct5PtqHyog,,Deputy General Manager - Formulation & Development
Denish Shah,Sr. General Manager- R&D,Director,29,,114863,https://www.linkedin.com/in/ACoAAAMm2HMBMU_TVTxJPIxLhxfsoXXhQ9WzOkQ,,Dishman Carbogen Amcis Ltd.
Patel Unnati Patel,Assistant General Manager,Director,0,,10372022,https://www.linkedin.com/in/ACoAAFR-b88BwygnrbXNnChBctALTjXxk3EF2-U,,--
Lavina Rochlani,Assistant General Manager,Director,0,,114863,https://www.linkedin.com/in/ACoAAA4J1ssBiy3b9-HL_xfW5voVTo6cMK7s1hQ,,AGM Market Intelligence| Pharma API &CDMO Insights | API & CDMO Industry Trends & Strategy | Translating Pharma Trends i
Sébastien Aubert,Qualified Person / Quality Director,Director,8,,,https://www.linkedin.com/in/ACoAAABL_3kBiVjwHt8cHkf4fKeqcT9VY9moYPU,,Qualified Person / Quality Director at Adragos Pharma Livron (HP Livron)
Yugandhar Raju,Assistant General Manager-QC,Director,0,,,https://www.linkedin.com/in/ACoAABAy2B8Bl2KK2m1iDV7yC0FLnc6rclJxRq4,,"Assistant General Manager QC, PharmaZell (India) Pvt. Ltd."
Mahesh Panchal,General Manager,Director,18,,114863,https://www.linkedin.com/in/ACoAAAeJQGgBiSn8HCs4tzaOr7Fm60ZMh2geG2A,,--
BhanuPratap Singh,Assistant General Manager,Director,8,,114863,https://www.linkedin.com/in/ACoAABLpW2oB4cMfShyHPm8NDQl27SfQy9VefJY,,Assistant General Manager
Kyle Steiger,General Manager,Director,1,,94095744,https://www.linkedin.com/in/ACoAAATOMSYBaqsmjNsB1UcIGHswm-778tvySi4,,General Manager - Idorsia Canada
Prafulla Padhy,Head (General Manager)-Supply Chain,Director,3,,,https://www.linkedin.com/in/ACoAAANB6PkBn0PPx8KUgnelrLFkbW5MmxwyX30,,"Head-Supply Chain, Ex-Eisai, Ex-Baxter"
Hector Gonzalez,Site Head,Director,1,,10809,https://www.linkedin.com/in/ACoAAA3IbcABtJyEJ6DMSTU04rCrk9uepr6fiM4,,Currently Retired
Dan Steeves,Director Of Operations,Director,25,,10809,https://www.linkedin.com/in/ACoAAAOaSagBMpQU0rSzhAW8BSPVEg4pDx9ebb4,,--
Kristen Black,"Senior Director, Compliance Operations & Monitoring",Director,2,,10809,https://www.linkedin.com/in/ACoAAA1fpgABV6UnK9T9VlJT1sEGYjEb-iCyI_o,,"Senior Director, Compliance Operations & Monitoring"
Katrin Witschital,Head of Test Facility / Technical Management ISO 17025,Director,0,,,https://www.linkedin.com/in/ACoAAAQSzXsBWlgPKTTb7jZT81I4zVz9QYZwpX8,,Eurofins Medical Device Testing Munich GmbH
Lei Yuan,"Executive Director, General Manager",Director,8,,,https://www.linkedin.com/in/ACoAABOULbEBQY7Yw_PfprcyugqfFcctKxDRtTk,,"Executive Director, General Manager at Idorsia (Shanghai) Pharmaceuticals Ltd."
Petra Schlösser,General Manager,Director,7,,,https://www.linkedin.com/in/ACoAAAYyOuUBLnwr1t6pM81AvAm-RPWRtBwwPl4,,Unternehmensinhaberin Pharmaconsulting
EJ Alston,Site Head and Plant Manager,Director,0,,10809,https://www.linkedin.com/in/ACoAAAC1mZcB8CsVrvbYSXMCwVE-6nuIX9ZOTFU,,Plant Manager and Site Head
Ray Bullard,Director of Manufacturing Operations,Director,0,,10809,https://www.linkedin.com/in/ACoAAAGW2-EBPuHHVkfyzZ10GYbCgDdstfirsmw,,Professional Manager & Team Builder
Edo Kuntzsch,Head of Process Engineering,Director,13,,12499900,https://www.linkedin.com/in/ACoAAD_v3coBYaD6nrQ16Rc5yo6ZvF4xBj1Fxk8,,Keep it simple
Luiz Roque Neto,Site Head Fresenius-Kabi - Grand Island,Director,0,,10809,https://www.linkedin.com/in/ACoAAAFU3P8BIBNK0o6cra_dp7rVVZYHqHC8ZRY,,Site Head
Hans-Christian Meyer,Head of Advanced Manufacturing Operations,Director,2,,7442561,https://www.linkedin.com/in/ACoAABvw8iUBQow8tIW6OYWJEcWEwNLiJ3EGscI,,"Bio- Pharmacurical Industry expert;  Manufacturing and Supply Chain specialist , strategic thinker,  agile/ lean managem"
Catherine C.,General Manager,Director,4,,,https://www.linkedin.com/in/ACoAAAPU3m0BR48bH2DY48InQ4JS728Zt0ectUE,,General Manager chez Dr. Falk Pharma  SAS
Miguel Pereira Gonçalves,General Manager,Director,8,,,https://www.linkedin.com/in/ACoAACQTxTwBAaEjFjQIq6Sbcq1vdQTPpFnkWn8,,General Manager en Dr. Falk Pharma Iberia
Tjarda Kasteel,General Manager Benelux,Director,0,,9325744,https://www.linkedin.com/in/ACoAAAPizFoBFK2SjhWEaaOpIG4K7PPUOmH6b7Y,,"Biotech Commercial Executive, Entrepreneur, General Manager,  Country Manager, Cell & Gene Therapy, Rare Diseases, Hemat"
Henrique Cortez,Plant & Operations Director,Director,9,,74949425,https://www.linkedin.com/in/ACoAAAPYjp4BC6jwiDaihhL5Fpy3Enw5HwnDhRY,,Plant & Operations Director - PU Aquiraz | Fresenius Kabi
Cynthia (Cindy) Dwyer,"Director, US Third Party Manufacturing and Supply Chain Quality",Director,6,,10809,https://www.linkedin.com/in/ACoAAADYFJsBKSzfI1Kg7FZnjSgij555KeEZLUE,,"Director, US Third Party Manufacturing and US Supply Chain Quality"
Amit Patel,"Director, Systems Engineering",Director,10,,10809,https://www.linkedin.com/in/ACoAAACOY7gBQZ2rB_Hlj_HwqKJoia5VofyG2Lc,,Systems Engineering of Medical Devices
"Prokopi Verros, MBA",Director - Plant Controlling,Director,0,,10809,https://www.linkedin.com/in/ACoAAA5gdNAB6jdJZH0NhfXbrjBmL144zYqeVfk,,Director - Plant Controlling - Fresenius Kabi USA
Daniel Nosal,Director of Engineering and Maintenance,Director,0,,10809,https://www.linkedin.com/in/ACoAAAEDO5cB-IsRPsOua7KIwFfXBo6LUrlOrGE,,Director of Engineering and Maintenance
Achour Chiheb,General Manager,Director,10,,,https://www.linkedin.com/in/ACoAAAdIqRgBJVYoAXJRkkZur9BUSHrNIOFQldg,,General Manager chez Ever Care Pharma & Ever Care Labbs
Adam Smith,"Director, Biologics Manufacturing",Director,3,,18067478,https://www.linkedin.com/in/ACoAAABFG9cB9NeqI81eYwDQ_3wUfKnXmGisoF0,,"Senior CMC & MSAT Leader | Pharmaceuticals, Biologics & Advanced Therapies | 8 Global Launches | Scaling Manufacturing f"
Francesco D' Angeli,Head Of Engineering,Director,2,,952511,https://www.linkedin.com/in/ACoAABQHUaMB0dXxjZ6mD2f2syBSphqr3WqbfZ8,,Head Of Engineering presso Galenica Senese
Claudia Herzog,Senior Director of Engineering,Director,1,,76554050,https://www.linkedin.com/in/ACoAAB-4RHABvanauS-q9U5xxdCjWhmMXRWGa1I,,Senior Director Engineering
James Akstulewicz,Senior Director Engineering Services,Director,3,,10809,https://www.linkedin.com/in/ACoAABBk3QABEdJJD1cOGgXyrVimxE7nluJfkPg,,"Sr. Director, Fresenius Kabi"
Nomasango Ida Motlhasedi,Associate Director Quality Assurance,Director,1,,10809,https://www.linkedin.com/in/ACoAAAY-I0sBrzIgmgsszOn82q5BN36G41H8z-s,,BPharm | MBA | Director | Operations | Quality | Sterile Pharmaceutical Manufacturing
Stanislav Šust,Head of production SFP,Director,6,,,https://www.linkedin.com/in/ACoAABJTFLcB9rALf77z1D-I-YVCe2N5fs3TrOQ,,Head of Production SFP ve společnosti Fresenius Kabi
Sandie Saunier,"Director Quality Operations, Development Programs & LCM",Director,1,,94060906,https://www.linkedin.com/in/ACoAAA2-ObkBlbmnFkyb57bTwf4Px2NFKoN-_tM,,Director Quality Operations
Matthias Wurzenrainer,P&O (HR) Operations Associate Director Germany & Switzerland,Director,1,,,https://www.linkedin.com/in/ACoAAAgLWdUBRdtfM74ZN-MdATN2qPfa1GE5Uyo,,P&O (HR) Operations Associate Director Germany & Switzerland
Bernd Wolke,Head Engineering,Director,8,,,https://www.linkedin.com/in/ACoAACDPccMBpo9lxQn6fBSTJdRpq8yskSipJ8M,,Head Engineering bei Sandoz Deutschland / Hexal AG
Jesus Martin del Campo,Senior Director Plant Operations,Director,9,,27166172,https://www.linkedin.com/in/ACoAAAigyDUB79FB0Ss2ce_lIiA5VeCG32TZ2MU,,Specialized Consultant and Operations Executive Leader
Stefanie Schweighofer,Quality Assurance - Head of Quality Operations,Director,2,,76554050,https://www.linkedin.com/in/ACoAABvfv7EBmeyHKIRfRL97C5qP8vQ2k_rl1zg,,Quality Assurance - Head of Quality Operations
Beate Winkler,Head of Engineering & Technology,Director,3,,76554050,https://www.linkedin.com/in/ACoAACKi6q8BlL3NTbvp8bfXweepltb20-5_v_4,,Head of Engineering & Technology | Fresenius Kabi | passionate leader striving for transformation of organizations and p
Stefan Frederick,Associate Director - Manufacturing Sciences and Technology,Director,2,,10809,https://www.linkedin.com/in/ACoAAD6rhPgBzdDoRz3RF3mjb1w-B7V7a3Lspp0,,--
Michael Mayr,General Manager Fresenius Kabi Austria GmbH,Director,3,,76554050,https://www.linkedin.com/in/ACoAAAEiTPsBsRfR0TOKiqVLRwQtrwXTmrJgPNM,,Managing Director Austria & Switzerland @ Fresenius Kabi
Ioustini Michail,Production Director,Director,3,,1784450,https://www.linkedin.com/in/ACoAAA85i1MBb1w-CDW2JeSh1VnxYm_n7QvgmfU,,Production Director
Nitin Kothawade,Deputy General Manager,Director,4,,,https://www.linkedin.com/in/ACoAAAOJk4sByu_5s-nGmRdubNmJEcQIf16_gNI,,Deputy General Manager-Vigilance and Quality Fresenius Kabi India Pvt. Ltd.India
Kristina Opitz,Management Assistant General Manager & Internal Communication,Director,2,,76554050,https://www.linkedin.com/in/ACoAAEPjE3IBFvkjr7MLImpDRT39oCxhpPLxEsE,,Communication & Mediadesign | Sociology | Digital Marketing Management
Lukas Koller,Head of Process Engineering & Operational Excellence,Director,2,,76554050,https://www.linkedin.com/in/ACoAACHNXpABubdfYfI5ju2lLwB7-TS4lGdNk8k,,Head of Process Engineering & Operational Excellence
Jörg Windberg,IT Technology Services Site Lead,Director,3,,,https://www.linkedin.com/in/ACoAADgbJ6EBUvqxm1vYXEmA6ST63BLxqkDmHsM,,IT in Medizin/Pharma-Branche
严 波,General Manager,Director,0,,,https://www.linkedin.com/in/ACoAADuSDyABs32icuSoLeOxvBt1Y-7bsPnaUU4,,1. Fresenius Kabi Medical device  QARA Director 15 years work experience.  2. General Manager Kelun Medical device 3 yea
Jiřina Benešová,Director Production Department,Director,11,,,https://www.linkedin.com/in/ACoAABWoKscBPQ1B8m9Es5dIbid53dODx-L0QvE,,Director Production Department ve společnosti Fresenius Kabi
Stefan Georg Czvitkovich,"Senior Director, Third Party Manufacturing SBS",Director,1,,104314502,https://www.linkedin.com/in/ACoAAASO09MBhBuXof2dp-x-Kdrn7mUZ0K_BgdU,,Business-minded personality in the pharmaceutical contract / third party manufacturing space for injectable drug product
Leon Koo,General Manager,Director,8,,77703116,https://www.linkedin.com/in/ACoAAAoBIPIBW5VZY0IooYPBHQGtymfSztxdKVg,,General Manager @ Fresenius Kabi | Strategic Business Development | Business Operations | Talent Development
Dominik Polterauer,Deputy Head of Manufacturing (aseptic PFS filling),Director,0,,76554050,https://www.linkedin.com/in/ACoAADCaez4Br9NfiXliiCFhXOESIkLZYttNcRs,,Quality Engineer with a background in continuous flow synthesis
Dr. Daniel Fallscheer,General Manager Germany & ExCom Member,Director,1,,69772024,https://www.linkedin.com/in/ACoAAAdOTf8BOKbwKvQfouFcHGp7n4p-jvTBVzk,,Healthtech Entrepreneur | Founder & CEO | Angel Investor
Jason Flores,Sr. Director - Strategic Programs,Director,0,,6593,https://www.linkedin.com/in/ACoAAAOyJosB_zHI3Y_xxYtaZXkTZleLk14wu-A,,"Senior Director | Ex-Amazon | Co-Founder, President | Entrepreneur | Coach | Author | Keynote Speaker | Magic Maker"
Tony Scicchitano,"Director, Engineering & Maintenance",Director,2,,72516576,https://www.linkedin.com/in/ACoAAA33Uk8B-E4X31fWtpCbNSpsW23PC2oxav8,,"Director, Engineering & Maintenance @ Resilience | Chemical Engineer"
"Judson Dressler, PhD","Director, Resilience Risk Operations Center",Director,0,,33317533,https://www.linkedin.com/in/ACoAABPSczYBATGCQuSgVSuj5kOCVsqIWHlBcyo,,Senior Cybersecurity and Information Technology Executive | Proven Leader | Strategist | Creative Problem Solver | Team 
Peter J. Gutierrez,Director of Operations,Director,1,,,https://www.linkedin.com/in/ACoAACFPpYYB38QMgeqUUN42BD2TTNfFBYZJVjU,,Financial Service Professional I Project Management I Corporate Wellness I Yoga Instructor
Ashok Renukappa,Director Software Engineering,Director,0,,33317533,https://www.linkedin.com/in/ACoAAADuOCgBlrHyuz80usSu-Lsq0zL2Kb5jhzQ,,Senior Engineering Leader - Java | Typescript | React | AWS | Docker | Kubernetes | Elasticsearch | Terraform
Rachel Martinez,Director Of Business Operations,Director,4,,33317533,https://www.linkedin.com/in/ACoAAAKwZXIBBZziKDVn52zeHG9aXnoPoh32-ww,,Director of Business Operations
"Aziz Sanon, MBA",General Manager,Director,6,,,https://www.linkedin.com/in/ACoAABYARfoBpJYrzh8L_JmSJqQs2YF0T9rrcTc,,Regional Financial Controller - Francophone Africa - Finance Transformation - Mining&Metals - Chemical - Financial Servi
Jesus (Jesse) Ayala,Sr. Site Director,Director,10,,,https://www.linkedin.com/in/ACoAAAIRXegBjQbSKjIxSyGayt9EfWRjwQsJ1Ns,,Sr. Site Director for Mountain View CA
Sophie Weber,Head of Quality Assurance in Operations,Director,1,,9132471,https://www.linkedin.com/in/ACoAABP67q0B_-upfu_anbxGDLpqXJKjdp8bEyM,,Head of Quality Assurance in Operations
Hervé Schmitt,Head of Production Unit : Fractionation Department,Director,1,,9132471,https://www.linkedin.com/in/ACoAAB30dAEBhHuhWVgTshYuPOVc8mQlLdKzhOQ,,Head of Production Unit : Basic Fractionation
Yann Provost,Production Director,Director,4,,9132471,https://www.linkedin.com/in/ACoAAA5LZIwBsMxUiLGr_dLEgTpP13XL8qkqHh4,,Production Director - Octapharma SAS
Raphaël Archis,Plant manager / General Manager,Director,3,,9132471,https://www.linkedin.com/in/ACoAAAppdakBT9ytDR6cX_BmO6bnRksDqOz9g-0,,Supply chain manager
Sandra Kneisel,Head of Production Services,Director,7,,,https://www.linkedin.com/in/ACoAAAUv5PcBtSuNqZbU-jyBBN_n2U3bt5xbO6U,,Head of Production Service
Dr. Matthias Sobel,Head of Production | Losan Pharma GmbH,Director,15,,,https://www.linkedin.com/in/ACoAAAK6vKMBztGzmW1ZMA_cEsuNlHa9YlSQ1yA,,Head of Production
Eniola K.,Assistant Director (Prog. Operations Team Member),Director,3,,,https://www.linkedin.com/in/ACoAAATCYFIBKrx3JIUdw-IVgLJfLTB4D1H0fBM,,| Programme Management| Social Protection| Communication| Policy Analysis| Administration| Stakeholder Engagement
Mats Karlsson,Head of Facility and Utility,Director,1,,10658449,https://www.linkedin.com/in/ACoAAAGz7s4BLUVH48_fatMLXFcygUk192AGgO4,,Ansvarig för fastighetsunderhåll och mediaproduktion på Octapharma.
Wangko Lundström,Head of Production Support - Liquids,Director,3,,10658449,https://www.linkedin.com/in/ACoAAAr9ERsBn4Z6jZ0wCWiDXRHhqqI_YHAdR3c,,Head of Production Support - Liquids
Tony Kiczula,Center Director / Associate Regional Director of Operations,Director,6,,570106,https://www.linkedin.com/in/ACoAAAdHcUkBFKMEfSJy5JEUyBrXwqmTuWjq1sw,,Center Director | MBA
Cynthia Boyd,Sr. Regional Director of Operations,Director,4,,570106,https://www.linkedin.com/in/ACoAAB_elR4BVhmDdqlqzD4M6Izviw9WbkTo_SI,,Sr. Regional Director Of Operations
Shatasha L.,Associate Regional Director of Operations,Director,2,,570106,https://www.linkedin.com/in/ACoAAASzGkcBiUfXT9HrcTqcyukyzxUdkmiunRQ,,Constant success demands constant change.
Laine Linden,Head of Technical Operations,Director,3,,81619341,https://www.linkedin.com/in/ACoAAADjkbgBRlav5wbGpLpT-xNFZraUAu1ZNM8,,Executive Leader Biotech | Advisory Board Member | Technical Operations
Jeff Wolf,"Director, Manufacturing & Process Execution",Director,1,,72516576,https://www.linkedin.com/in/ACoAAADB3jwBfztbGsUksTLHuz05VW75rjVaf9Q,,Experienced Engineering & Operations Leader
Angie Pettinger,Director of Facilities and Engineering,Director,1,,72516576,https://www.linkedin.com/in/ACoAAAHGOBwBkKEeKhDMp4XKpDbnhj5Tzvl5qeI,,Director of Facilities and Engineering
Sonia Sharma,"Director, Head of Business Operations, Technical Operations ",Director,5,,72516576,https://www.linkedin.com/in/ACoAAAD-ePoBIhkU6ZKLh2JnZbHCpiWz4KjvSCI,,"Director, Business Operations, Technical Operations"
Shashank Kadam,Head of Digital Compliance Operations,Director,4,,72516576,https://www.linkedin.com/in/ACoAAAA1VcwBRi6KB0aK4nVcHHF9a1XQ8CNq51g,,Head of Digital Compliance Operations
"John Eppley III, MBA, P.E., PMP, CSCP","Site Head, PHL Cell Therapy",Director,0,,72516576,https://www.linkedin.com/in/ACoAABG0tUQB1-fNHfDVvPYP2yvdm-Y27PtL8o0,,"Site Head, PHL Cell Therapy"
James O'Hara,"Director, Manufacturing and Process Execution",Director,2,,72516576,https://www.linkedin.com/in/ACoAABeSRVkBd2bgvapshhzBHvzGO85IC46BVJQ,,Sr Director - Manufacturing and Process Execution
Kyle Wessling,Associate Director Manufacturing,Director,5,,72516576,https://www.linkedin.com/in/ACoAAAPVmBIBik4kqD7Vi1DIfr6bGHqMKatceqY,,Associate Director Manufacturing
Eric Van Zeebroeck,Digital Site Head,Director,3,,72516576,https://www.linkedin.com/in/ACoAAAGKYo8BWHlv5O_z-Wav07afA3wyXcIxroE,,Digital Site Head
Almodovar Roberto,Sr. Director and Site Head,Director,1,,72516576,https://www.linkedin.com/in/ACoAAADl0sEBpqWc_LuyWyxfXQobmj9YRwAhEG4,,Biopharma Professional
Jeremy Kamm,Director of Operations,Director,1,,72516576,https://www.linkedin.com/in/ACoAABkjESAB3kCXkXCM1imke24mLP9rf69q56M,,"Director of Sterile Operations, National Resilience"
Charles Antwi,"Digital Site Head, RBI",Director,11,,72516576,https://www.linkedin.com/in/ACoAAA_HhqEB3Ci25-g5JveqqfQxGxRD6abCnUc,,Founder of Back2Black Mobile
Liliana P. Medina,Site Quality Head,Director,3,,72516576,https://www.linkedin.com/in/ACoAAAIOc2gBbCm4MsofDeAgUA3W_ph1xT0tEak,,Site Quality Head
Jason G.,Digital Site Head,Director,2,,72516576,https://www.linkedin.com/in/ACoAAAJF1N4B39ntVjhHd64_-fG05PfrfHorYNE,,Global Manufacturing Systems Lead & Digital Site Head
✵Vinh Lam,"Senior Director of Quality, Site Quality Head",Director,1,,72516576,https://www.linkedin.com/in/ACoAAAFfakYBUOuLrxEns7qHlomzDF3o-QIQ79I,,明天会更好
Magdalena Tham Lindell,Head of Humanitarian Operations,Director,0,,,https://www.linkedin.com/in/ACoAAAeJ1y8BEhoo5DSAvDAYANghJ264PbcKbfU,,"Head of Humanitarian Operations, Swedish Civil Defence and Resilience Agency"
Philipp Hofstätter,Head of Engineering,Director,0,,100249019,https://www.linkedin.com/in/ACoAACnMpscBvijVLqw8IfP7b3LNmyAtaRs9ueA,,Head of Engineering @ Octapharma Austria
Rhonda Critchlow,"Senior Director, Operations",Director,9,,,https://www.linkedin.com/in/ACoAAAPnkHABhNZn2E3vND94WX058CUExMunuws,,"Therapeutic Strategy Head, Oncology & Hematology."
Ray McKiernan,Director,Director,25,,,https://www.linkedin.com/in/ACoAAAMjmqoBclPN0A8c0eE_CTzQvMzOX_p9om8,,"Director Resilience International
Guiding Organisations and Individuals Successfully through Challenge"
Bruno Waller,Director Operations Switzerland/Austria/export markets,Director,11,,,https://www.linkedin.com/in/ACoAAAScJywBCQks1S6MJOVsABI0IpevzIDAXZk,,Senior Sales & Key Account Leader / Executive Manager within Pharma/Biotech/Diagnostic
"Kelsey Morrow, MBA","Director, HR and Business Operations",Director,1,,81619341,https://www.linkedin.com/in/ACoAAA6P7CoBiq7_gsJQlzFiUrmRLK1ZVKl1Pno,,"Director, HR and Business Operations"
Jose M. Torres,Director of Technical Operations,Director,0,,81619341,https://www.linkedin.com/in/ACoAAAc_vOUBZNpAuDAkFuG6uL8UzyMntPfTTL8,,Director Technical Operations at CTMC / A joint venture between Resilience + MD Anderson Cancer Center
Skylar Groch,Head of Claims Operations,Director,0,,33317533,https://www.linkedin.com/in/ACoAABMrdOQBrexQchY5C-srABv5UB1FJIcutfQ,,"Head of Claims Operations, Resilience | Proactive Problem Solver | Process Implementation Specialist | Dedicated Team Le"
Noel Josephs,Head of Business Operations,Director,2,,100248368,https://www.linkedin.com/in/ACoAAALXm3wB_4XQQyavDB-_hsyaZm6tOwmaTYE,,Head of Business Operations
Yohanan Mali יוחנן מאלי,General Manager,Director,1,,17943162,https://www.linkedin.com/in/ACoAABhooMMBOCultBIX5qepQ32I-wHqawn5Rkk,,"General Manager - Ministry of the Negev, Galilee and National Resilience"
Otto Boucky,Head of Global Instrument Production,Director,2,,,https://www.linkedin.com/in/ACoAABrbfbYBmRHp8w-rsmCvCYPImjYmhi_d2n4,,Head of Global Instrument Production Miltenyi Biotec B.V. & Co. KG
"Heather De Guia Aguilar, MPA",Director of Operations,Director,1,,7955808,https://www.linkedin.com/in/ACoAAACQAzoBY1K1YRYgXEKlZD8KMrlvr-sO_J0,,Communications Leader | Director of Operations | Strategic Planning | Marketing | Writer
Ashleigh Cirilla,Operations Director,Director,1,,71133682,https://www.linkedin.com/in/ACoAAAEm06IBTGs0bJZ1IctnoX0r8JdeonWXBcw,,"Operations Director, ORRAA"
Greg Orr,General Manager - USA,Director,0,,69772024,https://www.linkedin.com/in/ACoAAAAL6EMB9nL7quoEMyBgpo5sxTUOy-vs9-4,,GM | Chief Product Officer | Chief Operating Officer | Commercial Growth | Digital Health Leadership | Product Developme
Emma Ludvigsson,Operations Director,Director,1,,17989031,https://www.linkedin.com/in/ACoAAAPKgvQBSOBGr5fLba7hhABE4FVoAPis5ek,,Operations Director @ Global Resilience Partnership | Sustainable Development Professional
Laura MacDonald,"Managing Director, Mortenson Center in Global Engineering & Resilience",Director,7,,71556087,https://www.linkedin.com/in/ACoAAAMkH_MB9d2BadXqf9IPMOQTT1M1wJuz2jA,,"Managing Director at the Mortenson Center in Global Engineering & Resilience, University of Colorado Boulder"
Joe Collenette,Director of Operations,Director,0,,65472250,https://www.linkedin.com/in/ACoAAAmJ4PIBgAljEknVQ8NX0ygizDD0ZCqRntQ,,Director of Operations | The Centre for Long-Term Resilience
Jahir Islam,Head of Service Operations,Director,1,,12977068,https://www.linkedin.com/in/ACoAAC72fAgBrymgOhAKL3LlwnvSEk0NhZihzQs,,International Recruitment Consulant
Michelle Tyler,Director of Operations,Director,7,,26217768,https://www.linkedin.com/in/ACoAAC0cJbAB09Bssd6S7VHjDO_8fYKWZbeVy-4,,Building healthier and more resilient communities
Casper T.,General Manager,Director,5,,74359522,https://www.linkedin.com/in/ACoAADZNY4IBRbIPKz19M1YBRKzUxsM51lBu5TQ,,Founder of Upeksha - Voices of Resilience | Music Production | Video Editing | Sociology | International Development Stu
Sunayana Sen,Director - Programmes and Operations,Director,1,,21433543,https://www.linkedin.com/in/ACoAAAL-nsMBaPZD-tkFZY1hK8SeVbaDrb6N_M0,,Climate Resilience & Disaster Risk Communication
Rainer Scherz,Deputy Head of Fractionation - Production Management,Director,2,,100249019,https://www.linkedin.com/in/ACoAABGwsEoBv4uFheSqqieIWviU57XKZgwJzL8,,Deputy Head of Fractionation - Production Management Octapharma
Olga Popova,Group Head of International Production Integration,Director,1,,100249019,https://www.linkedin.com/in/ACoAAB976D4Byed0AiGhcG75lPhCY_ueGHPo-5s,,Group Head of International Production Integration
João Coelho,Deputy General Manager,Director,12,,,https://www.linkedin.com/in/ACoAAAeRjP0BQLTf_zgGmjiFQ4sASVWSPRpj_tc,,General Manager
Cornelia K.,General Manager,Director,16,,,https://www.linkedin.com/in/ACoAAAH5oqABXJJU9jK5EpTKThXdSnjtvayll58,,General Manager Octapharma Handelsgesellschaft Österreich
Susanne Ommerborn,General Manager Switzerland,Director,9,,,https://www.linkedin.com/in/ACoAAARIJGABih0LAMV6Z4b1GjFfHWgdB6HTCOw,,General Manager Switzerland Octapharma AG
Ernest Vögerle,Group Director Production IT,Director,1,,100249019,https://www.linkedin.com/in/ACoAABM1CMkBShWSsq_wSwLQ8Zq7MxMzzGGrOqQ,,Group Director Production IT & Head of IT Vienna
Arnaud Bruckert,Head of Manufacturing Science & Technology (Lingolsheim),Director,0,,9132471,https://www.linkedin.com/in/ACoAAA1EKjMBJ5wF6MUVfbcYaZpI01IRvUa2dlM,,Deputy head QA Systems chez Octapharma
Paresh Patel,Site Digital Head,Director,1,,72516576,https://www.linkedin.com/in/ACoAAAQW5LIBNrQOkND6W4urIh_KhWHlx2n0T0w,,Proven IT leader for Biotech/Healthcare/Life Science companies
Sri Adapa,"General Manager Canada; Member, Global Management Team, Octapharma AG",Director,15,,82349694,https://www.linkedin.com/in/ACoAAAN1hV8BgdzBcJoq9j1j7xjPN8UmnwEMWxk,,Approaching life and work with mischievous seriousness.
Errick Highbaugh,Director Manufacturing and Sterile Operations,Director,3,,94957203,https://www.linkedin.com/in/ACoAAAJsyegB910jTimxs2-56MRCrNqGuSQnvFc,,"Director , Manufacturing and Sterile Operations"
Chad Brake,Director of Business Operations (OpEx | Learning & Development),Director,2,,94957203,https://www.linkedin.com/in/ACoAAA2egqIByu3o5q0JN9zydNi0mHjRgYRUWNU,,Director of Business Operations (OpEx | Learning & Development)
Dawn Kidd,Director Of Operations,Director,6,,49089663,https://www.linkedin.com/in/ACoAABpkZi4B-4KHYLMIvBOXiLUu--3iYMJ68fI,,Director of Operations | Strategic Brand Visionary | Event Curation & Experience Design | Legacy Builder
Milan Tomic,"Senior Director R&D, Acting Site Head, Resilience Government Services",Director,5,,94957203,https://www.linkedin.com/in/ACoAAAFm_lABINfV3bNdVcQfyiC21B30sFaTs5g,,Product Development and Quality Professional
RAHERINJATOVO Nirina,General Manager,Director,1,,,https://www.linkedin.com/in/ACoAAAnCwOwBvUiVU_98fMtm1wJKQ9uWLd-CeqE,,Geologist and Mining engineer
Arnel Capili,Director Operations Center,Director,3,,69143470,https://www.linkedin.com/in/ACoAAATIe9ABmJn_lo1ZEaMBk5uVTQ-T4uIp-P8,,Disaster Risk Management Specialist
Sally Hutchinson,General Manager Canopy Communities,Director,2,,97929633,https://www.linkedin.com/in/ACoAAANRHVMBimspfFhsXk5sQ_yZCtpMof8KSpQ,,GM Communities @ The Resilience Canopy
Craig Dalton,Head of Operations,Director,2,,102346810,https://www.linkedin.com/in/ACoAAAUkMdMBA6NoDy8MDXSxtgMXMgaeA9C579w,,"Over 25 years experience in the Financial Services industry in the Isle of Man in Banking, Treasury and Cash Management,"
louai batikh,General manager,Director,4,,,https://www.linkedin.com/in/ACoAAA1h7MwBIgt6vovI0h3BfeBKJYTOTwunzNc,,general manager of resilience general trading. Dubai
Gregory Levato,General Manager,Director,2,,77660864,https://www.linkedin.com/in/ACoAAC43E74BkCVSKIp0C0PniwnpMLsYRkljLek,,General Manager
Tamara C.,Director of Operations,Director,0,,13661935,https://www.linkedin.com/in/ACoAAD63coEBwh3TVF_LvrLEt-8lUxiV4ga5zko,,Director of Operations | Risk-Focused Leadership | Proud Gumbaynggirr & Bundjalung woman
Rangetiner Barbara,General Manager,Director,12,,,https://www.linkedin.com/in/ACoAABBB85kBuazlezjVSw-her4wTcJGQUR1vX4,,--
John Siegal,Director of Operations,Director,1,,20091237,https://www.linkedin.com/in/ACoAADXf5-0BkmNJV-1ELwewDPJwwh1LCKY4A74,,LCSW
Sheila Allen,Director Of Operations,Director,9,,,https://www.linkedin.com/in/ACoAACKEH1EBsjAQK90GTm-mlGUkUEhazQboAsM,,Director of Operations
latra mav,General Manager,Director,15,,,https://www.linkedin.com/in/ACoAAC6f93EBzSJAztAsf1hScxhBZ6za29bnMDM,,Student at istanbul University
Jennifer  Okeke,Head of Operations,Director,2,,105120910,https://www.linkedin.com/in/ACoAABL_wakBFCArmxKaUSTVBMGPZWQI5J6_GRk,,Humanitarian/ Environmentalist/public health
Kristina Perry Alexander,Director of Operations,Director,1,,107252221,https://www.linkedin.com/in/ACoAAAEng84BSvkf3BaAtc-xd9zMSBZZWRQ4dp0,,Director of Operations
Christian Peter,Head of GMP Compliance Production,Director,0,,,https://www.linkedin.com/in/ACoAAAq5vnUB0UQz353lb2ucW8Ceb-b34xdJ58o,,Head of GMP Compliance Production
Charlotte Juhlin,Assistant to General Manager,Director,21,,,https://www.linkedin.com/in/ACoAABPKg48BSMG3Z3Z8Y_AHCKF5EjumNSmTKvs,,Executive Assistant på Octapharma AB
hicham bekkali,General Manager,Director,3,,,https://www.linkedin.com/in/ACoAAAOQc1oBxqf3wwPzVSH3mF9gE74JB4jLSIg,,General Manager chez Focus Trading Services
Patrick Cousins,Head of Operations,Director,0,,77576455,https://www.linkedin.com/in/ACoAAC6RcscBuplYuXmaVmQuDyO8hzALYDqYfZI,,Business Consultant
Kristoffer Ruiz,"Enterprise Operations & Resilience Director | Strategy, Risk & Execution",Director,8,,,https://www.linkedin.com/in/ACoAAGHMYJIBjIZJFfDB7_BwjxZVyey9GACNWuc,,"Director, Enterprise Resilience & Operations | Business Continuity, Crisis & Executive Enablement"
Kirit Parmar,Senior Director Of Engineering,Director,4,,10355561,https://www.linkedin.com/in/ACoAAAHiS9YBQbdIc5_BAJIAF4LFq_cybDBQ-To,,Engineering Lead @ Zeta Banking
Srikanth Bringu,Director of Engineering,Director,0,,10355561,https://www.linkedin.com/in/ACoAABAq-kQBpgjdhhCKJhIGS78yfHEaZseCGvI,,Engineering Leader | Zeta
Brendan Murphy,"General Manager, AUS/NZ",Director,0,,18763,https://www.linkedin.com/in/ACoAAAHSygYBXx9S2tGL1yhzZUe109_yuX0cb28,,AI Marketing | Identity | Loyalty | CDP | Gamification
Abhilash Rao,Director of Engineering,Director,0,,10355561,https://www.linkedin.com/in/ACoAAARUw6QBwZ22MeiE3aSvsEUcqPnj81Rx-XI,,Payments | Fintech | Engineering
Jillian Surdilla,Director of Operations,Director,2,,18100204,https://www.linkedin.com/in/ACoAADEeVMoBAfzUrF6bubpOqxpgVq1-Xu_fd08,,Marketing Intern at the International Marine Mammal Project
Liliane Kanaan,General Manager,Director,7,,,https://www.linkedin.com/in/ACoAABXswc0BCPxfgwiHTsnclod48eo3lcRZvl8,,North Africa Network Lead and General Manager Roche Diagnostics Egypt
Caroline Katz,"Sr. Director, Ad Operations",Director,0,,18763,https://www.linkedin.com/in/ACoAAACtxBQBspdCMRjjxzWUTcvbVm44PWuI0yM,,"Ad Tech, Publisher Growth and Principal Monetization Expert"
Adi Cohen,General Manager,Director,10,,,https://www.linkedin.com/in/ACoAABL0yHQBkzJTyKGToZ3V-B9PvjsGa9MjPkA,,Manager of sales territory BPS Eastern Europe and Israel & GM of Sartorius Israel
Josep Bassa,Site Director,Director,7,,,https://www.linkedin.com/in/ACoAAAGYZywB305iKSjv_zHQGSL6MtTEqYt4M4s,,Site Director en Roche Diagnostics Sant Cugat
Phil Kohler,"Director, Platform Operations",Director,6,,18763,https://www.linkedin.com/in/ACoAAAA-GJ0Bp5OnvdtSty0ecCQItAhmNTr27HM,,Business Process Management • Project Management • Quality Improvement • Strategic Operations & Enterprise Governance Ex
Maxim Maximov,Engineering Director DevOps/Country Manager,Director,6,,18763,https://www.linkedin.com/in/ACoAAAB5qyUB3lzrol0ndvZlrLrp33l0YbuWtdA,,"Engineering Director DevOps, Country manager"
Tim Lawrence,"Senior Director, Engineering",Director,0,,18763,https://www.linkedin.com/in/ACoAAAGM3doBjwQ-ma51GzEGNTmix4C6fYuczIU,,Sr Director Of Engineering
Marco Agüero,"Director of Engineering, Head of Site Reliability Engineering",Director,1,,18763,https://www.linkedin.com/in/ACoAAAGOsEsBAK6DXsHHQXY8mCUWZkVnb5kYphw,,⚙️ Director of Site Reliability Engineering · AI-Assisted Systems · Observability
Carolyn Fernandez,Resident Operations Director,Director,0,,27063367,https://www.linkedin.com/in/ACoAACRVbt4BD-pjEs1jmuBdPFrFkSio5igUNwA,,Resident Operations Director
Tamika Carrington,Operations Director,Director,4,,27063367,https://www.linkedin.com/in/ACoAADjpx3UBbPTmuJ5lSIq5t1MIL0l50BlzDvU,,Operations Director - Zeta Charter School
Rez Haque,"Senior Director, Core Platform Engineering",Director,1,,18763,https://www.linkedin.com/in/ACoAABGWGZ4BcmF4Zou-mqcSOck-F9NaS7gkmXQ,,"Engineering Leader | Ex-AWS | Distributed Computing, Data @ Scale"
Thomas Köcher,Core Facility Head Metabolomics,Director,10,,10398667,https://www.linkedin.com/in/ACoAADZwGvsBA8OGkJfcgKhg409wzhQ1GM7fQR0,,Head of metabolomics and small molecule mass spectrometry
Ailisa Proudfoot,Head of Reagent Operations,Director,2,,73191021,https://www.linkedin.com/in/ACoAAB5FzycB1OcWwAsZ2u6UIBbHXwEHNhhlkKs,,Head of Reagent Operations
Madhur Ahuja,Director of Engineering,Director,0,,10355561,https://www.linkedin.com/in/ACoAAAAp4GgBx2kxyVXJijanDN0aFmTiGs4rt28,,Engineering @ Zeta
Frank Kienle,Head of Digital Operations | NPC Operations,Director,0,,,https://www.linkedin.com/in/ACoAABUxp8QBw9ApmOKWzSckEtVJAJFROOhoIxs,,Head Digital Operations - Near Patient Care Operations
Guido Sander,General Manager Middle East,Director,4,,,https://www.linkedin.com/in/ACoAAAG1WCoB5FhjqKU5O8mzpQt_pqyiILMoNpE,,General Manager Middle East
Mohamed ElShaarawy,General Manager,Director,7,,9403120,https://www.linkedin.com/in/ACoAAANqx28BwDXRh_NPMA9GJWGOjwei0BaSxUk,,"General Manager, Roche UAE | Passionate about shaping healthcare ecosystems"
"Eric Rooney, CPA",Director - National Professional Resource Operations (NPRO),Director,14,,166408,https://www.linkedin.com/in/ACoAAAZ-QBIBwl_kgEqdrGKkwG1dLF4Vb_B3edQ,,Director - National Professional Resource Operations (NPRO)
"Jennifer Caren, CPA",Recruiting Operations Director,Director,1,,166408,https://www.linkedin.com/in/ACoAABJSdv4BikFiA3VT8eXT15hz6zaZvKd6GD0,,"Recruiting Director, Central Region"
Jeff Stone,"Director, Supply Chain",Director,1,,16264,https://www.linkedin.com/in/ACoAAAKNQIYBs0OjNAx4jmh1pdM-wvWxbL94G8Y,,Supply Chain
Andrea Gnesutta,Head of Business Operations,Director,1,,75393818,https://www.linkedin.com/in/ACoAAAlXPp8BT7NugQDUBoWZDOj71WXDQivKc_U,,Head of Business Operations - Roche Italy
Thomas Tluchor,Head of Facility Management,Director,2,,19012710,https://www.linkedin.com/in/ACoAAD8OoJAB89eBbEdmVUYLxhrQZFT0iPDiJ9s,,--
Richa Shorey,Director of Strategy & Operations,Director,2,,18763,https://www.linkedin.com/in/ACoAABx_N0UBqTF1ibKKrOXXnEAOuXQdTbz0w3k,,Director of Strategy & Ops
Aaron Ling,Director of Cloud Operations,Director,17,,66094,https://www.linkedin.com/in/ACoAAAAicYIBxzea7N8ZyAnA4Vkhspf_LYWPihQ,,Director of Cloud Operations -SaaS / IaaS / DevOps / AWS
Blessington Palaparthi (Ph.D),Sr. Director of Engineering,Director,10,,18763,https://www.linkedin.com/in/ACoAAADGD_gBpOuNZPj6cPUFkIwGc8dcn8MZ1O8,,Engineering Leader | AI & Data Platforms | Scalable MarTech Ecosystems | Cloud-Native Architecture | ML-Driven Decision 
Wallace Ricardo,Director of Software Engineering,Director,2,,18763,https://www.linkedin.com/in/ACoAAAWw-TsBY-f7L7oEweMF1vKHPjclznnosN4,,Director of engineering
Sriram Kalagarla,Sr Director - Engineering,Director,3,,18763,https://www.linkedin.com/in/ACoAAABcySIBs0ZKtDSt-QZgwhEnpgPN7mLEKvs,,Strategic Software Development Leader with Exceptional Execution and Innovation
Sneha Guduru,Sr Director of Product & Engineering,Director,1,,18763,https://www.linkedin.com/in/ACoAABOLOmMBDhpmATJpqNUTUho6GK47lpyASP4,,Product Manager | Marketing Technology |CSPO
Petula Nicholson,"Director, Product Launch Operations",Director,0,,18763,https://www.linkedin.com/in/ACoAAACRDSMB-1DsBIoAeQYGxb1yjHZNhFPe5pE,,"Director, Product Launch Operations"
Andrey Ivanov,General Manager,Director,17,,,https://www.linkedin.com/in/ACoAABWWwHkB_6n1jyehZk8ll332RoGVCe7b6bY,,General manager - DESTEK LLC (Roehm group)
Michael Lodewijckx,Senior Director of Engineering,Director,3,,35527546,https://www.linkedin.com/in/ACoAAAE87o4BL-AI1q6LBI-61ADdOmPDYHRSLq4,,Senior Director of Engineering
Alex S.,"Director, Services Operations",Director,0,,18763,https://www.linkedin.com/in/ACoAAAR4h6IBQJ85aMHTOP6CX56_ZGtI-Su5Fn0,,"Director, Services Operations"
PIERRE LEFEBVRE,Director of Revenue Operations,Director,0,,18763,https://www.linkedin.com/in/ACoAAAX5a6ABUmsvSihy3usgyiqAkaoGPpaDkfg,,"Director, Revenue Operations"
Sandeep Suri,Director of Engineering,Director,2,,10355561,https://www.linkedin.com/in/ACoAAAMkfzMBmIHTfWUXE-Hogb9buxMFATAtd6U,,Head of Engineering - Payzapp (Zeta)
Chandra Sekhar Dhanekula,Director of Engineering,Director,0,,10355561,https://www.linkedin.com/in/ACoAAAZYvwoBJgaZ8qO_1IEmdeotYNuqou1ftKs,,"Director - Data Platforms | Infrastructure Transformation | IIM-A & BITS Pilani Alumnus | Ex Adobe, Amazon"
Sridhar Rao Errabelli,Director of Engineering,Director,1,,10355561,https://www.linkedin.com/in/ACoAAAPrlwUBPAjTUzqNPXbSjbRiDs2LLXVp584,,"Engineering Leadership, SaaS, Product Engineering"
Ganesh R,Associate Director - Release Engineering,Director,2,,10355561,https://www.linkedin.com/in/ACoAAAFD2HwBqtTcLnC0TWblqPxy_8514X9qgtw,,Associate Director | AWS Certified Cloud Architect | Java | Android | Distributed Systems | Microservices | Payments & B
Mrinal Trivedi,Director of Engineering,Director,3,,10355561,https://www.linkedin.com/in/ACoAAAmTafABmYXftoapcBwCXSvpofM-coHwFvg,,Director Of Engineering at Zeta Suite (DirectI)
Phani Marupaka,Associate Director / Sr. Engineering Manager - AI Product & Solution Architect,Director,2,,10355561,https://www.linkedin.com/in/ACoAAAcCUF4BuTVVqiedWAUGok_7RzrY3Ut4vZ8,,"AI Strategy Leader | Sales, Engineering & Product Innovation | Cross-functional leader with 14+ years exp | Driving Scal"
Sébastien BOUR,Head of Operations,Director,1,,940169,https://www.linkedin.com/in/ACoAAAw_RO8BNS0D7yD6cXV9GMFTWdLEj5wn4Q8,,Head of Operations chez Polyplus-transfection®
Amy Fitzgerald,Head of Operations,Director,0,,863307,https://www.linkedin.com/in/ACoAAEP-CSABGHLymgCwHppg0c9QVcgiAX00A4o,,Head of Operations at Zeta Services ® 
Ian McEvoy,Operations Director,Director,3,,863307,https://www.linkedin.com/in/ACoAAAzO_HYBVur-H1L1y1or84w5Yt0AulL6tRQ,,Operations Director- Zeta Compliance Services Ltd
Chris De Bonte,IT Site Head,Director,0,,31852,https://www.linkedin.com/in/ACoAABQop1wBGA5Z3airPnmPCD_NDXUDUyxeojk,,Deskside Support Technician
Hermann Tebbe,Head Facilities & Engineering - Pharma Biotech Penzberg,Director,8,,31852,https://www.linkedin.com/in/ACoAABGynC8BABCP_JMm9lSQhUa6KhCWUx5RhQo,,Senior Biotech Expert
Elizaveta Ivanova,Director of Recruitment,Director,1,,,https://www.linkedin.com/in/ACoAADvcK_MBa12egqgkU5jLLJ1IKDaR1513IO0,,Bachelor of Business Administration | Master’s in International Business | University of Florida
Grit Müller,Site Head / Geschäftsführerin,Director,4,,,https://www.linkedin.com/in/ACoAABrhPx4B3GcaDxWeI2Fa_i3pbEJmEqhb0f8,,Site Head/Managing Director @ Sandoz | Board Member VCI Nordost | Vice Chairman Pharma Deutschland Ost | Chairman Life S
Alex Labute,Operations Director,Director,1,,27001465,https://www.linkedin.com/in/ACoAAElLUFIBA-11L8PPfMdv3dcHy6DFVnr0Z14,,Aspiring CPA
Jeremy Madvin,Managing Director,Director,1,,1794492,https://www.linkedin.com/in/ACoAAAGP5c4BIYAJPBouxtSjuMR0dEQy2geyrhE,,President
Jeremy Sanchez,General Manager,Director,9,,40692290,https://www.linkedin.com/in/ACoAAAPwTpABnKRHjjXxZFco165GQr0uFO74Pkk,,CEO
Elisa Montealegre,Mid-Atlantic Relationship Associate Director (National Employee Enhancement Operations),Director,0,,166408,https://www.linkedin.com/in/ACoAAA517aIB80vMhK9kU2Tb_b1mLXnUgy0cBNU,,Building Partnerships That Drive Results | Strategic Program Manager | Execution & Measurable Outcomes  | Sales Enableme
Andres Fierro Morales,"Senior Director, Programs and Operations",Director,1,,104569753,https://www.linkedin.com/in/ACoAACduQ3YB1DALqa2wMDAp3xDksrDEeZ9ThUo,,"Senior Director, Programs & Operations @ZETA"
Tim Kelly,Managing Director,Director,5,,65589544,https://www.linkedin.com/in/ACoAAAXRjaEBTJ0RjqLd6R06fFidByuNRh3S0kU,,Founder | Aero Engineer | Social Enterprise
Alex Vallejo,"Director, Client Experience Operations",Director,0,,18763,https://www.linkedin.com/in/ACoAAARCruIBwhqEzvnhYwXWA63zowvkRkIHGTc,,Director - Client Experience Operations
Ömer Faruk Özer,General Manager,Director,7,,10382611,https://www.linkedin.com/in/ACoAAASeJi8B9R6DGz1xt0uMyRREUdJwHLCkQ-U,,Zeta Kauçuk
Mohamed Elfakhfekh,General Manager,Director,7,,11782224,https://www.linkedin.com/in/ACoAAC9QTfkBK9cWpCNWFH9TGyUmK0wueq3B2OA,,General Manager @ ZETABOX | IT Project Management
Ronald Lo,General Manager,Director,3,,,https://www.linkedin.com/in/ACoAAAfRkWoBohSCtkQrPnSDokRPxTuY1HpIXvM,,"General Manager, Roche Diagnostics | Passionate about Transforming Patient Outcomes with IVD & MedTech Innovation"
Anton Gutscher,General Manager,Director,3,,,https://www.linkedin.com/in/ACoAAAq9qwEBW6qPFidaWfd0tsH_11pMJSiwYlo,,General Manager Roche Diagnostics Russia
Matthew Lopez,"Director, SBX Molecular Engineering",Director,0,,9403120,https://www.linkedin.com/in/ACoAAAqgY_UBUC-8-00o1rk6V2TqijBsu5Rp_jY,,"Director, SBX Molecular Engineering Roche Diagnostics Seattle"
Manuel Marques,Head of Operations Site,Director,4,,,https://www.linkedin.com/in/ACoAABDPcFsBSN0jvN0EJsKO_znYWLar3oKZ5gQ,,Directeur Général chez Sartorius Chromatography Equipment S.A.S
Sandra Petersen,Head of Production Quality & Documentation,Director,2,,,https://www.linkedin.com/in/ACoAABGFq0QBgmo3_fRDgfA8V5-vARKY5kT6k5E,,Betriebsassistentin
Martin Koch,Head of Instrument Manufacturing Mannheim,Director,1,,,https://www.linkedin.com/in/ACoAABTK5X8Begv4xZeuAXdV0U3ZQN862OL85F4,,Head of Instrument Manufacturing Mannheim
Thierry Keller,Head of Production Assembly & Packaging,Director,0,,,https://www.linkedin.com/in/ACoAAAtOWT8BUam2G1B84K6_kZ-VSM28cWecieo,,Head of Electrodes & Assembly Operations
Thomas Goates,"Director, Engineering and Maintenance",Director,4,,65437576,https://www.linkedin.com/in/ACoAAAQZIwYB3dUJLL4Kh6o9jCgeF3pnCiUdPpA,,"Director of Engineering, Maintenance and EHS"
Marcel Hunn,Head of Near Patient Care Operations Mannheim & Indianapolis,Director,1,,,https://www.linkedin.com/in/ACoAAAVzeIsBJ7gyuxmO7RAjJH9t093BCy2IOOI,,Head of Diagnostics Operations Penzberg
Dr. Boglea Andrei,Head of Analytical Core - Near Patient Care Operations,Director,0,,,https://www.linkedin.com/in/ACoAAAZkDTIBXtId88BDruXjz0I-_upXsIPypHE,,Head of Analytical Core - Near Patient Care Operations
Badri Narayan Manicka,Director of Engineering,Director,1,,10355561,https://www.linkedin.com/in/ACoAAAMMG8wBVuEqPAXIHXiHGyfm_tHU06TDnEM,,Leading High-Performance AI & Distributed Systems.
Daniel Speck,Director Product Cyber Security Engineering,Director,4,,,https://www.linkedin.com/in/ACoAAAUDWS0BZIyV8tMMKpo3ewVGFHf3c5hNSxk,,Director Product Cyber Security Engineering - Medical Devices and Solutions
Christopher Herse,Director of Operations,Director,1,,27001465,https://www.linkedin.com/in/ACoAAFNZLe4BsQHnO2dq7YHnj0jK8K_oCeCSM1U,,-Sales Team Leader
Erin Swide,Operations Director,Director,1,,27063367,https://www.linkedin.com/in/ACoAAA2HNoEB5WyQzd_5rDoaCGahiy9zDtLpcGY,,Director of Operations
Sandra Gandenberger,Head of Inbound Operations EMEA,Director,1,,,https://www.linkedin.com/in/ACoAACW0G4ABH9f631m10rDb0CMHk4s7H72C4bM,,Mitarbeiterführung aus Leidenschaft!
Atena Haghighattalab,Head of Plant Sciences Core facility,Director,0,,10398667,https://www.linkedin.com/in/ACoAAAlU12gB4Rx5mKp8RioEYhdI4T-vehhFHRs,,Head of Plant Sciences Core Facility @ VBCF | Plant Phenotyping & Digital Agriculture | Research infrastructure | APPN (
Sebastian Beeck,Head of Manufacturing Elecsys Kits & Packaging,Director,4,,,https://www.linkedin.com/in/ACoAAC5EefoB5MnWoBh2ASZi0dP_tbWB7ghRU-U,,Head of Manufacturing Elecsys Kits & Packaging
Scarlett Cai,Director of External Relations,Director,0,,18100204,https://www.linkedin.com/in/ACoAAEClVnQBypbj5G0Y-vERZrwm9cyKdd37Dsc,,Economics and Practice of Art @ UC Berkeley
Ahmed Wasfy (Lean Six Sigma Green Belt),Production section head,Director,3,,10077588,https://www.linkedin.com/in/ACoAABYxUbMB15s_c_Nio-lir9vykH91RI68JqI,,pharmaceutical production expert
Ludger Bodenbach,Head of Manufacturing Technologies,Director,8,,,https://www.linkedin.com/in/ACoAAAO4RSoBoL5gYn-AfS5TJ8_8TWBN516FgMg,,Smart Manufacturing Technologies @ Roche
Prince Amatey,Executive Director,Director,4,,,https://www.linkedin.com/in/ACoAABOgPxABjKDE1AoemYm_8sOwv3l0rC84SDM,,"General Manager, Zeta Technologies"
"Petr Čapek MD, MBA",Managing Director,Director,10,,,https://www.linkedin.com/in/ACoAAAFHDfkBBHOPS-BL8nOcbT7hFv4F1gF-FWE,,"Chairman of the Board, General Manager, Country Manager, Managing Director,"
Wing Lam Wong,General Manager,Director,4,,,https://www.linkedin.com/in/ACoAAAW_0hoBYzWFX5R3YANYXQg1S6BQiquqTVQ,,"General Manager, Roche Diagnostics New Zealand"
Steven Gurtner,Head Manufacturing IT Instruments and Sensor & Cartridge Operations Network,Director,4,,,https://www.linkedin.com/in/ACoAABIHCsABzJZZhqHi_wFdg-cdVs0jp8nBH3w,,Head Manufacturing IT Instruments and Sensor & Cartridge Operations Network
Patricia Ogochi,General Manager Roche Diagnostics Finland,Director,2,,,https://www.linkedin.com/in/ACoAAAL72VEB_uYuvFcvdWu_jhLgLVIq6cSn3D0,,General Manager Roche Diagnostics Finland
Agnieszka Piszczek,Head of Histology Facility,Director,7,,10398667,https://www.linkedin.com/in/ACoAABpN4mwBrzFOyLcO0aO_bNivKwByEaazmSg,,Head of Histology Facility at Vienna BioCenter Core Facilities (VBCF) GmbH
Mohamed Babakri,General Manager,Director,15,,,https://www.linkedin.com/in/ACoAAAXzWrcBXmiUFPJvcfjmTG8oyfCKQopLWkw,,COO - Zeta Al Arabia
Martin Jakob,"Head of Production & QC RDA, Ludwigsburg",Director,1,,,https://www.linkedin.com/in/ACoAABtSJUsB6we2FK3zwcy_v4E6d8RP97Ita_A,,"Head of Production & QC, Roche Diagnostics Automation Solutions GmbH"
Mirco Mengucci,​Informatics Site Head  & Success Lead,Director,3,,,https://www.linkedin.com/in/ACoAADuVyvEBpapATWojt6w9EeLo6TcGg6gA2N0,,Informatics Site Head & Success Lead
Maria Jose Martinez Fores,"Head of Site, Services and SSH&E",Director,1,,90963641,https://www.linkedin.com/in/ACoAAAM7TUYBLYy0uk_ypnXbbeGc6yCVjQb9fmQ,,"Head of Site, Services and SSH&E"
Bastian Dehm,Site Head ITOT Pharma Penzberg,Director,2,,,https://www.linkedin.com/in/ACoAAAMf3MABQykWFV4Qhdd0zQlBDKgWLdqzOpM,,Enabling ITOT Strategy and Digitalization for Pharma Manufacturing
Andreas Pech,Head of Site Services,Director,7,,,https://www.linkedin.com/in/ACoAABhUBoQBGq3nHjxVXclVVXXrg9ZE-LIASlE,,Site Services
Philipp Lindhorst,Director Technology & Operations,Director,2,,36583328,https://www.linkedin.com/in/ACoAACoNFV4BuDMSfaF27dMcub5ZU-YoTHw6g5A,,Director Technology & Operations | Circular Economy Leader | Metal Recycling is our DNA
Tim Niemann,"Head of Facilities, Engineering & SHE",Director,0,,,https://www.linkedin.com/in/ACoAACXiJHcBY1ImfcErSd2xrzoY41LBddi2gw8,,--
Matteo Zoia,Plant General Manager,Director,29,,24603291,https://www.linkedin.com/in/ACoAACgx7xgBw0fviP-pbi3S1pee4YO8Ff5ruCM,,Plant General Manager presso ZETA STAMPI S.R.L.
Nadine Hentz,P&C Enabling Support Network Team Lead for Germany & Executive Asssistant to General Manager RDG,Director,0,,,https://www.linkedin.com/in/ACoAABP9NbkBzqCWwvxNpzHpVtDxgNkW8brW5n0,,People & Culture Enabling Support Network Team Lead for Germany & Executive Assistant to General Manager RDG
Rainer Jaeggi,Head of Systems Engineering & Verification for Point-of-Care Diagnostics (Rotkreuz),Director,2,,,https://www.linkedin.com/in/ACoAABG6WMIB0n1s6sifmPvCWBAOc5G3qMHtyhY,,Improving patient health at the point-of-care | Senior R&D leader of in-vitro diagnostic device development
Richard Yiu,General Manager,Director,7,,,https://www.linkedin.com/in/ACoAAAGE_cUB6UukjGkmc8Axhxz9e9jxgaMcyyw,,General Manager at Roche Diagnostics (Shanghai) Ltd
Nicole Zimmermann,Executive Assistant ​Head of Global Operations,Director,4,,,https://www.linkedin.com/in/ACoAABtwHqQB96QQyCbVgBfRFy2Ag5XbIK7JNzU,,Executive Assistant ​to Head of Global Operations
José Ignacio Briceño,General Manager,Director,33,,,https://www.linkedin.com/in/ACoAAACfD-wBVLjYapQV6NERxdUY1AcrRFoUvIo,,"Owner, General Manager"
Lori Debie,General Manager,Director,8,,65583751,https://www.linkedin.com/in/ACoAABjbHmYB2MHNTQ5_IkJTvhcDHADE9IEvofQ,,Creating beautiful hair for professional women in southern Arizona - Owner/Artistic Stylist - We use & love Keune hair p
Ines Mooslechner,Executive Assistant to General Manager/ Leadership Team and Head of Business Support,Director,8,,,https://www.linkedin.com/in/ACoAACjxb2sBNBKloq6ZqDW6EKiHXQpY9cyVvBE,,Executive Assistant to General Manager/ Leadership Team and Business Support Lead
LUCA ZANAGA,General Manager,Director,0,,,https://www.linkedin.com/in/ACoAACaeOusB5VniFFpNQc1tFIRXD_IXlDZ3nSE,,General Manager presso EMME ZETA impianti
,Director Of Operations,Director,12,,,https://www.linkedin.com/in/ACoAABOKj7UB4_Tfm0qpFAB9k5OhpKyN0r9GX-Q,,Asistentes ESPOL
Manny Jones,General Manager,Director,0,,,https://www.linkedin.com/in/ACoAAEwFF30B0NEbmWB6dd9voeeQedsWOXYMwmk,,--
Beba Popadic,deputy general manager,Director,0,,,https://www.linkedin.com/in/ACoAAAUxMfIB8_w2KLj7rd7WX-_XNXwueAqGdpc,,deputy general manager at zeta system
Sinan Taşdöken,General Manager,Director,10,,11283814,https://www.linkedin.com/in/ACoAAAGxnBoB0gdYYTqo0agKUZReCaH2JA3YjE0,,General Manager @ Zeta Defense
Vivian Ainslie,General Manager,Director,0,,,https://www.linkedin.com/in/ACoAAAESG5QBuZCcy3mcN4exA-YZiIQaItqFAPA,,General Manager | Marketing Strategic Partnerships & Digital Platforms
Lic. Alejandro Toxqui,General Manager,Director,20,,51658370,https://www.linkedin.com/in/ACoAAAmYcYwByZaHgzMrfAX9B1nBPkdqHsCXGYQ,,Lider
Sabine De Rocker,GENERAL MANAGER,Director,22,,,https://www.linkedin.com/in/ACoAAAlns-QBCpg1miV4lJN6DAbspPT-y6fDeaE,,--
Issa Guerra,Head of Production,Director,1,,18738003,https://www.linkedin.com/in/ACoAAAbd3ncBO5YnL09AGLo1zpXHNIvIK3UnRXs,,Film & Tv Producer
José Luis León,General Manager,Director,1,,81658404,https://www.linkedin.com/in/ACoAAAmp5iwBMvcodjp3BEZllXp7nqCDzwFiNR4,,Business Unit Head | Sales & Marketing | Commercial lead | Disruptive & Innovation | Pharmaceutical Industry
sertac ozgencay,General Manager,Director,26,,,https://www.linkedin.com/in/ACoAAAOHgWsBNmWNY4K9Qmqdn_irxo6mGwOifPs,,OWNER ZETA KIMYA
Danijela Vuksanovic,General Manager,Director,3,,,https://www.linkedin.com/in/ACoAAAoE1m8BRe35BJGym1Vpe_Vi-E6c4gMfwNY,,General Manager
Mathias Egermark,General Manager,Director,2,,33231680,https://www.linkedin.com/in/ACoAAABrfvEBTVEjtj1SygjhwW9T_A9WkyDq1HM,,"General Manager, Roche Diagnostics Sweden"
Andreas Sommer,Head of Next Generation Sequencing Facility,Director,15,,10398667,https://www.linkedin.com/in/ACoAAAHL2uYBm3S9n8i9JJtRJM6cVCmVrP93Lag,,Head of VBCF Next Generation Sequencing Facility
Claudia Fleischer,General Manager Roche Diagnostics GmbH,Director,3,,,https://www.linkedin.com/in/ACoAABcAtW8BtIq4-UaRlT0QHIDrm5xbCIoYqC8,,General Manager Roche Diagnostics GmbH
Andreas Hahn,General Manager,Director,19,,1909222,https://www.linkedin.com/in/ACoAAAIgxoEBeJGmxEUlqCwodg7MVDptJ8w6wBo,,"Owner, ZetA Partikelanalytik"
izzet onur,General Manager,Director,12,,5234111,https://www.linkedin.com/in/ACoAAAonV7QBtv3iA4jnedW5MIm-OVsFk9YfDqg,,insaat muhendisi
Nadeem Ayaz,General Manager,Director,0,,,https://www.linkedin.com/in/ACoAABLlnwQBIAdrWS_GPKgS1UR7Bl8Y4wzkJSA,,"GM Monkey Town, A Family Entertainment Zone"
Paul Wiggermann,Site Head Penzberg,Director,3,,,https://www.linkedin.com/in/ACoAAAAUDqAB0TqNqRy7iwLGndCVrMAgoxmHGXc,,Site Head Penzberg
Anika De Beer,Sr Director for Operations and Site Lead Roche Diagnostics Cape Town,Director,4,,,https://www.linkedin.com/in/ACoAAEf16T8B83xxnCuW-mYYV9mPkYsLFCZQPhI,,--
Ergün Utku,General Manager,Director,21,,,https://www.linkedin.com/in/ACoAAAVORK8B9WWsbu1xQImxQUynrLBfWzwkdLQ,,Zeta Yayıncılık ve Ajans Hizmetleri
,Head of Strategy & Business Operations | Site & Services Roche in Rotkreuz,Director,0,,,https://www.linkedin.com/in/ACoAABbBx2QBM93qOBFDixF5mIbu0Qr_6ia_-3Y,,Head of Strategy & Business Operations
Cemal Genç,General Manager,Director,14,,,https://www.linkedin.com/in/ACoAACImSs8BVPp4RFt2SeLbHSZN8znqH8yiFMc,,Zeta Otomasyon şirketinde General Manager
Jean Noel Andereggen,Head Quality Control Launch Plant & HAPI,Director,15,,1084703,https://www.linkedin.com/in/ACoAABu1yiABDhWBkyG_2wLV0-uMn6UxJlHEWS0,,Head of Quality Control
Thomas Zeiter Visp,Head of Plant Engineering Microbial,Director,7,,,https://www.linkedin.com/in/ACoAABLJXm8BGJzUMBqwg9ixrrndXGMEZTisSQQ,,Head of Plant Engineering Microbial
Michael Imseng,"Senior Director Head of Electrical, Instrumentation & Control, Lonza Site Visp",Director,0,,,https://www.linkedin.com/in/ACoAAAUKoU8BcN9oRuNmWQeKr9fAV1feI0GQjQU,,"Head of Electrical, Instrumentation & Control Engineering Team"
Timo Kropp,IT Business Partner Manufacturing Sites,Owner / Partner,0,,7442561,https://www.linkedin.com/in/ACoAAArk9OwBpKF2bXm0_TSVgw2m0MPDJFtFzBU,,Global Information & Digital Technology – Digital Operations
Jelenko Dragisic,"Founder, Director - Strategy | Operations | Partnership",Owner / Partner,12,,,https://www.linkedin.com/in/ACoAABlTttsBHVhYPRCkPg8VxTy0g6sjoEE9mcI,,"Business Executive, Collaboration and Resilience Specialist, Entrepreneur, Publisher, Speaker and Author"
Margot SILBER,HR Business Partner Production,Owner / Partner,3,,9132471,https://www.linkedin.com/in/ACoAACN7JxABSH1lE__w3Gs9XIpTHApF6wemcC4,,HR Business Partner
Jason T. Cameron,Senior Partner & Director of Operations,Owner / Partner,10,,7962205,https://www.linkedin.com/in/ACoAAAdgEmkBa5FMYXHHDiWQEG022zeo6Ookrew,,"✔ Disaster, Crisis & Event Management Expert ✔ Business Continuity & Resilience Specialist ✔Security & Risk Advisor."
Uwe Ruehl,Owner Resilience Operations Center GmbH,Owner / Partner,4,,12618497,https://www.linkedin.com/in/ACoAAALKAzcBZb-ubHl7mv90EiyolDSxmSNF5cU,,🔥I fight business fires!🔥#surviveANDprosper
Mohammed TAHARAST,Founder & General Manager,Owner / Partner,0,,,https://www.linkedin.com/in/ACoAAAo-tS4BV7osofAU4t6SnbjXnzo4EaPRrqQ,,Business Developer
Reto Buholzer,Business Partner Generic im Team Business Partnering Real Estate & Facility Management,Owner / Partner,0,,,https://www.linkedin.com/in/ACoAABQwBGEB5lM4NlRE0OiHcQ1-kLN-VjjIbu8,,Business Partner Generic / Vizepräsident Roche Pensionskasse
Valerio Zorloni,Owner | Head of production,Owner / Partner,5,,,https://www.linkedin.com/in/ACoAABp_XT4BqFIULlbdZfOYC8kTnMUBMmlkk4I,,Owner | Head of production presso ZETA eventi | food & production
Paul Gauthier,Life Sciences Advisor - CMC | Manufacturing Operations | Supply Chain |  General Management Advisory,Entry Level,3,,,https://www.linkedin.com/in/ACoAAAC1mIkB_0b4ygLxfUeXdolZVltPQGFMhfs,,"General Management Executive | Turnarounds, P&L Leadership & Enterprise Transformation in Biopharma and Radiopharmaceuti"
Thomas Lettenbichler,External Lecturer for Plant and Process Technology,Entry Level,4,,628151,https://www.linkedin.com/in/ACoAACNrBUwBpY7W62oQUfqJK1_Xt4-bO_ARhB0,,Director Operations
Richard Ohlemacher-Lonetti,Senior Manager Quality Operations,Experienced Manager,3,,3028171,https://www.linkedin.com/in/ACoAAAJPtZMB09Naj03-BS-uB5UGpDjY5U1jIbs,,"Associate Director, Quality Operations"
Macarena Miranda Yáñez,Engineering Consultant,Entry Level,4,,,https://www.linkedin.com/in/ACoAAB9XY_ABJ9U8nJAeCGx_xUUaMrMqji0WuQ8,,R&D Engineering | Technical Analysis | Project Evaluation
Lela McDonnell,"Manager, Supply Chain Operations and Customer Care",Entry Level Manager,3,,,https://www.linkedin.com/in/ACoAAAOWMLQBsMEQRxa6IJZFby2wfsucJ9FR8WE,,Supply Chain Manager
Tara Calambakkam,Productions Team Member,Entry Level,1,,28129107,https://www.linkedin.com/in/ACoAADZwhpABy8OyADB-sOezwxJnH1CP_H5TsrM,,Marketing @ Florida State University
